Data_file_name,Column_name,Shapefile,Unit_count,Subject_population,Year,Measure,Variable1,Variable1_category,Field_name_alias
2023 Census totals by topic for individuals by statistical area 1 (SA1) - part 2,SA12023_V1_00,SA12023_V1,,,,,Usual residence - Statistical area 1,Code,Statistical area 1 (SA1) 2023 code
2023 Census totals by topic for individuals by statistical area 1 (SA1) - part 2,LANDWATER,LANDWATER,,,,,Usual residence - Statistical area 1,Code,Landwater name
2023 Census totals by topic for individuals by statistical area 1 (SA1) - part 2,LANDWATER_NAME,LANDWATER_,,,,,Usual residence - Statistical area 1,Name,Landwater code
2023 Census totals by topic for individuals by statistical area 1 (SA1) - part 2,VAR_2_1,VAR_2_1,Individual,Census usually resident population count aged 15 years and over,2013,Count,Individual home ownership,Hold in a family trust,"Subject pop: Census usually resident population count aged 15 years and over, Year: 2013, Measure: Count, Var1: Individual home ownership (Hold in a family trust)"
2023 Census totals by topic for individuals by statistical area 1 (SA1) - part 2,VAR_2_2,VAR_2_2,Individual,Census usually resident population count aged 15 years and over,2013,Count,Individual home ownership,Own or partly own,"Subject pop: Census usually resident population count aged 15 years and over, Year: 2013, Measure: Count, Var1: Individual home ownership (Own or partly own)"
2023 Census totals by topic for individuals by statistical area 1 (SA1) - part 2,VAR_2_3,VAR_2_3,Individual,Census usually resident population count aged 15 years and over,2013,Count,Individual home ownership,Do not own and do not hold in a family trust,"Subject pop: Census usually resident population count aged 15 years and over, Year: 2013, Measure: Count, Var1: Individual home ownership (Do not own and do not hold in a family trust)"
2023 Census totals by topic for individuals by statistical area 1 (SA1) - part 2,VAR_2_4,VAR_2_4,Individual,Census usually resident population count aged 15 years and over,2013,Count,Individual home ownership,Not elsewhere included,"Subject pop: Census usually resident population count aged 15 years and over, Year: 2013, Measure: Count, Var1: Individual home ownership (Not elsewhere included)"
2023 Census totals by topic for individuals by statistical area 1 (SA1) - part 2,VAR_2_5,VAR_2_5,Individual,Census usually resident population count aged 15 years and over,2013,Count,Individual home ownership,Total,"Subject pop: Census usually resident population count aged 15 years and over, Year: 2013, Measure: Count, Var1: Individual home ownership (Total)"
2023 Census totals by topic for individuals by statistical area 1 (SA1) - part 2,VAR_2_6,VAR_2_6,Individual,Census usually resident population count aged 15 years and over,2013,Count,Individual home ownership,Total stated,"Subject pop: Census usually resident population count aged 15 years and over, Year: 2013, Measure: Count, Var1: Individual home ownership (Total stated)"
2023 Census totals by topic for individuals by statistical area 1 (SA1) - part 2,VAR_2_7,VAR_2_7,Individual,Census usually resident population count aged 15 years and over,2018,Count,Individual home ownership,Hold in a family trust,"Subject pop: Census usually resident population count aged 15 years and over, Year: 2018, Measure: Count, Var1: Individual home ownership (Hold in a family trust)"
2023 Census totals by topic for individuals by statistical area 1 (SA1) - part 2,VAR_2_8,VAR_2_8,Individual,Census usually resident population count aged 15 years and over,2018,Count,Individual home ownership,Own or partly own,"Subject pop: Census usually resident population count aged 15 years and over, Year: 2018, Measure: Count, Var1: Individual home ownership (Own or partly own)"
2023 Census totals by topic for individuals by statistical area 1 (SA1) - part 2,VAR_2_9,VAR_2_9,Individual,Census usually resident population count aged 15 years and over,2018,Count,Individual home ownership,Do not own and do not hold in a family trust,"Subject pop: Census usually resident population count aged 15 years and over, Year: 2018, Measure: Count, Var1: Individual home ownership (Do not own and do not hold in a family trust)"
2023 Census totals by topic for individuals by statistical area 1 (SA1) - part 2,VAR_2_10,VAR_2_10,Individual,Census usually resident population count aged 15 years and over,2018,Count,Individual home ownership,Not elsewhere included,"Subject pop: Census usually resident population count aged 15 years and over, Year: 2018, Measure: Count, Var1: Individual home ownership (Not elsewhere included)"
2023 Census totals by topic for individuals by statistical area 1 (SA1) - part 2,VAR_2_11,VAR_2_11,Individual,Census usually resident population count aged 15 years and over,2018,Count,Individual home ownership,Total,"Subject pop: Census usually resident population count aged 15 years and over, Year: 2018, Measure: Count, Var1: Individual home ownership (Total)"
2023 Census totals by topic for individuals by statistical area 1 (SA1) - part 2,VAR_2_12,VAR_2_12,Individual,Census usually resident population count aged 15 years and over,2018,Count,Individual home ownership,Total stated,"Subject pop: Census usually resident population count aged 15 years and over, Year: 2018, Measure: Count, Var1: Individual home ownership (Total stated)"
2023 Census totals by topic for individuals by statistical area 1 (SA1) - part 2,VAR_2_13,VAR_2_13,Individual,Census usually resident population count aged 15 years and over,2023,Count,Individual home ownership,Hold in a family trust,"Subject pop: Census usually resident population count aged 15 years and over, Year: 2023, Measure: Count, Var1: Individual home ownership (Hold in a family trust)"
2023 Census totals by topic for individuals by statistical area 1 (SA1) - part 2,VAR_2_14,VAR_2_14,Individual,Census usually resident population count aged 15 years and over,2023,Count,Individual home ownership,Own or partly own,"Subject pop: Census usually resident population count aged 15 years and over, Year: 2023, Measure: Count, Var1: Individual home ownership (Own or partly own)"
2023 Census totals by topic for individuals by statistical area 1 (SA1) - part 2,VAR_2_15,VAR_2_15,Individual,Census usually resident population count aged 15 years and over,2023,Count,Individual home ownership,Do not own and do not hold in a family trust,"Subject pop: Census usually resident population count aged 15 years and over, Year: 2023, Measure: Count, Var1: Individual home ownership (Do not own and do not hold in a family trust)"
2023 Census totals by topic for individuals by statistical area 1 (SA1) - part 2,VAR_2_16,VAR_2_16,Individual,Census usually resident population count aged 15 years and over,2023,Count,Individual home ownership,Not elsewhere included,"Subject pop: Census usually resident population count aged 15 years and over, Year: 2023, Measure: Count, Var1: Individual home ownership (Not elsewhere included)"
2023 Census totals by topic for individuals by statistical area 1 (SA1) - part 2,VAR_2_17,VAR_2_17,Individual,Census usually resident population count aged 15 years and over,2023,Count,Individual home ownership,Total,"Subject pop: Census usually resident population count aged 15 years and over, Year: 2023, Measure: Count, Var1: Individual home ownership (Total)"
2023 Census totals by topic for individuals by statistical area 1 (SA1) - part 2,VAR_2_18,VAR_2_18,Individual,Census usually resident population count aged 15 years and over,2023,Count,Individual home ownership,Total stated,"Subject pop: Census usually resident population count aged 15 years and over, Year: 2023, Measure: Count, Var1: Individual home ownership (Total stated)"
2023 Census totals by topic for individuals by statistical area 1 (SA1) - part 2,VAR_2_19,VAR_2_19,Individual,Census usually resident population count,2018,Count,Usual residence 1 year ago indicator,Same as usual residence,"Subject pop: Census usually resident population count, Year: 2018, Measure: Count, Var1: Usual residence 1 year ago indicator (Same as usual residence)"
2023 Census totals by topic for individuals by statistical area 1 (SA1) - part 2,VAR_2_20,VAR_2_20,Individual,Census usually resident population count,2018,Count,Usual residence 1 year ago indicator,Elsewhere in New Zealand,"Subject pop: Census usually resident population count, Year: 2018, Measure: Count, Var1: Usual residence 1 year ago indicator (Elsewhere in New Zealand)"
2023 Census totals by topic for individuals by statistical area 1 (SA1) - part 2,VAR_2_21,VAR_2_21,Individual,Census usually resident population count,2018,Count,Usual residence 1 year ago indicator,Not born one year ago,"Subject pop: Census usually resident population count, Year: 2018, Measure: Count, Var1: Usual residence 1 year ago indicator (Not born one year ago)"
2023 Census totals by topic for individuals by statistical area 1 (SA1) - part 2,VAR_2_22,VAR_2_22,Individual,Census usually resident population count,2018,Count,Usual residence 1 year ago indicator,Overseas,"Subject pop: Census usually resident population count, Year: 2018, Measure: Count, Var1: Usual residence 1 year ago indicator (Overseas)"
2023 Census totals by topic for individuals by statistical area 1 (SA1) - part 2,VAR_2_23,VAR_2_23,Individual,Census usually resident population count,2018,Count,Usual residence 1 year ago indicator,No fixed abode one year ago,"Subject pop: Census usually resident population count, Year: 2018, Measure: Count, Var1: Usual residence 1 year ago indicator (No fixed abode one year ago)"
2023 Census totals by topic for individuals by statistical area 1 (SA1) - part 2,VAR_2_24,VAR_2_24,Individual,Census usually resident population count,2018,Count,Usual residence 1 year ago indicator,Response unidentifiable,"Subject pop: Census usually resident population count, Year: 2018, Measure: Count, Var1: Usual residence 1 year ago indicator (Response unidentifiable)"
2023 Census totals by topic for individuals by statistical area 1 (SA1) - part 2,VAR_2_25,VAR_2_25,Individual,Census usually resident population count,2018,Count,Usual residence 1 year ago indicator,New Zealand not further defined,"Subject pop: Census usually resident population count, Year: 2018, Measure: Count, Var1: Usual residence 1 year ago indicator (New Zealand not further defined)"
2023 Census totals by topic for individuals by statistical area 1 (SA1) - part 2,VAR_2_26,VAR_2_26,Individual,Census usually resident population count,2018,Count,Usual residence 1 year ago indicator,Not stated,"Subject pop: Census usually resident population count, Year: 2018, Measure: Count, Var1: Usual residence 1 year ago indicator (Not stated)"
2023 Census totals by topic for individuals by statistical area 1 (SA1) - part 2,VAR_2_27,VAR_2_27,Individual,Census usually resident population count,2018,Count,Usual residence 1 year ago indicator,Total,"Subject pop: Census usually resident population count, Year: 2018, Measure: Count, Var1: Usual residence 1 year ago indicator (Total)"
2023 Census totals by topic for individuals by statistical area 1 (SA1) - part 2,VAR_2_28,VAR_2_28,Individual,Census usually resident population count,2018,Count,Usual residence 1 year ago indicator,Total stated,"Subject pop: Census usually resident population count, Year: 2018, Measure: Count, Var1: Usual residence 1 year ago indicator (Total stated)"
2023 Census totals by topic for individuals by statistical area 1 (SA1) - part 2,VAR_2_29,VAR_2_29,Individual,Census usually resident population count,2023,Count,Usual residence 1 year ago indicator,Same as usual residence,"Subject pop: Census usually resident population count, Year: 2023, Measure: Count, Var1: Usual residence 1 year ago indicator (Same as usual residence)"
2023 Census totals by topic for individuals by statistical area 1 (SA1) - part 2,VAR_2_30,VAR_2_30,Individual,Census usually resident population count,2023,Count,Usual residence 1 year ago indicator,Elsewhere in New Zealand,"Subject pop: Census usually resident population count, Year: 2023, Measure: Count, Var1: Usual residence 1 year ago indicator (Elsewhere in New Zealand)"
2023 Census totals by topic for individuals by statistical area 1 (SA1) - part 2,VAR_2_31,VAR_2_31,Individual,Census usually resident population count,2023,Count,Usual residence 1 year ago indicator,Not born one year ago,"Subject pop: Census usually resident population count, Year: 2023, Measure: Count, Var1: Usual residence 1 year ago indicator (Not born one year ago)"
2023 Census totals by topic for individuals by statistical area 1 (SA1) - part 2,VAR_2_32,VAR_2_32,Individual,Census usually resident population count,2023,Count,Usual residence 1 year ago indicator,Overseas,"Subject pop: Census usually resident population count, Year: 2023, Measure: Count, Var1: Usual residence 1 year ago indicator (Overseas)"
2023 Census totals by topic for individuals by statistical area 1 (SA1) - part 2,VAR_2_33,VAR_2_33,Individual,Census usually resident population count,2023,Count,Usual residence 1 year ago indicator,No fixed abode one year ago,"Subject pop: Census usually resident population count, Year: 2023, Measure: Count, Var1: Usual residence 1 year ago indicator (No fixed abode one year ago)"
2023 Census totals by topic for individuals by statistical area 1 (SA1) - part 2,VAR_2_34,VAR_2_34,Individual,Census usually resident population count,2023,Count,Usual residence 1 year ago indicator,Response unidentifiable,"Subject pop: Census usually resident population count, Year: 2023, Measure: Count, Var1: Usual residence 1 year ago indicator (Response unidentifiable)"
2023 Census totals by topic for individuals by statistical area 1 (SA1) - part 2,VAR_2_35,VAR_2_35,Individual,Census usually resident population count,2023,Count,Usual residence 1 year ago indicator,New Zealand not further defined,"Subject pop: Census usually resident population count, Year: 2023, Measure: Count, Var1: Usual residence 1 year ago indicator (New Zealand not further defined)"
2023 Census totals by topic for individuals by statistical area 1 (SA1) - part 2,VAR_2_36,VAR_2_36,Individual,Census usually resident population count,2023,Count,Usual residence 1 year ago indicator,Not stated,"Subject pop: Census usually resident population count, Year: 2023, Measure: Count, Var1: Usual residence 1 year ago indicator (Not stated)"
2023 Census totals by topic for individuals by statistical area 1 (SA1) - part 2,VAR_2_37,VAR_2_37,Individual,Census usually resident population count,2023,Count,Usual residence 1 year ago indicator,Total,"Subject pop: Census usually resident population count, Year: 2023, Measure: Count, Var1: Usual residence 1 year ago indicator (Total)"
2023 Census totals by topic for individuals by statistical area 1 (SA1) - part 2,VAR_2_38,VAR_2_38,Individual,Census usually resident population count,2023,Count,Usual residence 1 year ago indicator,Total stated,"Subject pop: Census usually resident population count, Year: 2023, Measure: Count, Var1: Usual residence 1 year ago indicator (Total stated)"
2023 Census totals by topic for individuals by statistical area 1 (SA1) - part 2,VAR_2_39,VAR_2_39,Individual,Census usually resident population count,2013,Count,Usual residence 5 years ago indicator,Same as usual residence,"Subject pop: Census usually resident population count, Year: 2013, Measure: Count, Var1: Usual residence 5 years ago indicator (Same as usual residence)"
2023 Census totals by topic for individuals by statistical area 1 (SA1) - part 2,VAR_2_40,VAR_2_40,Individual,Census usually resident population count,2013,Count,Usual residence 5 years ago indicator,Elsewhere in New Zealand,"Subject pop: Census usually resident population count, Year: 2013, Measure: Count, Var1: Usual residence 5 years ago indicator (Elsewhere in New Zealand)"
2023 Census totals by topic for individuals by statistical area 1 (SA1) - part 2,VAR_2_41,VAR_2_41,Individual,Census usually resident population count,2013,Count,Usual residence 5 years ago indicator,Not born five years ago,"Subject pop: Census usually resident population count, Year: 2013, Measure: Count, Var1: Usual residence 5 years ago indicator (Not born five years ago)"
2023 Census totals by topic for individuals by statistical area 1 (SA1) - part 2,VAR_2_42,VAR_2_42,Individual,Census usually resident population count,2013,Count,Usual residence 5 years ago indicator,Overseas,"Subject pop: Census usually resident population count, Year: 2013, Measure: Count, Var1: Usual residence 5 years ago indicator (Overseas)"
2023 Census totals by topic for individuals by statistical area 1 (SA1) - part 2,VAR_2_43,VAR_2_43,Individual,Census usually resident population count,2013,Count,Usual residence 5 years ago indicator,No fixed abode five years ago,"Subject pop: Census usually resident population count, Year: 2013, Measure: Count, Var1: Usual residence 5 years ago indicator (No fixed abode five years ago)"
2023 Census totals by topic for individuals by statistical area 1 (SA1) - part 2,VAR_2_44,VAR_2_44,Individual,Census usually resident population count,2013,Count,Usual residence 5 years ago indicator,Response unidentifiable,"Subject pop: Census usually resident population count, Year: 2013, Measure: Count, Var1: Usual residence 5 years ago indicator (Response unidentifiable)"
2023 Census totals by topic for individuals by statistical area 1 (SA1) - part 2,VAR_2_45,VAR_2_45,Individual,Census usually resident population count,2013,Count,Usual residence 5 years ago indicator,Unable to match to admin data,"Subject pop: Census usually resident population count, Year: 2013, Measure: Count, Var1: Usual residence 5 years ago indicator (Unable to match to admin data)"
2023 Census totals by topic for individuals by statistical area 1 (SA1) - part 2,VAR_2_46,VAR_2_46,Individual,Census usually resident population count,2013,Count,Usual residence 5 years ago indicator,New Zealand not further defined,"Subject pop: Census usually resident population count, Year: 2013, Measure: Count, Var1: Usual residence 5 years ago indicator (New Zealand not further defined)"
2023 Census totals by topic for individuals by statistical area 1 (SA1) - part 2,VAR_2_47,VAR_2_47,Individual,Census usually resident population count,2013,Count,Usual residence 5 years ago indicator,Not stated,"Subject pop: Census usually resident population count, Year: 2013, Measure: Count, Var1: Usual residence 5 years ago indicator (Not stated)"
2023 Census totals by topic for individuals by statistical area 1 (SA1) - part 2,VAR_2_48,VAR_2_48,Individual,Census usually resident population count,2013,Count,Usual residence 5 years ago indicator,Total,"Subject pop: Census usually resident population count, Year: 2013, Measure: Count, Var1: Usual residence 5 years ago indicator (Total)"
2023 Census totals by topic for individuals by statistical area 1 (SA1) - part 2,VAR_2_49,VAR_2_49,Individual,Census usually resident population count,2013,Count,Usual residence 5 years ago indicator,Total stated,"Subject pop: Census usually resident population count, Year: 2013, Measure: Count, Var1: Usual residence 5 years ago indicator (Total stated)"
2023 Census totals by topic for individuals by statistical area 1 (SA1) - part 2,VAR_2_50,VAR_2_50,Individual,Census usually resident population count,2018,Count,Usual residence 5 years ago indicator,Same as usual residence,"Subject pop: Census usually resident population count, Year: 2018, Measure: Count, Var1: Usual residence 5 years ago indicator (Same as usual residence)"
2023 Census totals by topic for individuals by statistical area 1 (SA1) - part 2,VAR_2_51,VAR_2_51,Individual,Census usually resident population count,2018,Count,Usual residence 5 years ago indicator,Elsewhere in New Zealand,"Subject pop: Census usually resident population count, Year: 2018, Measure: Count, Var1: Usual residence 5 years ago indicator (Elsewhere in New Zealand)"
2023 Census totals by topic for individuals by statistical area 1 (SA1) - part 2,VAR_2_52,VAR_2_52,Individual,Census usually resident population count,2018,Count,Usual residence 5 years ago indicator,Not born five years ago,"Subject pop: Census usually resident population count, Year: 2018, Measure: Count, Var1: Usual residence 5 years ago indicator (Not born five years ago)"
2023 Census totals by topic for individuals by statistical area 1 (SA1) - part 2,VAR_2_53,VAR_2_53,Individual,Census usually resident population count,2018,Count,Usual residence 5 years ago indicator,Overseas,"Subject pop: Census usually resident population count, Year: 2018, Measure: Count, Var1: Usual residence 5 years ago indicator (Overseas)"
2023 Census totals by topic for individuals by statistical area 1 (SA1) - part 2,VAR_2_54,VAR_2_54,Individual,Census usually resident population count,2018,Count,Usual residence 5 years ago indicator,No fixed abode five years ago,"Subject pop: Census usually resident population count, Year: 2018, Measure: Count, Var1: Usual residence 5 years ago indicator (No fixed abode five years ago)"
2023 Census totals by topic for individuals by statistical area 1 (SA1) - part 2,VAR_2_55,VAR_2_55,Individual,Census usually resident population count,2018,Count,Usual residence 5 years ago indicator,Response unidentifiable,"Subject pop: Census usually resident population count, Year: 2018, Measure: Count, Var1: Usual residence 5 years ago indicator (Response unidentifiable)"
2023 Census totals by topic for individuals by statistical area 1 (SA1) - part 2,VAR_2_56,VAR_2_56,Individual,Census usually resident population count,2018,Count,Usual residence 5 years ago indicator,Unable to match to admin data,"Subject pop: Census usually resident population count, Year: 2018, Measure: Count, Var1: Usual residence 5 years ago indicator (Unable to match to admin data)"
2023 Census totals by topic for individuals by statistical area 1 (SA1) - part 2,VAR_2_57,VAR_2_57,Individual,Census usually resident population count,2018,Count,Usual residence 5 years ago indicator,New Zealand not further defined,"Subject pop: Census usually resident population count, Year: 2018, Measure: Count, Var1: Usual residence 5 years ago indicator (New Zealand not further defined)"
2023 Census totals by topic for individuals by statistical area 1 (SA1) - part 2,VAR_2_58,VAR_2_58,Individual,Census usually resident population count,2018,Count,Usual residence 5 years ago indicator,Not stated,"Subject pop: Census usually resident population count, Year: 2018, Measure: Count, Var1: Usual residence 5 years ago indicator (Not stated)"
2023 Census totals by topic for individuals by statistical area 1 (SA1) - part 2,VAR_2_59,VAR_2_59,Individual,Census usually resident population count,2018,Count,Usual residence 5 years ago indicator,Total,"Subject pop: Census usually resident population count, Year: 2018, Measure: Count, Var1: Usual residence 5 years ago indicator (Total)"
2023 Census totals by topic for individuals by statistical area 1 (SA1) - part 2,VAR_2_60,VAR_2_60,Individual,Census usually resident population count,2018,Count,Usual residence 5 years ago indicator,Total stated,"Subject pop: Census usually resident population count, Year: 2018, Measure: Count, Var1: Usual residence 5 years ago indicator (Total stated)"
2023 Census totals by topic for individuals by statistical area 1 (SA1) - part 2,VAR_2_61,VAR_2_61,Individual,Census usually resident population count,2023,Count,Usual residence 5 years ago indicator,Same as usual residence,"Subject pop: Census usually resident population count, Year: 2023, Measure: Count, Var1: Usual residence 5 years ago indicator (Same as usual residence)"
2023 Census totals by topic for individuals by statistical area 1 (SA1) - part 2,VAR_2_62,VAR_2_62,Individual,Census usually resident population count,2023,Count,Usual residence 5 years ago indicator,Elsewhere in New Zealand,"Subject pop: Census usually resident population count, Year: 2023, Measure: Count, Var1: Usual residence 5 years ago indicator (Elsewhere in New Zealand)"
2023 Census totals by topic for individuals by statistical area 1 (SA1) - part 2,VAR_2_63,VAR_2_63,Individual,Census usually resident population count,2023,Count,Usual residence 5 years ago indicator,Not born five years ago,"Subject pop: Census usually resident population count, Year: 2023, Measure: Count, Var1: Usual residence 5 years ago indicator (Not born five years ago)"
2023 Census totals by topic for individuals by statistical area 1 (SA1) - part 2,VAR_2_64,VAR_2_64,Individual,Census usually resident population count,2023,Count,Usual residence 5 years ago indicator,Overseas,"Subject pop: Census usually resident population count, Year: 2023, Measure: Count, Var1: Usual residence 5 years ago indicator (Overseas)"
2023 Census totals by topic for individuals by statistical area 1 (SA1) - part 2,VAR_2_65,VAR_2_65,Individual,Census usually resident population count,2023,Count,Usual residence 5 years ago indicator,No fixed abode five years ago,"Subject pop: Census usually resident population count, Year: 2023, Measure: Count, Var1: Usual residence 5 years ago indicator (No fixed abode five years ago)"
2023 Census totals by topic for individuals by statistical area 1 (SA1) - part 2,VAR_2_66,VAR_2_66,Individual,Census usually resident population count,2023,Count,Usual residence 5 years ago indicator,Response unidentifiable,"Subject pop: Census usually resident population count, Year: 2023, Measure: Count, Var1: Usual residence 5 years ago indicator (Response unidentifiable)"
2023 Census totals by topic for individuals by statistical area 1 (SA1) - part 2,VAR_2_67,VAR_2_67,Individual,Census usually resident population count,2023,Count,Usual residence 5 years ago indicator,Unable to match to admin data,"Subject pop: Census usually resident population count, Year: 2023, Measure: Count, Var1: Usual residence 5 years ago indicator (Unable to match to admin data)"
2023 Census totals by topic for individuals by statistical area 1 (SA1) - part 2,VAR_2_68,VAR_2_68,Individual,Census usually resident population count,2023,Count,Usual residence 5 years ago indicator,New Zealand not further defined,"Subject pop: Census usually resident population count, Year: 2023, Measure: Count, Var1: Usual residence 5 years ago indicator (New Zealand not further defined)"
2023 Census totals by topic for individuals by statistical area 1 (SA1) - part 2,VAR_2_69,VAR_2_69,Individual,Census usually resident population count,2023,Count,Usual residence 5 years ago indicator,Not stated,"Subject pop: Census usually resident population count, Year: 2023, Measure: Count, Var1: Usual residence 5 years ago indicator (Not stated)"
2023 Census totals by topic for individuals by statistical area 1 (SA1) - part 2,VAR_2_70,VAR_2_70,Individual,Census usually resident population count,2023,Count,Usual residence 5 years ago indicator,Total,"Subject pop: Census usually resident population count, Year: 2023, Measure: Count, Var1: Usual residence 5 years ago indicator (Total)"
2023 Census totals by topic for individuals by statistical area 1 (SA1) - part 2,VAR_2_71,VAR_2_71,Individual,Census usually resident population count,2023,Count,Usual residence 5 years ago indicator,Total stated,"Subject pop: Census usually resident population count, Year: 2023, Measure: Count, Var1: Usual residence 5 years ago indicator (Total stated)"
2023 Census totals by topic for individuals by statistical area 1 (SA1) - part 2,VAR_2_72,VAR_2_72,Individual,Census usually resident population count,2013,Count,Years at usual residence,0 years,"Subject pop: Census usually resident population count, Year: 2013, Measure: Count, Var1: Years at usual residence (0 years)"
2023 Census totals by topic for individuals by statistical area 1 (SA1) - part 2,VAR_2_73,VAR_2_73,Individual,Census usually resident population count,2013,Count,Years at usual residence,1-4 years,"Subject pop: Census usually resident population count, Year: 2013, Measure: Count, Var1: Years at usual residence (1-4 years)"
2023 Census totals by topic for individuals by statistical area 1 (SA1) - part 2,VAR_2_74,VAR_2_74,Individual,Census usually resident population count,2013,Count,Years at usual residence,5-9 years,"Subject pop: Census usually resident population count, Year: 2013, Measure: Count, Var1: Years at usual residence (5-9 years)"
2023 Census totals by topic for individuals by statistical area 1 (SA1) - part 2,VAR_2_75,VAR_2_75,Individual,Census usually resident population count,2013,Count,Years at usual residence,10-14 years,"Subject pop: Census usually resident population count, Year: 2013, Measure: Count, Var1: Years at usual residence (10-14 years)"
2023 Census totals by topic for individuals by statistical area 1 (SA1) - part 2,VAR_2_76,VAR_2_76,Individual,Census usually resident population count,2013,Count,Years at usual residence,15-29 years,"Subject pop: Census usually resident population count, Year: 2013, Measure: Count, Var1: Years at usual residence (15-29 years)"
2023 Census totals by topic for individuals by statistical area 1 (SA1) - part 2,VAR_2_77,VAR_2_77,Individual,Census usually resident population count,2013,Count,Years at usual residence,30 years or more,"Subject pop: Census usually resident population count, Year: 2013, Measure: Count, Var1: Years at usual residence (30 years or more)"
2023 Census totals by topic for individuals by statistical area 1 (SA1) - part 2,VAR_2_78,VAR_2_78,Individual,Census usually resident population count,2013,Count,Years at usual residence,Not elsewhere included,"Subject pop: Census usually resident population count, Year: 2013, Measure: Count, Var1: Years at usual residence (Not elsewhere included)"
2023 Census totals by topic for individuals by statistical area 1 (SA1) - part 2,VAR_2_79,VAR_2_79,Individual,Census usually resident population count,2013,Count,Years at usual residence,Total,"Subject pop: Census usually resident population count, Year: 2013, Measure: Count, Var1: Years at usual residence (Total)"
2023 Census totals by topic for individuals by statistical area 1 (SA1) - part 2,VAR_2_80,VAR_2_80,Individual,Census usually resident population count,2013,Count,Years at usual residence,Total stated,"Subject pop: Census usually resident population count, Year: 2013, Measure: Count, Var1: Years at usual residence (Total stated)"
2023 Census totals by topic for individuals by statistical area 1 (SA1) - part 2,VAR_2_81,VAR_2_81,Individual,Census usually resident population count,2013,Mean,Years at usual residence,Average,"Subject pop: Census usually resident population count, Year: 2013, Measure: Mean, Var1: Years at usual residence (Average)"
2023 Census totals by topic for individuals by statistical area 1 (SA1) - part 2,VAR_2_82,VAR_2_82,Individual,Census usually resident population count,2018,Count,Years at usual residence,0 years,"Subject pop: Census usually resident population count, Year: 2018, Measure: Count, Var1: Years at usual residence (0 years)"
2023 Census totals by topic for individuals by statistical area 1 (SA1) - part 2,VAR_2_83,VAR_2_83,Individual,Census usually resident population count,2018,Count,Years at usual residence,1-4 years,"Subject pop: Census usually resident population count, Year: 2018, Measure: Count, Var1: Years at usual residence (1-4 years)"
2023 Census totals by topic for individuals by statistical area 1 (SA1) - part 2,VAR_2_84,VAR_2_84,Individual,Census usually resident population count,2018,Count,Years at usual residence,5-9 years,"Subject pop: Census usually resident population count, Year: 2018, Measure: Count, Var1: Years at usual residence (5-9 years)"
2023 Census totals by topic for individuals by statistical area 1 (SA1) - part 2,VAR_2_85,VAR_2_85,Individual,Census usually resident population count,2018,Count,Years at usual residence,10-14 years,"Subject pop: Census usually resident population count, Year: 2018, Measure: Count, Var1: Years at usual residence (10-14 years)"
2023 Census totals by topic for individuals by statistical area 1 (SA1) - part 2,VAR_2_86,VAR_2_86,Individual,Census usually resident population count,2018,Count,Years at usual residence,15-29 years,"Subject pop: Census usually resident population count, Year: 2018, Measure: Count, Var1: Years at usual residence (15-29 years)"
2023 Census totals by topic for individuals by statistical area 1 (SA1) - part 2,VAR_2_87,VAR_2_87,Individual,Census usually resident population count,2018,Count,Years at usual residence,30 years or more,"Subject pop: Census usually resident population count, Year: 2018, Measure: Count, Var1: Years at usual residence (30 years or more)"
2023 Census totals by topic for individuals by statistical area 1 (SA1) - part 2,VAR_2_88,VAR_2_88,Individual,Census usually resident population count,2018,Count,Years at usual residence,Not elsewhere included,"Subject pop: Census usually resident population count, Year: 2018, Measure: Count, Var1: Years at usual residence (Not elsewhere included)"
2023 Census totals by topic for individuals by statistical area 1 (SA1) - part 2,VAR_2_89,VAR_2_89,Individual,Census usually resident population count,2018,Count,Years at usual residence,Total,"Subject pop: Census usually resident population count, Year: 2018, Measure: Count, Var1: Years at usual residence (Total)"
2023 Census totals by topic for individuals by statistical area 1 (SA1) - part 2,VAR_2_90,VAR_2_90,Individual,Census usually resident population count,2018,Count,Years at usual residence,Total stated,"Subject pop: Census usually resident population count, Year: 2018, Measure: Count, Var1: Years at usual residence (Total stated)"
2023 Census totals by topic for individuals by statistical area 1 (SA1) - part 2,VAR_2_91,VAR_2_91,Individual,Census usually resident population count,2018,Mean,Years at usual residence,Average,"Subject pop: Census usually resident population count, Year: 2018, Measure: Mean, Var1: Years at usual residence (Average)"
2023 Census totals by topic for individuals by statistical area 1 (SA1) - part 2,VAR_2_92,VAR_2_92,Individual,Census usually resident population count,2023,Count,Years at usual residence,0 years,"Subject pop: Census usually resident population count, Year: 2023, Measure: Count, Var1: Years at usual residence (0 years)"
2023 Census totals by topic for individuals by statistical area 1 (SA1) - part 2,VAR_2_93,VAR_2_93,Individual,Census usually resident population count,2023,Count,Years at usual residence,1-4 years,"Subject pop: Census usually resident population count, Year: 2023, Measure: Count, Var1: Years at usual residence (1-4 years)"
2023 Census totals by topic for individuals by statistical area 1 (SA1) - part 2,VAR_2_94,VAR_2_94,Individual,Census usually resident population count,2023,Count,Years at usual residence,5-9 years,"Subject pop: Census usually resident population count, Year: 2023, Measure: Count, Var1: Years at usual residence (5-9 years)"
2023 Census totals by topic for individuals by statistical area 1 (SA1) - part 2,VAR_2_95,VAR_2_95,Individual,Census usually resident population count,2023,Count,Years at usual residence,10-14 years,"Subject pop: Census usually resident population count, Year: 2023, Measure: Count, Var1: Years at usual residence (10-14 years)"
2023 Census totals by topic for individuals by statistical area 1 (SA1) - part 2,VAR_2_96,VAR_2_96,Individual,Census usually resident population count,2023,Count,Years at usual residence,15-29 years,"Subject pop: Census usually resident population count, Year: 2023, Measure: Count, Var1: Years at usual residence (15-29 years)"
2023 Census totals by topic for individuals by statistical area 1 (SA1) - part 2,VAR_2_97,VAR_2_97,Individual,Census usually resident population count,2023,Count,Years at usual residence,30 years or more,"Subject pop: Census usually resident population count, Year: 2023, Measure: Count, Var1: Years at usual residence (30 years or more)"
2023 Census totals by topic for individuals by statistical area 1 (SA1) - part 2,VAR_2_98,VAR_2_98,Individual,Census usually resident population count,2023,Count,Years at usual residence,Not elsewhere included,"Subject pop: Census usually resident population count, Year: 2023, Measure: Count, Var1: Years at usual residence (Not elsewhere included)"
2023 Census totals by topic for individuals by statistical area 1 (SA1) - part 2,VAR_2_99,VAR_2_99,Individual,Census usually resident population count,2023,Count,Years at usual residence,Total,"Subject pop: Census usually resident population count, Year: 2023, Measure: Count, Var1: Years at usual residence (Total)"
2023 Census totals by topic for individuals by statistical area 1 (SA1) - part 2,VAR_2_100,VAR_2_100,Individual,Census usually resident population count,2023,Count,Years at usual residence,Total stated,"Subject pop: Census usually resident population count, Year: 2023, Measure: Count, Var1: Years at usual residence (Total stated)"
2023 Census totals by topic for individuals by statistical area 1 (SA1) - part 2,VAR_2_101,VAR_2_101,Individual,Census usually resident population count,2023,Mean,Years at usual residence,Average,"Subject pop: Census usually resident population count, Year: 2023, Measure: Mean, Var1: Years at usual residence (Average)"
2023 Census totals by topic for individuals by statistical area 1 (SA1) - part 2,VAR_2_102,VAR_2_102,Individual,Overseas-born census usually resident population count,2013,Mean,Years since arrival in New Zealand,Average,"Subject pop: Overseas-born census usually resident population count, Year: 2013, Measure: Mean, Var1: Years since arrival in New Zealand (Average)"
2023 Census totals by topic for individuals by statistical area 1 (SA1) - part 2,VAR_2_103,VAR_2_103,Individual,Overseas-born census usually resident population count,2013,Count,Years since arrival in New Zealand,Less than one year,"Subject pop: Overseas-born census usually resident population count, Year: 2013, Measure: Count, Var1: Years since arrival in New Zealand (Less than one year)"
2023 Census totals by topic for individuals by statistical area 1 (SA1) - part 2,VAR_2_104,VAR_2_104,Individual,Overseas-born census usually resident population count,2013,Count,Years since arrival in New Zealand,1 year,"Subject pop: Overseas-born census usually resident population count, Year: 2013, Measure: Count, Var1: Years since arrival in New Zealand (1 year)"
2023 Census totals by topic for individuals by statistical area 1 (SA1) - part 2,VAR_2_105,VAR_2_105,Individual,Overseas-born census usually resident population count,2013,Count,Years since arrival in New Zealand,2 years,"Subject pop: Overseas-born census usually resident population count, Year: 2013, Measure: Count, Var1: Years since arrival in New Zealand (2 years)"
2023 Census totals by topic for individuals by statistical area 1 (SA1) - part 2,VAR_2_106,VAR_2_106,Individual,Overseas-born census usually resident population count,2013,Count,Years since arrival in New Zealand,3 years,"Subject pop: Overseas-born census usually resident population count, Year: 2013, Measure: Count, Var1: Years since arrival in New Zealand (3 years)"
2023 Census totals by topic for individuals by statistical area 1 (SA1) - part 2,VAR_2_107,VAR_2_107,Individual,Overseas-born census usually resident population count,2013,Count,Years since arrival in New Zealand,4 years,"Subject pop: Overseas-born census usually resident population count, Year: 2013, Measure: Count, Var1: Years since arrival in New Zealand (4 years)"
2023 Census totals by topic for individuals by statistical area 1 (SA1) - part 2,VAR_2_108,VAR_2_108,Individual,Overseas-born census usually resident population count,2013,Count,Years since arrival in New Zealand,5-9 years,"Subject pop: Overseas-born census usually resident population count, Year: 2013, Measure: Count, Var1: Years since arrival in New Zealand (5-9 years)"
2023 Census totals by topic for individuals by statistical area 1 (SA1) - part 2,VAR_2_109,VAR_2_109,Individual,Overseas-born census usually resident population count,2013,Count,Years since arrival in New Zealand,10-19 years,"Subject pop: Overseas-born census usually resident population count, Year: 2013, Measure: Count, Var1: Years since arrival in New Zealand (10-19 years)"
2023 Census totals by topic for individuals by statistical area 1 (SA1) - part 2,VAR_2_110,VAR_2_110,Individual,Overseas-born census usually resident population count,2013,Count,Years since arrival in New Zealand,20 years or more,"Subject pop: Overseas-born census usually resident population count, Year: 2013, Measure: Count, Var1: Years since arrival in New Zealand (20 years or more)"
2023 Census totals by topic for individuals by statistical area 1 (SA1) - part 2,VAR_2_111,VAR_2_111,Individual,Overseas-born census usually resident population count,2013,Count,Years since arrival in New Zealand,Not elsewhere included,"Subject pop: Overseas-born census usually resident population count, Year: 2013, Measure: Count, Var1: Years since arrival in New Zealand (Not elsewhere included)"
2023 Census totals by topic for individuals by statistical area 1 (SA1) - part 2,VAR_2_112,VAR_2_112,Individual,Overseas-born census usually resident population count,2013,Count,Years since arrival in New Zealand,Total,"Subject pop: Overseas-born census usually resident population count, Year: 2013, Measure: Count, Var1: Years since arrival in New Zealand (Total)"
2023 Census totals by topic for individuals by statistical area 1 (SA1) - part 2,VAR_2_113,VAR_2_113,Individual,Overseas-born census usually resident population count,2013,Count,Years since arrival in New Zealand,Total stated,"Subject pop: Overseas-born census usually resident population count, Year: 2013, Measure: Count, Var1: Years since arrival in New Zealand (Total stated)"
2023 Census totals by topic for individuals by statistical area 1 (SA1) - part 2,VAR_2_114,VAR_2_114,Individual,Overseas-born census usually resident population count,2018,Mean,Years since arrival in New Zealand,Average,"Subject pop: Overseas-born census usually resident population count, Year: 2018, Measure: Mean, Var1: Years since arrival in New Zealand (Average)"
2023 Census totals by topic for individuals by statistical area 1 (SA1) - part 2,VAR_2_115,VAR_2_115,Individual,Overseas-born census usually resident population count,2018,Count,Years since arrival in New Zealand,Less than one year,"Subject pop: Overseas-born census usually resident population count, Year: 2018, Measure: Count, Var1: Years since arrival in New Zealand (Less than one year)"
2023 Census totals by topic for individuals by statistical area 1 (SA1) - part 2,VAR_2_116,VAR_2_116,Individual,Overseas-born census usually resident population count,2018,Count,Years since arrival in New Zealand,1 year,"Subject pop: Overseas-born census usually resident population count, Year: 2018, Measure: Count, Var1: Years since arrival in New Zealand (1 year)"
2023 Census totals by topic for individuals by statistical area 1 (SA1) - part 2,VAR_2_117,VAR_2_117,Individual,Overseas-born census usually resident population count,2018,Count,Years since arrival in New Zealand,2 years,"Subject pop: Overseas-born census usually resident population count, Year: 2018, Measure: Count, Var1: Years since arrival in New Zealand (2 years)"
2023 Census totals by topic for individuals by statistical area 1 (SA1) - part 2,VAR_2_118,VAR_2_118,Individual,Overseas-born census usually resident population count,2018,Count,Years since arrival in New Zealand,3 years,"Subject pop: Overseas-born census usually resident population count, Year: 2018, Measure: Count, Var1: Years since arrival in New Zealand (3 years)"
2023 Census totals by topic for individuals by statistical area 1 (SA1) - part 2,VAR_2_119,VAR_2_119,Individual,Overseas-born census usually resident population count,2018,Count,Years since arrival in New Zealand,4 years,"Subject pop: Overseas-born census usually resident population count, Year: 2018, Measure: Count, Var1: Years since arrival in New Zealand (4 years)"
2023 Census totals by topic for individuals by statistical area 1 (SA1) - part 2,VAR_2_120,VAR_2_120,Individual,Overseas-born census usually resident population count,2018,Count,Years since arrival in New Zealand,5-9 years,"Subject pop: Overseas-born census usually resident population count, Year: 2018, Measure: Count, Var1: Years since arrival in New Zealand (5-9 years)"
2023 Census totals by topic for individuals by statistical area 1 (SA1) - part 2,VAR_2_121,VAR_2_121,Individual,Overseas-born census usually resident population count,2018,Count,Years since arrival in New Zealand,10-19 years,"Subject pop: Overseas-born census usually resident population count, Year: 2018, Measure: Count, Var1: Years since arrival in New Zealand (10-19 years)"
2023 Census totals by topic for individuals by statistical area 1 (SA1) - part 2,VAR_2_122,VAR_2_122,Individual,Overseas-born census usually resident population count,2018,Count,Years since arrival in New Zealand,20 years or more,"Subject pop: Overseas-born census usually resident population count, Year: 2018, Measure: Count, Var1: Years since arrival in New Zealand (20 years or more)"
2023 Census totals by topic for individuals by statistical area 1 (SA1) - part 2,VAR_2_123,VAR_2_123,Individual,Overseas-born census usually resident population count,2018,Count,Years since arrival in New Zealand,Not elsewhere included,"Subject pop: Overseas-born census usually resident population count, Year: 2018, Measure: Count, Var1: Years since arrival in New Zealand (Not elsewhere included)"
2023 Census totals by topic for individuals by statistical area 1 (SA1) - part 2,VAR_2_124,VAR_2_124,Individual,Overseas-born census usually resident population count,2018,Count,Years since arrival in New Zealand,Total,"Subject pop: Overseas-born census usually resident population count, Year: 2018, Measure: Count, Var1: Years since arrival in New Zealand (Total)"
2023 Census totals by topic for individuals by statistical area 1 (SA1) - part 2,VAR_2_125,VAR_2_125,Individual,Overseas-born census usually resident population count,2018,Count,Years since arrival in New Zealand,Total stated,"Subject pop: Overseas-born census usually resident population count, Year: 2018, Measure: Count, Var1: Years since arrival in New Zealand (Total stated)"
2023 Census totals by topic for individuals by statistical area 1 (SA1) - part 2,VAR_2_126,VAR_2_126,Individual,Overseas-born census usually resident population count,2023,Mean,Years since arrival in New Zealand,Average,"Subject pop: Overseas-born census usually resident population count, Year: 2023, Measure: Mean, Var1: Years since arrival in New Zealand (Average)"
2023 Census totals by topic for individuals by statistical area 1 (SA1) - part 2,VAR_2_127,VAR_2_127,Individual,Overseas-born census usually resident population count,2023,Count,Years since arrival in New Zealand,Less than one year,"Subject pop: Overseas-born census usually resident population count, Year: 2023, Measure: Count, Var1: Years since arrival in New Zealand (Less than one year)"
2023 Census totals by topic for individuals by statistical area 1 (SA1) - part 2,VAR_2_128,VAR_2_128,Individual,Overseas-born census usually resident population count,2023,Count,Years since arrival in New Zealand,1 year,"Subject pop: Overseas-born census usually resident population count, Year: 2023, Measure: Count, Var1: Years since arrival in New Zealand (1 year)"
2023 Census totals by topic for individuals by statistical area 1 (SA1) - part 2,VAR_2_129,VAR_2_129,Individual,Overseas-born census usually resident population count,2023,Count,Years since arrival in New Zealand,2 years,"Subject pop: Overseas-born census usually resident population count, Year: 2023, Measure: Count, Var1: Years since arrival in New Zealand (2 years)"
2023 Census totals by topic for individuals by statistical area 1 (SA1) - part 2,VAR_2_130,VAR_2_130,Individual,Overseas-born census usually resident population count,2023,Count,Years since arrival in New Zealand,3 years,"Subject pop: Overseas-born census usually resident population count, Year: 2023, Measure: Count, Var1: Years since arrival in New Zealand (3 years)"
2023 Census totals by topic for individuals by statistical area 1 (SA1) - part 2,VAR_2_131,VAR_2_131,Individual,Overseas-born census usually resident population count,2023,Count,Years since arrival in New Zealand,4 years,"Subject pop: Overseas-born census usually resident population count, Year: 2023, Measure: Count, Var1: Years since arrival in New Zealand (4 years)"
2023 Census totals by topic for individuals by statistical area 1 (SA1) - part 2,VAR_2_132,VAR_2_132,Individual,Overseas-born census usually resident population count,2023,Count,Years since arrival in New Zealand,5-9 years,"Subject pop: Overseas-born census usually resident population count, Year: 2023, Measure: Count, Var1: Years since arrival in New Zealand (5-9 years)"
2023 Census totals by topic for individuals by statistical area 1 (SA1) - part 2,VAR_2_133,VAR_2_133,Individual,Overseas-born census usually resident population count,2023,Count,Years since arrival in New Zealand,10-19 years,"Subject pop: Overseas-born census usually resident population count, Year: 2023, Measure: Count, Var1: Years since arrival in New Zealand (10-19 years)"
2023 Census totals by topic for individuals by statistical area 1 (SA1) - part 2,VAR_2_134,VAR_2_134,Individual,Overseas-born census usually resident population count,2023,Count,Years since arrival in New Zealand,20 years or more,"Subject pop: Overseas-born census usually resident population count, Year: 2023, Measure: Count, Var1: Years since arrival in New Zealand (20 years or more)"
2023 Census totals by topic for individuals by statistical area 1 (SA1) - part 2,VAR_2_135,VAR_2_135,Individual,Overseas-born census usually resident population count,2023,Count,Years since arrival in New Zealand,Not elsewhere included,"Subject pop: Overseas-born census usually resident population count, Year: 2023, Measure: Count, Var1: Years since arrival in New Zealand (Not elsewhere included)"
2023 Census totals by topic for individuals by statistical area 1 (SA1) - part 2,VAR_2_136,VAR_2_136,Individual,Overseas-born census usually resident population count,2023,Count,Years since arrival in New Zealand,Total,"Subject pop: Overseas-born census usually resident population count, Year: 2023, Measure: Count, Var1: Years since arrival in New Zealand (Total)"
2023 Census totals by topic for individuals by statistical area 1 (SA1) - part 2,VAR_2_137,VAR_2_137,Individual,Overseas-born census usually resident population count,2023,Count,Years since arrival in New Zealand,Total stated,"Subject pop: Overseas-born census usually resident population count, Year: 2023, Measure: Count, Var1: Years since arrival in New Zealand (Total stated)"
2023 Census totals by topic for individuals by statistical area 1 (SA1) - part 2,VAR_2_138,VAR_2_138,Individual,Census usually resident population count,2013,Count,Study participation,Full-time study,"Subject pop: Census usually resident population count, Year: 2013, Measure: Count, Var1: Study participation (Full-time study)"
2023 Census totals by topic for individuals by statistical area 1 (SA1) - part 2,VAR_2_139,VAR_2_139,Individual,Census usually resident population count,2013,Count,Study participation,Part-time study,"Subject pop: Census usually resident population count, Year: 2013, Measure: Count, Var1: Study participation (Part-time study)"
2023 Census totals by topic for individuals by statistical area 1 (SA1) - part 2,VAR_2_140,VAR_2_140,Individual,Census usually resident population count,2013,Count,Study participation,Not studying,"Subject pop: Census usually resident population count, Year: 2013, Measure: Count, Var1: Study participation (Not studying)"
2023 Census totals by topic for individuals by statistical area 1 (SA1) - part 2,VAR_2_141,VAR_2_141,Individual,Census usually resident population count,2013,Count,Study participation,Not elsewhere included,"Subject pop: Census usually resident population count, Year: 2013, Measure: Count, Var1: Study participation (Not elsewhere included)"
2023 Census totals by topic for individuals by statistical area 1 (SA1) - part 2,VAR_2_142,VAR_2_142,Individual,Census usually resident population count,2013,Count,Study participation,Total,"Subject pop: Census usually resident population count, Year: 2013, Measure: Count, Var1: Study participation (Total)"
2023 Census totals by topic for individuals by statistical area 1 (SA1) - part 2,VAR_2_143,VAR_2_143,Individual,Census usually resident population count,2013,Count,Study participation,Total stated,"Subject pop: Census usually resident population count, Year: 2013, Measure: Count, Var1: Study participation (Total stated)"
2023 Census totals by topic for individuals by statistical area 1 (SA1) - part 2,VAR_2_144,VAR_2_144,Individual,Census usually resident population count,2018,Count,Study participation,Full-time study,"Subject pop: Census usually resident population count, Year: 2018, Measure: Count, Var1: Study participation (Full-time study)"
2023 Census totals by topic for individuals by statistical area 1 (SA1) - part 2,VAR_2_145,VAR_2_145,Individual,Census usually resident population count,2018,Count,Study participation,Part-time study,"Subject pop: Census usually resident population count, Year: 2018, Measure: Count, Var1: Study participation (Part-time study)"
2023 Census totals by topic for individuals by statistical area 1 (SA1) - part 2,VAR_2_146,VAR_2_146,Individual,Census usually resident population count,2018,Count,Study participation,Not studying,"Subject pop: Census usually resident population count, Year: 2018, Measure: Count, Var1: Study participation (Not studying)"
2023 Census totals by topic for individuals by statistical area 1 (SA1) - part 2,VAR_2_147,VAR_2_147,Individual,Census usually resident population count,2018,Count,Study participation,Not elsewhere included,"Subject pop: Census usually resident population count, Year: 2018, Measure: Count, Var1: Study participation (Not elsewhere included)"
2023 Census totals by topic for individuals by statistical area 1 (SA1) - part 2,VAR_2_148,VAR_2_148,Individual,Census usually resident population count,2018,Count,Study participation,Total,"Subject pop: Census usually resident population count, Year: 2018, Measure: Count, Var1: Study participation (Total)"
2023 Census totals by topic for individuals by statistical area 1 (SA1) - part 2,VAR_2_149,VAR_2_149,Individual,Census usually resident population count,2018,Count,Study participation,Total stated,"Subject pop: Census usually resident population count, Year: 2018, Measure: Count, Var1: Study participation (Total stated)"
2023 Census totals by topic for individuals by statistical area 1 (SA1) - part 2,VAR_2_150,VAR_2_150,Individual,Census usually resident population count,2023,Count,Study participation,Full-time study,"Subject pop: Census usually resident population count, Year: 2023, Measure: Count, Var1: Study participation (Full-time study)"
2023 Census totals by topic for individuals by statistical area 1 (SA1) - part 2,VAR_2_151,VAR_2_151,Individual,Census usually resident population count,2023,Count,Study participation,Part-time study,"Subject pop: Census usually resident population count, Year: 2023, Measure: Count, Var1: Study participation (Part-time study)"
2023 Census totals by topic for individuals by statistical area 1 (SA1) - part 2,VAR_2_152,VAR_2_152,Individual,Census usually resident population count,2023,Count,Study participation,Not studying,"Subject pop: Census usually resident population count, Year: 2023, Measure: Count, Var1: Study participation (Not studying)"
2023 Census totals by topic for individuals by statistical area 1 (SA1) - part 2,VAR_2_153,VAR_2_153,Individual,Census usually resident population count,2023,Count,Study participation,Not elsewhere included,"Subject pop: Census usually resident population count, Year: 2023, Measure: Count, Var1: Study participation (Not elsewhere included)"
2023 Census totals by topic for individuals by statistical area 1 (SA1) - part 2,VAR_2_154,VAR_2_154,Individual,Census usually resident population count,2023,Count,Study participation,Total,"Subject pop: Census usually resident population count, Year: 2023, Measure: Count, Var1: Study participation (Total)"
2023 Census totals by topic for individuals by statistical area 1 (SA1) - part 2,VAR_2_155,VAR_2_155,Individual,Census usually resident population count,2023,Count,Study participation,Total stated,"Subject pop: Census usually resident population count, Year: 2023, Measure: Count, Var1: Study participation (Total stated)"
2023 Census totals by topic for individuals by statistical area 1 (SA1) - part 2,VAR_2_156,VAR_2_156,Individual,Census usually resident population who are studying,2018,Count,"Main means of travel to education, by usual residence address",Study at home,"Subject pop: Census usually resident population who are studying, Year: 2018, Measure: Count, Var1: Main means of travel to education, by usual residence address (Study at home)"
2023 Census totals by topic for individuals by statistical area 1 (SA1) - part 2,VAR_2_157,VAR_2_157,Individual,Census usually resident population who are studying,2018,Count,"Main means of travel to education, by usual residence address","Drive a car, truck or van","Subject pop: Census usually resident population who are studying, Year: 2018, Measure: Count, Var1: Main means of travel to education, by usual residence address (Drive a car, truck or van)"
2023 Census totals by topic for individuals by statistical area 1 (SA1) - part 2,VAR_2_158,VAR_2_158,Individual,Census usually resident population who are studying,2018,Count,"Main means of travel to education, by usual residence address","Passenger in a car, truck or van","Subject pop: Census usually resident population who are studying, Year: 2018, Measure: Count, Var1: Main means of travel to education, by usual residence address (Passenger in a car, truck or van)"
2023 Census totals by topic for individuals by statistical area 1 (SA1) - part 2,VAR_2_159,VAR_2_159,Individual,Census usually resident population who are studying,2018,Count,"Main means of travel to education, by usual residence address",Bicycle,"Subject pop: Census usually resident population who are studying, Year: 2018, Measure: Count, Var1: Main means of travel to education, by usual residence address (Bicycle)"
2023 Census totals by topic for individuals by statistical area 1 (SA1) - part 2,VAR_2_160,VAR_2_160,Individual,Census usually resident population who are studying,2018,Count,"Main means of travel to education, by usual residence address",Walk or jog,"Subject pop: Census usually resident population who are studying, Year: 2018, Measure: Count, Var1: Main means of travel to education, by usual residence address (Walk or jog)"
2023 Census totals by topic for individuals by statistical area 1 (SA1) - part 2,VAR_2_161,VAR_2_161,Individual,Census usually resident population who are studying,2018,Count,"Main means of travel to education, by usual residence address",School bus,"Subject pop: Census usually resident population who are studying, Year: 2018, Measure: Count, Var1: Main means of travel to education, by usual residence address (School bus)"
2023 Census totals by topic for individuals by statistical area 1 (SA1) - part 2,VAR_2_162,VAR_2_162,Individual,Census usually resident population who are studying,2018,Count,"Main means of travel to education, by usual residence address",Public bus,"Subject pop: Census usually resident population who are studying, Year: 2018, Measure: Count, Var1: Main means of travel to education, by usual residence address (Public bus)"
2023 Census totals by topic for individuals by statistical area 1 (SA1) - part 2,VAR_2_163,VAR_2_163,Individual,Census usually resident population who are studying,2018,Count,"Main means of travel to education, by usual residence address",Train,"Subject pop: Census usually resident population who are studying, Year: 2018, Measure: Count, Var1: Main means of travel to education, by usual residence address (Train)"
2023 Census totals by topic for individuals by statistical area 1 (SA1) - part 2,VAR_2_164,VAR_2_164,Individual,Census usually resident population who are studying,2018,Count,"Main means of travel to education, by usual residence address",Ferry,"Subject pop: Census usually resident population who are studying, Year: 2018, Measure: Count, Var1: Main means of travel to education, by usual residence address (Ferry)"
2023 Census totals by topic for individuals by statistical area 1 (SA1) - part 2,VAR_2_165,VAR_2_165,Individual,Census usually resident population who are studying,2018,Count,"Main means of travel to education, by usual residence address",Other,"Subject pop: Census usually resident population who are studying, Year: 2018, Measure: Count, Var1: Main means of travel to education, by usual residence address (Other)"
2023 Census totals by topic for individuals by statistical area 1 (SA1) - part 2,VAR_2_166,VAR_2_166,Individual,Census usually resident population who are studying,2018,Count,"Main means of travel to education, by usual residence address",Not elsewhere included,"Subject pop: Census usually resident population who are studying, Year: 2018, Measure: Count, Var1: Main means of travel to education, by usual residence address (Not elsewhere included)"
2023 Census totals by topic for individuals by statistical area 1 (SA1) - part 2,VAR_2_167,VAR_2_167,Individual,Census usually resident population who are studying,2018,Count,"Main means of travel to education, by usual residence address",Total,"Subject pop: Census usually resident population who are studying, Year: 2018, Measure: Count, Var1: Main means of travel to education, by usual residence address (Total)"
2023 Census totals by topic for individuals by statistical area 1 (SA1) - part 2,VAR_2_168,VAR_2_168,Individual,Census usually resident population who are studying,2018,Count,"Main means of travel to education, by usual residence address",Total stated,"Subject pop: Census usually resident population who are studying, Year: 2018, Measure: Count, Var1: Main means of travel to education, by usual residence address (Total stated)"
2023 Census totals by topic for individuals by statistical area 1 (SA1) - part 2,VAR_2_169,VAR_2_169,Individual,Census usually resident population who are studying,2023,Count,"Main means of travel to education, by usual residence address",Study at home,"Subject pop: Census usually resident population who are studying, Year: 2023, Measure: Count, Var1: Main means of travel to education, by usual residence address (Study at home)"
2023 Census totals by topic for individuals by statistical area 1 (SA1) - part 2,VAR_2_170,VAR_2_170,Individual,Census usually resident population who are studying,2023,Count,"Main means of travel to education, by usual residence address","Drive a car, truck or van","Subject pop: Census usually resident population who are studying, Year: 2023, Measure: Count, Var1: Main means of travel to education, by usual residence address (Drive a car, truck or van)"
2023 Census totals by topic for individuals by statistical area 1 (SA1) - part 2,VAR_2_171,VAR_2_171,Individual,Census usually resident population who are studying,2023,Count,"Main means of travel to education, by usual residence address","Passenger in a car, truck or van","Subject pop: Census usually resident population who are studying, Year: 2023, Measure: Count, Var1: Main means of travel to education, by usual residence address (Passenger in a car, truck or van)"
2023 Census totals by topic for individuals by statistical area 1 (SA1) - part 2,VAR_2_172,VAR_2_172,Individual,Census usually resident population who are studying,2023,Count,"Main means of travel to education, by usual residence address",Bicycle,"Subject pop: Census usually resident population who are studying, Year: 2023, Measure: Count, Var1: Main means of travel to education, by usual residence address (Bicycle)"
2023 Census totals by topic for individuals by statistical area 1 (SA1) - part 2,VAR_2_173,VAR_2_173,Individual,Census usually resident population who are studying,2023,Count,"Main means of travel to education, by usual residence address",Walk or jog,"Subject pop: Census usually resident population who are studying, Year: 2023, Measure: Count, Var1: Main means of travel to education, by usual residence address (Walk or jog)"
2023 Census totals by topic for individuals by statistical area 1 (SA1) - part 2,VAR_2_174,VAR_2_174,Individual,Census usually resident population who are studying,2023,Count,"Main means of travel to education, by usual residence address",School bus,"Subject pop: Census usually resident population who are studying, Year: 2023, Measure: Count, Var1: Main means of travel to education, by usual residence address (School bus)"
2023 Census totals by topic for individuals by statistical area 1 (SA1) - part 2,VAR_2_175,VAR_2_175,Individual,Census usually resident population who are studying,2023,Count,"Main means of travel to education, by usual residence address",Public bus,"Subject pop: Census usually resident population who are studying, Year: 2023, Measure: Count, Var1: Main means of travel to education, by usual residence address (Public bus)"
2023 Census totals by topic for individuals by statistical area 1 (SA1) - part 2,VAR_2_176,VAR_2_176,Individual,Census usually resident population who are studying,2023,Count,"Main means of travel to education, by usual residence address",Train,"Subject pop: Census usually resident population who are studying, Year: 2023, Measure: Count, Var1: Main means of travel to education, by usual residence address (Train)"
2023 Census totals by topic for individuals by statistical area 1 (SA1) - part 2,VAR_2_177,VAR_2_177,Individual,Census usually resident population who are studying,2023,Count,"Main means of travel to education, by usual residence address",Ferry,"Subject pop: Census usually resident population who are studying, Year: 2023, Measure: Count, Var1: Main means of travel to education, by usual residence address (Ferry)"
2023 Census totals by topic for individuals by statistical area 1 (SA1) - part 2,VAR_2_178,VAR_2_178,Individual,Census usually resident population who are studying,2023,Count,"Main means of travel to education, by usual residence address",Other,"Subject pop: Census usually resident population who are studying, Year: 2023, Measure: Count, Var1: Main means of travel to education, by usual residence address (Other)"
2023 Census totals by topic for individuals by statistical area 1 (SA1) - part 2,VAR_2_179,VAR_2_179,Individual,Census usually resident population who are studying,2023,Count,"Main means of travel to education, by usual residence address",Not elsewhere included,"Subject pop: Census usually resident population who are studying, Year: 2023, Measure: Count, Var1: Main means of travel to education, by usual residence address (Not elsewhere included)"
2023 Census totals by topic for individuals by statistical area 1 (SA1) - part 2,VAR_2_180,VAR_2_180,Individual,Census usually resident population who are studying,2023,Count,"Main means of travel to education, by usual residence address",Total,"Subject pop: Census usually resident population who are studying, Year: 2023, Measure: Count, Var1: Main means of travel to education, by usual residence address (Total)"
2023 Census totals by topic for individuals by statistical area 1 (SA1) - part 2,VAR_2_181,VAR_2_181,Individual,Census usually resident population who are studying,2023,Count,"Main means of travel to education, by usual residence address",Total stated,"Subject pop: Census usually resident population who are studying, Year: 2023, Measure: Count, Var1: Main means of travel to education, by usual residence address (Total stated)"
2023 Census totals by topic for individuals by statistical area 1 (SA1) - part 2,VAR_2_182,VAR_2_182,Individual,Census usually resident population who are studying,2018,Count,"Main means of travel to education, by education address",Study at home,"Subject pop: Census usually resident population who are studying, Year: 2018, Measure: Count, Var1: Main means of travel to education, by education address (Study at home)"
2023 Census totals by topic for individuals by statistical area 1 (SA1) - part 2,VAR_2_183,VAR_2_183,Individual,Census usually resident population who are studying,2018,Count,"Main means of travel to education, by education address","Drive a car, truck or van","Subject pop: Census usually resident population who are studying, Year: 2018, Measure: Count, Var1: Main means of travel to education, by education address (Drive a car, truck or van)"
2023 Census totals by topic for individuals by statistical area 1 (SA1) - part 2,VAR_2_184,VAR_2_184,Individual,Census usually resident population who are studying,2018,Count,"Main means of travel to education, by education address","Passenger in a car, truck or van","Subject pop: Census usually resident population who are studying, Year: 2018, Measure: Count, Var1: Main means of travel to education, by education address (Passenger in a car, truck or van)"
2023 Census totals by topic for individuals by statistical area 1 (SA1) - part 2,VAR_2_185,VAR_2_185,Individual,Census usually resident population who are studying,2018,Count,"Main means of travel to education, by education address",Bicycle,"Subject pop: Census usually resident population who are studying, Year: 2018, Measure: Count, Var1: Main means of travel to education, by education address (Bicycle)"
2023 Census totals by topic for individuals by statistical area 1 (SA1) - part 2,VAR_2_186,VAR_2_186,Individual,Census usually resident population who are studying,2018,Count,"Main means of travel to education, by education address",Walk or jog,"Subject pop: Census usually resident population who are studying, Year: 2018, Measure: Count, Var1: Main means of travel to education, by education address (Walk or jog)"
2023 Census totals by topic for individuals by statistical area 1 (SA1) - part 2,VAR_2_187,VAR_2_187,Individual,Census usually resident population who are studying,2018,Count,"Main means of travel to education, by education address",School bus,"Subject pop: Census usually resident population who are studying, Year: 2018, Measure: Count, Var1: Main means of travel to education, by education address (School bus)"
2023 Census totals by topic for individuals by statistical area 1 (SA1) - part 2,VAR_2_188,VAR_2_188,Individual,Census usually resident population who are studying,2018,Count,"Main means of travel to education, by education address",Public bus,"Subject pop: Census usually resident population who are studying, Year: 2018, Measure: Count, Var1: Main means of travel to education, by education address (Public bus)"
2023 Census totals by topic for individuals by statistical area 1 (SA1) - part 2,VAR_2_189,VAR_2_189,Individual,Census usually resident population who are studying,2018,Count,"Main means of travel to education, by education address",Train,"Subject pop: Census usually resident population who are studying, Year: 2018, Measure: Count, Var1: Main means of travel to education, by education address (Train)"
2023 Census totals by topic for individuals by statistical area 1 (SA1) - part 2,VAR_2_190,VAR_2_190,Individual,Census usually resident population who are studying,2018,Count,"Main means of travel to education, by education address",Ferry,"Subject pop: Census usually resident population who are studying, Year: 2018, Measure: Count, Var1: Main means of travel to education, by education address (Ferry)"
2023 Census totals by topic for individuals by statistical area 1 (SA1) - part 2,VAR_2_191,VAR_2_191,Individual,Census usually resident population who are studying,2018,Count,"Main means of travel to education, by education address",Other,"Subject pop: Census usually resident population who are studying, Year: 2018, Measure: Count, Var1: Main means of travel to education, by education address (Other)"
2023 Census totals by topic for individuals by statistical area 1 (SA1) - part 2,VAR_2_192,VAR_2_192,Individual,Census usually resident population who are studying,2018,Count,"Main means of travel to education, by education address",Not elsewhere included,"Subject pop: Census usually resident population who are studying, Year: 2018, Measure: Count, Var1: Main means of travel to education, by education address (Not elsewhere included)"
2023 Census totals by topic for individuals by statistical area 1 (SA1) - part 2,VAR_2_193,VAR_2_193,Individual,Census usually resident population who are studying,2018,Count,"Main means of travel to education, by education address",Total,"Subject pop: Census usually resident population who are studying, Year: 2018, Measure: Count, Var1: Main means of travel to education, by education address (Total)"
2023 Census totals by topic for individuals by statistical area 1 (SA1) - part 2,VAR_2_194,VAR_2_194,Individual,Census usually resident population who are studying,2018,Count,"Main means of travel to education, by education address",Total Stated,"Subject pop: Census usually resident population who are studying, Year: 2018, Measure: Count, Var1: Main means of travel to education, by education address (Total Stated)"
2023 Census totals by topic for individuals by statistical area 1 (SA1) - part 2,VAR_2_195,VAR_2_195,Individual,Census usually resident population who are studying,2023,Count,"Main means of travel to education, by education address",Study at home,"Subject pop: Census usually resident population who are studying, Year: 2023, Measure: Count, Var1: Main means of travel to education, by education address (Study at home)"
2023 Census totals by topic for individuals by statistical area 1 (SA1) - part 2,VAR_2_196,VAR_2_196,Individual,Census usually resident population who are studying,2023,Count,"Main means of travel to education, by education address","Drive a car, truck or van","Subject pop: Census usually resident population who are studying, Year: 2023, Measure: Count, Var1: Main means of travel to education, by education address (Drive a car, truck or van)"
2023 Census totals by topic for individuals by statistical area 1 (SA1) - part 2,VAR_2_197,VAR_2_197,Individual,Census usually resident population who are studying,2023,Count,"Main means of travel to education, by education address","Passenger in a car, truck or van","Subject pop: Census usually resident population who are studying, Year: 2023, Measure: Count, Var1: Main means of travel to education, by education address (Passenger in a car, truck or van)"
2023 Census totals by topic for individuals by statistical area 1 (SA1) - part 2,VAR_2_198,VAR_2_198,Individual,Census usually resident population who are studying,2023,Count,"Main means of travel to education, by education address",Bicycle,"Subject pop: Census usually resident population who are studying, Year: 2023, Measure: Count, Var1: Main means of travel to education, by education address (Bicycle)"
2023 Census totals by topic for individuals by statistical area 1 (SA1) - part 2,VAR_2_199,VAR_2_199,Individual,Census usually resident population who are studying,2023,Count,"Main means of travel to education, by education address",Walk or jog,"Subject pop: Census usually resident population who are studying, Year: 2023, Measure: Count, Var1: Main means of travel to education, by education address (Walk or jog)"
2023 Census totals by topic for individuals by statistical area 1 (SA1) - part 2,VAR_2_200,VAR_2_200,Individual,Census usually resident population who are studying,2023,Count,"Main means of travel to education, by education address",School bus,"Subject pop: Census usually resident population who are studying, Year: 2023, Measure: Count, Var1: Main means of travel to education, by education address (School bus)"
2023 Census totals by topic for individuals by statistical area 1 (SA1) - part 2,VAR_2_201,VAR_2_201,Individual,Census usually resident population who are studying,2023,Count,"Main means of travel to education, by education address",Public bus,"Subject pop: Census usually resident population who are studying, Year: 2023, Measure: Count, Var1: Main means of travel to education, by education address (Public bus)"
2023 Census totals by topic for individuals by statistical area 1 (SA1) - part 2,VAR_2_202,VAR_2_202,Individual,Census usually resident population who are studying,2023,Count,"Main means of travel to education, by education address",Train,"Subject pop: Census usually resident population who are studying, Year: 2023, Measure: Count, Var1: Main means of travel to education, by education address (Train)"
2023 Census totals by topic for individuals by statistical area 1 (SA1) - part 2,VAR_2_203,VAR_2_203,Individual,Census usually resident population who are studying,2023,Count,"Main means of travel to education, by education address",Ferry,"Subject pop: Census usually resident population who are studying, Year: 2023, Measure: Count, Var1: Main means of travel to education, by education address (Ferry)"
2023 Census totals by topic for individuals by statistical area 1 (SA1) - part 2,VAR_2_204,VAR_2_204,Individual,Census usually resident population who are studying,2023,Count,"Main means of travel to education, by education address",Other,"Subject pop: Census usually resident population who are studying, Year: 2023, Measure: Count, Var1: Main means of travel to education, by education address (Other)"
2023 Census totals by topic for individuals by statistical area 1 (SA1) - part 2,VAR_2_205,VAR_2_205,Individual,Census usually resident population who are studying,2023,Count,"Main means of travel to education, by education address",Not elsewhere included,"Subject pop: Census usually resident population who are studying, Year: 2023, Measure: Count, Var1: Main means of travel to education, by education address (Not elsewhere included)"
2023 Census totals by topic for individuals by statistical area 1 (SA1) - part 2,VAR_2_206,VAR_2_206,Individual,Census usually resident population who are studying,2023,Count,"Main means of travel to education, by education address",Total,"Subject pop: Census usually resident population who are studying, Year: 2023, Measure: Count, Var1: Main means of travel to education, by education address (Total)"
2023 Census totals by topic for individuals by statistical area 1 (SA1) - part 2,VAR_2_207,VAR_2_207,Individual,Census usually resident population who are studying,2023,Count,"Main means of travel to education, by education address",Total Stated,"Subject pop: Census usually resident population who are studying, Year: 2023, Measure: Count, Var1: Main means of travel to education, by education address (Total Stated)"
2023 Census totals by topic for individuals by statistical area 1 (SA1) - part 2,VAR_2_208,VAR_2_208,Individual,Census usually resident population count aged 15 years and over,2013,Count,Highest qualification,No qualification,"Subject pop: Census usually resident population count aged 15 years and over, Year: 2013, Measure: Count, Var1: Highest qualification (No qualification)"
2023 Census totals by topic for individuals by statistical area 1 (SA1) - part 2,VAR_2_209,VAR_2_209,Individual,Census usually resident population count aged 15 years and over,2013,Count,Highest qualification,Level 1 certificate,"Subject pop: Census usually resident population count aged 15 years and over, Year: 2013, Measure: Count, Var1: Highest qualification (Level 1 certificate)"
2023 Census totals by topic for individuals by statistical area 1 (SA1) - part 2,VAR_2_210,VAR_2_210,Individual,Census usually resident population count aged 15 years and over,2013,Count,Highest qualification,Level 2 certificate,"Subject pop: Census usually resident population count aged 15 years and over, Year: 2013, Measure: Count, Var1: Highest qualification (Level 2 certificate)"
2023 Census totals by topic for individuals by statistical area 1 (SA1) - part 2,VAR_2_211,VAR_2_211,Individual,Census usually resident population count aged 15 years and over,2013,Count,Highest qualification,Level 3 certificate,"Subject pop: Census usually resident population count aged 15 years and over, Year: 2013, Measure: Count, Var1: Highest qualification (Level 3 certificate)"
2023 Census totals by topic for individuals by statistical area 1 (SA1) - part 2,VAR_2_212,VAR_2_212,Individual,Census usually resident population count aged 15 years and over,2013,Count,Highest qualification,Level 4 certificate,"Subject pop: Census usually resident population count aged 15 years and over, Year: 2013, Measure: Count, Var1: Highest qualification (Level 4 certificate)"
2023 Census totals by topic for individuals by statistical area 1 (SA1) - part 2,VAR_2_213,VAR_2_213,Individual,Census usually resident population count aged 15 years and over,2013,Count,Highest qualification,Level 5 diploma,"Subject pop: Census usually resident population count aged 15 years and over, Year: 2013, Measure: Count, Var1: Highest qualification (Level 5 diploma)"
2023 Census totals by topic for individuals by statistical area 1 (SA1) - part 2,VAR_2_214,VAR_2_214,Individual,Census usually resident population count aged 15 years and over,2013,Count,Highest qualification,Level 6 diploma,"Subject pop: Census usually resident population count aged 15 years and over, Year: 2013, Measure: Count, Var1: Highest qualification (Level 6 diploma)"
2023 Census totals by topic for individuals by statistical area 1 (SA1) - part 2,VAR_2_215,VAR_2_215,Individual,Census usually resident population count aged 15 years and over,2013,Count,Highest qualification,Bachelor degree and Level 7 qualification,"Subject pop: Census usually resident population count aged 15 years and over, Year: 2013, Measure: Count, Var1: Highest qualification (Bachelor degree and Level 7 qualification)"
2023 Census totals by topic for individuals by statistical area 1 (SA1) - part 2,VAR_2_216,VAR_2_216,Individual,Census usually resident population count aged 15 years and over,2013,Count,Highest qualification,Post-graduate and honours degrees,"Subject pop: Census usually resident population count aged 15 years and over, Year: 2013, Measure: Count, Var1: Highest qualification (Post-graduate and honours degrees)"
2023 Census totals by topic for individuals by statistical area 1 (SA1) - part 2,VAR_2_217,VAR_2_217,Individual,Census usually resident population count aged 15 years and over,2013,Count,Highest qualification,Masters degree,"Subject pop: Census usually resident population count aged 15 years and over, Year: 2013, Measure: Count, Var1: Highest qualification (Masters degree)"
2023 Census totals by topic for individuals by statistical area 1 (SA1) - part 2,VAR_2_218,VAR_2_218,Individual,Census usually resident population count aged 15 years and over,2013,Count,Highest qualification,Doctorate degree,"Subject pop: Census usually resident population count aged 15 years and over, Year: 2013, Measure: Count, Var1: Highest qualification (Doctorate degree)"
2023 Census totals by topic for individuals by statistical area 1 (SA1) - part 2,VAR_2_219,VAR_2_219,Individual,Census usually resident population count aged 15 years and over,2013,Count,Highest qualification,Overseas secondary school qualification,"Subject pop: Census usually resident population count aged 15 years and over, Year: 2013, Measure: Count, Var1: Highest qualification (Overseas secondary school qualification)"
2023 Census totals by topic for individuals by statistical area 1 (SA1) - part 2,VAR_2_220,VAR_2_220,Individual,Census usually resident population count aged 15 years and over,2013,Count,Highest qualification,Not elsewhere included,"Subject pop: Census usually resident population count aged 15 years and over, Year: 2013, Measure: Count, Var1: Highest qualification (Not elsewhere included)"
2023 Census totals by topic for individuals by statistical area 1 (SA1) - part 2,VAR_2_221,VAR_2_221,Individual,Census usually resident population count aged 15 years and over,2013,Count,Highest qualification,Total,"Subject pop: Census usually resident population count aged 15 years and over, Year: 2013, Measure: Count, Var1: Highest qualification (Total)"
2023 Census totals by topic for individuals by statistical area 1 (SA1) - part 2,VAR_2_222,VAR_2_222,Individual,Census usually resident population count aged 15 years and over,2013,Count,Highest qualification,Total stated,"Subject pop: Census usually resident population count aged 15 years and over, Year: 2013, Measure: Count, Var1: Highest qualification (Total stated)"
2023 Census totals by topic for individuals by statistical area 1 (SA1) - part 2,VAR_2_223,VAR_2_223,Individual,Census usually resident population count aged 15 years and over,2018,Count,Highest qualification,No qualification,"Subject pop: Census usually resident population count aged 15 years and over, Year: 2018, Measure: Count, Var1: Highest qualification (No qualification)"
2023 Census totals by topic for individuals by statistical area 1 (SA1) - part 2,VAR_2_224,VAR_2_224,Individual,Census usually resident population count aged 15 years and over,2018,Count,Highest qualification,Level 1 certificate,"Subject pop: Census usually resident population count aged 15 years and over, Year: 2018, Measure: Count, Var1: Highest qualification (Level 1 certificate)"
2023 Census totals by topic for individuals by statistical area 1 (SA1) - part 2,VAR_2_225,VAR_2_225,Individual,Census usually resident population count aged 15 years and over,2018,Count,Highest qualification,Level 2 certificate,"Subject pop: Census usually resident population count aged 15 years and over, Year: 2018, Measure: Count, Var1: Highest qualification (Level 2 certificate)"
2023 Census totals by topic for individuals by statistical area 1 (SA1) - part 2,VAR_2_226,VAR_2_226,Individual,Census usually resident population count aged 15 years and over,2018,Count,Highest qualification,Level 3 certificate,"Subject pop: Census usually resident population count aged 15 years and over, Year: 2018, Measure: Count, Var1: Highest qualification (Level 3 certificate)"
2023 Census totals by topic for individuals by statistical area 1 (SA1) - part 2,VAR_2_227,VAR_2_227,Individual,Census usually resident population count aged 15 years and over,2018,Count,Highest qualification,Level 4 certificate,"Subject pop: Census usually resident population count aged 15 years and over, Year: 2018, Measure: Count, Var1: Highest qualification (Level 4 certificate)"
2023 Census totals by topic for individuals by statistical area 1 (SA1) - part 2,VAR_2_228,VAR_2_228,Individual,Census usually resident population count aged 15 years and over,2018,Count,Highest qualification,Level 5 diploma,"Subject pop: Census usually resident population count aged 15 years and over, Year: 2018, Measure: Count, Var1: Highest qualification (Level 5 diploma)"
2023 Census totals by topic for individuals by statistical area 1 (SA1) - part 2,VAR_2_229,VAR_2_229,Individual,Census usually resident population count aged 15 years and over,2018,Count,Highest qualification,Level 6 diploma,"Subject pop: Census usually resident population count aged 15 years and over, Year: 2018, Measure: Count, Var1: Highest qualification (Level 6 diploma)"
2023 Census totals by topic for individuals by statistical area 1 (SA1) - part 2,VAR_2_230,VAR_2_230,Individual,Census usually resident population count aged 15 years and over,2018,Count,Highest qualification,Bachelor degree and Level 7 qualification,"Subject pop: Census usually resident population count aged 15 years and over, Year: 2018, Measure: Count, Var1: Highest qualification (Bachelor degree and Level 7 qualification)"
2023 Census totals by topic for individuals by statistical area 1 (SA1) - part 2,VAR_2_231,VAR_2_231,Individual,Census usually resident population count aged 15 years and over,2018,Count,Highest qualification,Post-graduate and honours degrees,"Subject pop: Census usually resident population count aged 15 years and over, Year: 2018, Measure: Count, Var1: Highest qualification (Post-graduate and honours degrees)"
2023 Census totals by topic for individuals by statistical area 1 (SA1) - part 2,VAR_2_232,VAR_2_232,Individual,Census usually resident population count aged 15 years and over,2018,Count,Highest qualification,Masters degree,"Subject pop: Census usually resident population count aged 15 years and over, Year: 2018, Measure: Count, Var1: Highest qualification (Masters degree)"
2023 Census totals by topic for individuals by statistical area 1 (SA1) - part 2,VAR_2_233,VAR_2_233,Individual,Census usually resident population count aged 15 years and over,2018,Count,Highest qualification,Doctorate degree,"Subject pop: Census usually resident population count aged 15 years and over, Year: 2018, Measure: Count, Var1: Highest qualification (Doctorate degree)"
2023 Census totals by topic for individuals by statistical area 1 (SA1) - part 2,VAR_2_234,VAR_2_234,Individual,Census usually resident population count aged 15 years and over,2018,Count,Highest qualification,Overseas secondary school qualification,"Subject pop: Census usually resident population count aged 15 years and over, Year: 2018, Measure: Count, Var1: Highest qualification (Overseas secondary school qualification)"
2023 Census totals by topic for individuals by statistical area 1 (SA1) - part 2,VAR_2_235,VAR_2_235,Individual,Census usually resident population count aged 15 years and over,2018,Count,Highest qualification,Not elsewhere included,"Subject pop: Census usually resident population count aged 15 years and over, Year: 2018, Measure: Count, Var1: Highest qualification (Not elsewhere included)"
2023 Census totals by topic for individuals by statistical area 1 (SA1) - part 2,VAR_2_236,VAR_2_236,Individual,Census usually resident population count aged 15 years and over,2018,Count,Highest qualification,Total,"Subject pop: Census usually resident population count aged 15 years and over, Year: 2018, Measure: Count, Var1: Highest qualification (Total)"
2023 Census totals by topic for individuals by statistical area 1 (SA1) - part 2,VAR_2_237,VAR_2_237,Individual,Census usually resident population count aged 15 years and over,2018,Count,Highest qualification,Total stated,"Subject pop: Census usually resident population count aged 15 years and over, Year: 2018, Measure: Count, Var1: Highest qualification (Total stated)"
2023 Census totals by topic for individuals by statistical area 1 (SA1) - part 2,VAR_2_238,VAR_2_238,Individual,Census usually resident population count aged 15 years and over,2023,Count,Highest qualification,No qualification,"Subject pop: Census usually resident population count aged 15 years and over, Year: 2023, Measure: Count, Var1: Highest qualification (No qualification)"
2023 Census totals by topic for individuals by statistical area 1 (SA1) - part 2,VAR_2_239,VAR_2_239,Individual,Census usually resident population count aged 15 years and over,2023,Count,Highest qualification,Level 1 certificate,"Subject pop: Census usually resident population count aged 15 years and over, Year: 2023, Measure: Count, Var1: Highest qualification (Level 1 certificate)"
2023 Census totals by topic for individuals by statistical area 1 (SA1) - part 2,VAR_2_240,VAR_2_240,Individual,Census usually resident population count aged 15 years and over,2023,Count,Highest qualification,Level 2 certificate,"Subject pop: Census usually resident population count aged 15 years and over, Year: 2023, Measure: Count, Var1: Highest qualification (Level 2 certificate)"
2023 Census totals by topic for individuals by statistical area 1 (SA1) - part 2,VAR_2_241,VAR_2_241,Individual,Census usually resident population count aged 15 years and over,2023,Count,Highest qualification,Level 3 certificate,"Subject pop: Census usually resident population count aged 15 years and over, Year: 2023, Measure: Count, Var1: Highest qualification (Level 3 certificate)"
2023 Census totals by topic for individuals by statistical area 1 (SA1) - part 2,VAR_2_242,VAR_2_242,Individual,Census usually resident population count aged 15 years and over,2023,Count,Highest qualification,Level 4 certificate,"Subject pop: Census usually resident population count aged 15 years and over, Year: 2023, Measure: Count, Var1: Highest qualification (Level 4 certificate)"
2023 Census totals by topic for individuals by statistical area 1 (SA1) - part 2,VAR_2_243,VAR_2_243,Individual,Census usually resident population count aged 15 years and over,2023,Count,Highest qualification,Level 5 diploma,"Subject pop: Census usually resident population count aged 15 years and over, Year: 2023, Measure: Count, Var1: Highest qualification (Level 5 diploma)"
2023 Census totals by topic for individuals by statistical area 1 (SA1) - part 2,VAR_2_244,VAR_2_244,Individual,Census usually resident population count aged 15 years and over,2023,Count,Highest qualification,Level 6 diploma,"Subject pop: Census usually resident population count aged 15 years and over, Year: 2023, Measure: Count, Var1: Highest qualification (Level 6 diploma)"
2023 Census totals by topic for individuals by statistical area 1 (SA1) - part 2,VAR_2_245,VAR_2_245,Individual,Census usually resident population count aged 15 years and over,2023,Count,Highest qualification,Bachelor degree and Level 7 qualification,"Subject pop: Census usually resident population count aged 15 years and over, Year: 2023, Measure: Count, Var1: Highest qualification (Bachelor degree and Level 7 qualification)"
2023 Census totals by topic for individuals by statistical area 1 (SA1) - part 2,VAR_2_246,VAR_2_246,Individual,Census usually resident population count aged 15 years and over,2023,Count,Highest qualification,Post-graduate and honours degrees,"Subject pop: Census usually resident population count aged 15 years and over, Year: 2023, Measure: Count, Var1: Highest qualification (Post-graduate and honours degrees)"
2023 Census totals by topic for individuals by statistical area 1 (SA1) - part 2,VAR_2_247,VAR_2_247,Individual,Census usually resident population count aged 15 years and over,2023,Count,Highest qualification,Masters degree,"Subject pop: Census usually resident population count aged 15 years and over, Year: 2023, Measure: Count, Var1: Highest qualification (Masters degree)"
2023 Census totals by topic for individuals by statistical area 1 (SA1) - part 2,VAR_2_248,VAR_2_248,Individual,Census usually resident population count aged 15 years and over,2023,Count,Highest qualification,Doctorate degree,"Subject pop: Census usually resident population count aged 15 years and over, Year: 2023, Measure: Count, Var1: Highest qualification (Doctorate degree)"
2023 Census totals by topic for individuals by statistical area 1 (SA1) - part 2,VAR_2_249,VAR_2_249,Individual,Census usually resident population count aged 15 years and over,2023,Count,Highest qualification,Overseas secondary school qualification,"Subject pop: Census usually resident population count aged 15 years and over, Year: 2023, Measure: Count, Var1: Highest qualification (Overseas secondary school qualification)"
2023 Census totals by topic for individuals by statistical area 1 (SA1) - part 2,VAR_2_250,VAR_2_250,Individual,Census usually resident population count aged 15 years and over,2023,Count,Highest qualification,Not elsewhere included,"Subject pop: Census usually resident population count aged 15 years and over, Year: 2023, Measure: Count, Var1: Highest qualification (Not elsewhere included)"
2023 Census totals by topic for individuals by statistical area 1 (SA1) - part 2,VAR_2_251,VAR_2_251,Individual,Census usually resident population count aged 15 years and over,2023,Count,Highest qualification,Total,"Subject pop: Census usually resident population count aged 15 years and over, Year: 2023, Measure: Count, Var1: Highest qualification (Total)"
2023 Census totals by topic for individuals by statistical area 1 (SA1) - part 2,VAR_2_252,VAR_2_252,Individual,Census usually resident population count aged 15 years and over,2023,Count,Highest qualification,Total stated,"Subject pop: Census usually resident population count aged 15 years and over, Year: 2023, Measure: Count, Var1: Highest qualification (Total stated)"
2023 Census totals by topic for individuals by statistical area 1 (SA1) - part 2,VAR_2_253,VAR_2_253,Individual,Census usually resident population count aged 15 years and over,2018,Count,Post-school qualification in New Zealand indicator,No post-school qualification,"Subject pop: Census usually resident population count aged 15 years and over, Year: 2018, Measure: Count, Var1: Post-school qualification in New Zealand indicator (No post-school qualification)"
2023 Census totals by topic for individuals by statistical area 1 (SA1) - part 2,VAR_2_254,VAR_2_254,Individual,Census usually resident population count aged 15 years and over,2018,Count,Post-school qualification in New Zealand indicator,New Zealand,"Subject pop: Census usually resident population count aged 15 years and over, Year: 2018, Measure: Count, Var1: Post-school qualification in New Zealand indicator (New Zealand)"
2023 Census totals by topic for individuals by statistical area 1 (SA1) - part 2,VAR_2_255,VAR_2_255,Individual,Census usually resident population count aged 15 years and over,2018,Count,Post-school qualification in New Zealand indicator,Overseas,"Subject pop: Census usually resident population count aged 15 years and over, Year: 2018, Measure: Count, Var1: Post-school qualification in New Zealand indicator (Overseas)"
2023 Census totals by topic for individuals by statistical area 1 (SA1) - part 2,VAR_2_256,VAR_2_256,Individual,Census usually resident population count aged 15 years and over,2018,Count,Post-school qualification in New Zealand indicator,Not elsewhere included,"Subject pop: Census usually resident population count aged 15 years and over, Year: 2018, Measure: Count, Var1: Post-school qualification in New Zealand indicator (Not elsewhere included)"
2023 Census totals by topic for individuals by statistical area 1 (SA1) - part 2,VAR_2_257,VAR_2_257,Individual,Census usually resident population count aged 15 years and over,2018,Count,Post-school qualification in New Zealand indicator,Total,"Subject pop: Census usually resident population count aged 15 years and over, Year: 2018, Measure: Count, Var1: Post-school qualification in New Zealand indicator (Total)"
2023 Census totals by topic for individuals by statistical area 1 (SA1) - part 2,VAR_2_258,VAR_2_258,Individual,Census usually resident population count aged 15 years and over,2018,Count,Post-school qualification in New Zealand indicator,Total stated,"Subject pop: Census usually resident population count aged 15 years and over, Year: 2018, Measure: Count, Var1: Post-school qualification in New Zealand indicator (Total stated)"
2023 Census totals by topic for individuals by statistical area 1 (SA1) - part 2,VAR_2_259,VAR_2_259,Individual,Census usually resident population count aged 15 years and over,2023,Count,Post-school qualification in New Zealand indicator,No post-school qualification,"Subject pop: Census usually resident population count aged 15 years and over, Year: 2023, Measure: Count, Var1: Post-school qualification in New Zealand indicator (No post-school qualification)"
2023 Census totals by topic for individuals by statistical area 1 (SA1) - part 2,VAR_2_260,VAR_2_260,Individual,Census usually resident population count aged 15 years and over,2023,Count,Post-school qualification in New Zealand indicator,New Zealand,"Subject pop: Census usually resident population count aged 15 years and over, Year: 2023, Measure: Count, Var1: Post-school qualification in New Zealand indicator (New Zealand)"
2023 Census totals by topic for individuals by statistical area 1 (SA1) - part 2,VAR_2_261,VAR_2_261,Individual,Census usually resident population count aged 15 years and over,2023,Count,Post-school qualification in New Zealand indicator,Overseas,"Subject pop: Census usually resident population count aged 15 years and over, Year: 2023, Measure: Count, Var1: Post-school qualification in New Zealand indicator (Overseas)"
2023 Census totals by topic for individuals by statistical area 1 (SA1) - part 2,VAR_2_262,VAR_2_262,Individual,Census usually resident population count aged 15 years and over,2023,Count,Post-school qualification in New Zealand indicator,Not elsewhere included,"Subject pop: Census usually resident population count aged 15 years and over, Year: 2023, Measure: Count, Var1: Post-school qualification in New Zealand indicator (Not elsewhere included)"
2023 Census totals by topic for individuals by statistical area 1 (SA1) - part 2,VAR_2_263,VAR_2_263,Individual,Census usually resident population count aged 15 years and over,2023,Count,Post-school qualification in New Zealand indicator,Total,"Subject pop: Census usually resident population count aged 15 years and over, Year: 2023, Measure: Count, Var1: Post-school qualification in New Zealand indicator (Total)"
2023 Census totals by topic for individuals by statistical area 1 (SA1) - part 2,VAR_2_264,VAR_2_264,Individual,Census usually resident population count aged 15 years and over,2023,Count,Post-school qualification in New Zealand indicator,Total stated,"Subject pop: Census usually resident population count aged 15 years and over, Year: 2023, Measure: Count, Var1: Post-school qualification in New Zealand indicator (Total stated)"
2023 Census totals by topic for individuals by statistical area 1 (SA1) - part 2,VAR_2_265,VAR_2_265,Individual,Census usually resident population count aged 15 years and over,2013,Count,Highest secondary school qualification,No qualification,"Subject pop: Census usually resident population count aged 15 years and over, Year: 2013, Measure: Count, Var1: Highest secondary school qualification (No qualification)"
2023 Census totals by topic for individuals by statistical area 1 (SA1) - part 2,VAR_2_266,VAR_2_266,Individual,Census usually resident population count aged 15 years and over,2013,Count,Highest secondary school qualification,Level 1 certificate,"Subject pop: Census usually resident population count aged 15 years and over, Year: 2013, Measure: Count, Var1: Highest secondary school qualification (Level 1 certificate)"
2023 Census totals by topic for individuals by statistical area 1 (SA1) - part 2,VAR_2_267,VAR_2_267,Individual,Census usually resident population count aged 15 years and over,2013,Count,Highest secondary school qualification,Level 2 certificate,"Subject pop: Census usually resident population count aged 15 years and over, Year: 2013, Measure: Count, Var1: Highest secondary school qualification (Level 2 certificate)"
2023 Census totals by topic for individuals by statistical area 1 (SA1) - part 2,VAR_2_268,VAR_2_268,Individual,Census usually resident population count aged 15 years and over,2013,Count,Highest secondary school qualification,Level 3 or 4 certificate,"Subject pop: Census usually resident population count aged 15 years and over, Year: 2013, Measure: Count, Var1: Highest secondary school qualification (Level 3 or 4 certificate)"
2023 Census totals by topic for individuals by statistical area 1 (SA1) - part 2,VAR_2_269,VAR_2_269,Individual,Census usually resident population count aged 15 years and over,2013,Count,Highest secondary school qualification,Overseas secondary school qualification,"Subject pop: Census usually resident population count aged 15 years and over, Year: 2013, Measure: Count, Var1: Highest secondary school qualification (Overseas secondary school qualification)"
2023 Census totals by topic for individuals by statistical area 1 (SA1) - part 2,VAR_2_270,VAR_2_270,Individual,Census usually resident population count aged 15 years and over,2013,Count,Highest secondary school qualification,Not elsewhere included,"Subject pop: Census usually resident population count aged 15 years and over, Year: 2013, Measure: Count, Var1: Highest secondary school qualification (Not elsewhere included)"
2023 Census totals by topic for individuals by statistical area 1 (SA1) - part 2,VAR_2_271,VAR_2_271,Individual,Census usually resident population count aged 15 years and over,2013,Count,Highest secondary school qualification,Total,"Subject pop: Census usually resident population count aged 15 years and over, Year: 2013, Measure: Count, Var1: Highest secondary school qualification (Total)"
2023 Census totals by topic for individuals by statistical area 1 (SA1) - part 2,VAR_2_272,VAR_2_272,Individual,Census usually resident population count aged 15 years and over,2013,Count,Highest secondary school qualification,Total stated,"Subject pop: Census usually resident population count aged 15 years and over, Year: 2013, Measure: Count, Var1: Highest secondary school qualification (Total stated)"
2023 Census totals by topic for individuals by statistical area 1 (SA1) - part 2,VAR_2_273,VAR_2_273,Individual,Census usually resident population count aged 15 years and over,2018,Count,Highest secondary school qualification,No qualification,"Subject pop: Census usually resident population count aged 15 years and over, Year: 2018, Measure: Count, Var1: Highest secondary school qualification (No qualification)"
2023 Census totals by topic for individuals by statistical area 1 (SA1) - part 2,VAR_2_274,VAR_2_274,Individual,Census usually resident population count aged 15 years and over,2018,Count,Highest secondary school qualification,Level 1 certificate,"Subject pop: Census usually resident population count aged 15 years and over, Year: 2018, Measure: Count, Var1: Highest secondary school qualification (Level 1 certificate)"
2023 Census totals by topic for individuals by statistical area 1 (SA1) - part 2,VAR_2_275,VAR_2_275,Individual,Census usually resident population count aged 15 years and over,2018,Count,Highest secondary school qualification,Level 2 certificate,"Subject pop: Census usually resident population count aged 15 years and over, Year: 2018, Measure: Count, Var1: Highest secondary school qualification (Level 2 certificate)"
2023 Census totals by topic for individuals by statistical area 1 (SA1) - part 2,VAR_2_276,VAR_2_276,Individual,Census usually resident population count aged 15 years and over,2018,Count,Highest secondary school qualification,Level 3 or 4 certificate,"Subject pop: Census usually resident population count aged 15 years and over, Year: 2018, Measure: Count, Var1: Highest secondary school qualification (Level 3 or 4 certificate)"
2023 Census totals by topic for individuals by statistical area 1 (SA1) - part 2,VAR_2_277,VAR_2_277,Individual,Census usually resident population count aged 15 years and over,2018,Count,Highest secondary school qualification,Overseas secondary school qualification,"Subject pop: Census usually resident population count aged 15 years and over, Year: 2018, Measure: Count, Var1: Highest secondary school qualification (Overseas secondary school qualification)"
2023 Census totals by topic for individuals by statistical area 1 (SA1) - part 2,VAR_2_278,VAR_2_278,Individual,Census usually resident population count aged 15 years and over,2018,Count,Highest secondary school qualification,Not elsewhere included,"Subject pop: Census usually resident population count aged 15 years and over, Year: 2018, Measure: Count, Var1: Highest secondary school qualification (Not elsewhere included)"
2023 Census totals by topic for individuals by statistical area 1 (SA1) - part 2,VAR_2_279,VAR_2_279,Individual,Census usually resident population count aged 15 years and over,2018,Count,Highest secondary school qualification,Total,"Subject pop: Census usually resident population count aged 15 years and over, Year: 2018, Measure: Count, Var1: Highest secondary school qualification (Total)"
2023 Census totals by topic for individuals by statistical area 1 (SA1) - part 2,VAR_2_280,VAR_2_280,Individual,Census usually resident population count aged 15 years and over,2018,Count,Highest secondary school qualification,Total stated,"Subject pop: Census usually resident population count aged 15 years and over, Year: 2018, Measure: Count, Var1: Highest secondary school qualification (Total stated)"
2023 Census totals by topic for individuals by statistical area 1 (SA1) - part 2,VAR_2_281,VAR_2_281,Individual,Census usually resident population count aged 15 years and over,2023,Count,Highest secondary school qualification,No qualification,"Subject pop: Census usually resident population count aged 15 years and over, Year: 2023, Measure: Count, Var1: Highest secondary school qualification (No qualification)"
2023 Census totals by topic for individuals by statistical area 1 (SA1) - part 2,VAR_2_282,VAR_2_282,Individual,Census usually resident population count aged 15 years and over,2023,Count,Highest secondary school qualification,Level 1 certificate,"Subject pop: Census usually resident population count aged 15 years and over, Year: 2023, Measure: Count, Var1: Highest secondary school qualification (Level 1 certificate)"
2023 Census totals by topic for individuals by statistical area 1 (SA1) - part 2,VAR_2_283,VAR_2_283,Individual,Census usually resident population count aged 15 years and over,2023,Count,Highest secondary school qualification,Level 2 certificate,"Subject pop: Census usually resident population count aged 15 years and over, Year: 2023, Measure: Count, Var1: Highest secondary school qualification (Level 2 certificate)"
2023 Census totals by topic for individuals by statistical area 1 (SA1) - part 2,VAR_2_284,VAR_2_284,Individual,Census usually resident population count aged 15 years and over,2023,Count,Highest secondary school qualification,Level 3 or 4 certificate,"Subject pop: Census usually resident population count aged 15 years and over, Year: 2023, Measure: Count, Var1: Highest secondary school qualification (Level 3 or 4 certificate)"
2023 Census totals by topic for individuals by statistical area 1 (SA1) - part 2,VAR_2_285,VAR_2_285,Individual,Census usually resident population count aged 15 years and over,2023,Count,Highest secondary school qualification,Overseas secondary school qualification,"Subject pop: Census usually resident population count aged 15 years and over, Year: 2023, Measure: Count, Var1: Highest secondary school qualification (Overseas secondary school qualification)"
2023 Census totals by topic for individuals by statistical area 1 (SA1) - part 2,VAR_2_286,VAR_2_286,Individual,Census usually resident population count aged 15 years and over,2023,Count,Highest secondary school qualification,Not elsewhere included,"Subject pop: Census usually resident population count aged 15 years and over, Year: 2023, Measure: Count, Var1: Highest secondary school qualification (Not elsewhere included)"
2023 Census totals by topic for individuals by statistical area 1 (SA1) - part 2,VAR_2_287,VAR_2_287,Individual,Census usually resident population count aged 15 years and over,2023,Count,Highest secondary school qualification,Total,"Subject pop: Census usually resident population count aged 15 years and over, Year: 2023, Measure: Count, Var1: Highest secondary school qualification (Total)"
2023 Census totals by topic for individuals by statistical area 1 (SA1) - part 2,VAR_2_288,VAR_2_288,Individual,Census usually resident population count aged 15 years and over,2023,Count,Highest secondary school qualification,Total stated,"Subject pop: Census usually resident population count aged 15 years and over, Year: 2023, Measure: Count, Var1: Highest secondary school qualification (Total stated)"
2023 Census totals by topic for individuals by statistical area 1 (SA1) - part 2,VAR_2_289,VAR_2_289,Individual,Census usually resident population count aged 15 years and over,2013,Count,Post-school qualification level of attainment,No post-school qualification,"Subject pop: Census usually resident population count aged 15 years and over, Year: 2013, Measure: Count, Var1: Post-school qualification level of attainment (No post-school qualification)"
2023 Census totals by topic for individuals by statistical area 1 (SA1) - part 2,VAR_2_290,VAR_2_290,Individual,Census usually resident population count aged 15 years and over,2013,Count,Post-school qualification level of attainment,Level 1 Certificate,"Subject pop: Census usually resident population count aged 15 years and over, Year: 2013, Measure: Count, Var1: Post-school qualification level of attainment (Level 1 Certificate)"
2023 Census totals by topic for individuals by statistical area 1 (SA1) - part 2,VAR_2_291,VAR_2_291,Individual,Census usually resident population count aged 15 years and over,2013,Count,Post-school qualification level of attainment,Level 2 Certificate,"Subject pop: Census usually resident population count aged 15 years and over, Year: 2013, Measure: Count, Var1: Post-school qualification level of attainment (Level 2 Certificate)"
2023 Census totals by topic for individuals by statistical area 1 (SA1) - part 2,VAR_2_292,VAR_2_292,Individual,Census usually resident population count aged 15 years and over,2013,Count,Post-school qualification level of attainment,Level 3 Certificate,"Subject pop: Census usually resident population count aged 15 years and over, Year: 2013, Measure: Count, Var1: Post-school qualification level of attainment (Level 3 Certificate)"
2023 Census totals by topic for individuals by statistical area 1 (SA1) - part 2,VAR_2_293,VAR_2_293,Individual,Census usually resident population count aged 15 years and over,2013,Count,Post-school qualification level of attainment,Level 4 Certificate,"Subject pop: Census usually resident population count aged 15 years and over, Year: 2013, Measure: Count, Var1: Post-school qualification level of attainment (Level 4 Certificate)"
2023 Census totals by topic for individuals by statistical area 1 (SA1) - part 2,VAR_2_294,VAR_2_294,Individual,Census usually resident population count aged 15 years and over,2013,Count,Post-school qualification level of attainment,Level 5 Diploma,"Subject pop: Census usually resident population count aged 15 years and over, Year: 2013, Measure: Count, Var1: Post-school qualification level of attainment (Level 5 Diploma)"
2023 Census totals by topic for individuals by statistical area 1 (SA1) - part 2,VAR_2_295,VAR_2_295,Individual,Census usually resident population count aged 15 years and over,2013,Count,Post-school qualification level of attainment,Level 6 Diploma,"Subject pop: Census usually resident population count aged 15 years and over, Year: 2013, Measure: Count, Var1: Post-school qualification level of attainment (Level 6 Diploma)"
2023 Census totals by topic for individuals by statistical area 1 (SA1) - part 2,VAR_2_296,VAR_2_296,Individual,Census usually resident population count aged 15 years and over,2013,Count,Post-school qualification level of attainment,Bachelor Degree and Level 7 qualification,"Subject pop: Census usually resident population count aged 15 years and over, Year: 2013, Measure: Count, Var1: Post-school qualification level of attainment (Bachelor Degree and Level 7 qualification)"
2023 Census totals by topic for individuals by statistical area 1 (SA1) - part 2,VAR_2_297,VAR_2_297,Individual,Census usually resident population count aged 15 years and over,2013,Count,Post-school qualification level of attainment,Post-graduate and Honours Degrees,"Subject pop: Census usually resident population count aged 15 years and over, Year: 2013, Measure: Count, Var1: Post-school qualification level of attainment (Post-graduate and Honours Degrees)"
2023 Census totals by topic for individuals by statistical area 1 (SA1) - part 2,VAR_2_298,VAR_2_298,Individual,Census usually resident population count aged 15 years and over,2013,Count,Post-school qualification level of attainment,Masters Degree,"Subject pop: Census usually resident population count aged 15 years and over, Year: 2013, Measure: Count, Var1: Post-school qualification level of attainment (Masters Degree)"
2023 Census totals by topic for individuals by statistical area 1 (SA1) - part 2,VAR_2_299,VAR_2_299,Individual,Census usually resident population count aged 15 years and over,2013,Count,Post-school qualification level of attainment,Doctorate Degree,"Subject pop: Census usually resident population count aged 15 years and over, Year: 2013, Measure: Count, Var1: Post-school qualification level of attainment (Doctorate Degree)"
2023 Census totals by topic for individuals by statistical area 1 (SA1) - part 2,VAR_2_300,VAR_2_300,Individual,Census usually resident population count aged 15 years and over,2013,Count,Post-school qualification level of attainment,Level not given (but subject given),"Subject pop: Census usually resident population count aged 15 years and over, Year: 2013, Measure: Count, Var1: Post-school qualification level of attainment (Level not given (but subject given))"
2023 Census totals by topic for individuals by statistical area 1 (SA1) - part 2,VAR_2_301,VAR_2_301,Individual,Census usually resident population count aged 15 years and over,2013,Count,Post-school qualification level of attainment,Not elsewhere included,"Subject pop: Census usually resident population count aged 15 years and over, Year: 2013, Measure: Count, Var1: Post-school qualification level of attainment (Not elsewhere included)"
2023 Census totals by topic for individuals by statistical area 1 (SA1) - part 2,VAR_2_302,VAR_2_302,Individual,Census usually resident population count aged 15 years and over,2013,Count,Post-school qualification level of attainment,Total,"Subject pop: Census usually resident population count aged 15 years and over, Year: 2013, Measure: Count, Var1: Post-school qualification level of attainment (Total)"
2023 Census totals by topic for individuals by statistical area 1 (SA1) - part 2,VAR_2_303,VAR_2_303,Individual,Census usually resident population count aged 15 years and over,2013,Count,Post-school qualification level of attainment,Total stated,"Subject pop: Census usually resident population count aged 15 years and over, Year: 2013, Measure: Count, Var1: Post-school qualification level of attainment (Total stated)"
2023 Census totals by topic for individuals by statistical area 1 (SA1) - part 2,VAR_2_304,VAR_2_304,Individual,Census usually resident population count aged 15 years and over,2018,Count,Post-school qualification level of attainment,No post-school qualification,"Subject pop: Census usually resident population count aged 15 years and over, Year: 2018, Measure: Count, Var1: Post-school qualification level of attainment (No post-school qualification)"
2023 Census totals by topic for individuals by statistical area 1 (SA1) - part 2,VAR_2_305,VAR_2_305,Individual,Census usually resident population count aged 15 years and over,2018,Count,Post-school qualification level of attainment,Level 1 Certificate,"Subject pop: Census usually resident population count aged 15 years and over, Year: 2018, Measure: Count, Var1: Post-school qualification level of attainment (Level 1 Certificate)"
2023 Census totals by topic for individuals by statistical area 1 (SA1) - part 2,VAR_2_306,VAR_2_306,Individual,Census usually resident population count aged 15 years and over,2018,Count,Post-school qualification level of attainment,Level 2 Certificate,"Subject pop: Census usually resident population count aged 15 years and over, Year: 2018, Measure: Count, Var1: Post-school qualification level of attainment (Level 2 Certificate)"
2023 Census totals by topic for individuals by statistical area 1 (SA1) - part 2,VAR_2_307,VAR_2_307,Individual,Census usually resident population count aged 15 years and over,2018,Count,Post-school qualification level of attainment,Level 3 Certificate,"Subject pop: Census usually resident population count aged 15 years and over, Year: 2018, Measure: Count, Var1: Post-school qualification level of attainment (Level 3 Certificate)"
2023 Census totals by topic for individuals by statistical area 1 (SA1) - part 2,VAR_2_308,VAR_2_308,Individual,Census usually resident population count aged 15 years and over,2018,Count,Post-school qualification level of attainment,Level 4 Certificate,"Subject pop: Census usually resident population count aged 15 years and over, Year: 2018, Measure: Count, Var1: Post-school qualification level of attainment (Level 4 Certificate)"
2023 Census totals by topic for individuals by statistical area 1 (SA1) - part 2,VAR_2_309,VAR_2_309,Individual,Census usually resident population count aged 15 years and over,2018,Count,Post-school qualification level of attainment,Level 5 Diploma,"Subject pop: Census usually resident population count aged 15 years and over, Year: 2018, Measure: Count, Var1: Post-school qualification level of attainment (Level 5 Diploma)"
2023 Census totals by topic for individuals by statistical area 1 (SA1) - part 2,VAR_2_310,VAR_2_310,Individual,Census usually resident population count aged 15 years and over,2018,Count,Post-school qualification level of attainment,Level 6 Diploma,"Subject pop: Census usually resident population count aged 15 years and over, Year: 2018, Measure: Count, Var1: Post-school qualification level of attainment (Level 6 Diploma)"
2023 Census totals by topic for individuals by statistical area 1 (SA1) - part 2,VAR_2_311,VAR_2_311,Individual,Census usually resident population count aged 15 years and over,2018,Count,Post-school qualification level of attainment,Bachelor Degree and Level 7 qualification,"Subject pop: Census usually resident population count aged 15 years and over, Year: 2018, Measure: Count, Var1: Post-school qualification level of attainment (Bachelor Degree and Level 7 qualification)"
2023 Census totals by topic for individuals by statistical area 1 (SA1) - part 2,VAR_2_312,VAR_2_312,Individual,Census usually resident population count aged 15 years and over,2018,Count,Post-school qualification level of attainment,Post-graduate and Honours Degrees,"Subject pop: Census usually resident population count aged 15 years and over, Year: 2018, Measure: Count, Var1: Post-school qualification level of attainment (Post-graduate and Honours Degrees)"
2023 Census totals by topic for individuals by statistical area 1 (SA1) - part 2,VAR_2_313,VAR_2_313,Individual,Census usually resident population count aged 15 years and over,2018,Count,Post-school qualification level of attainment,Masters Degree,"Subject pop: Census usually resident population count aged 15 years and over, Year: 2018, Measure: Count, Var1: Post-school qualification level of attainment (Masters Degree)"
2023 Census totals by topic for individuals by statistical area 1 (SA1) - part 2,VAR_2_314,VAR_2_314,Individual,Census usually resident population count aged 15 years and over,2018,Count,Post-school qualification level of attainment,Doctorate Degree,"Subject pop: Census usually resident population count aged 15 years and over, Year: 2018, Measure: Count, Var1: Post-school qualification level of attainment (Doctorate Degree)"
2023 Census totals by topic for individuals by statistical area 1 (SA1) - part 2,VAR_2_315,VAR_2_315,Individual,Census usually resident population count aged 15 years and over,2018,Count,Post-school qualification level of attainment,Level not given (but subject given),"Subject pop: Census usually resident population count aged 15 years and over, Year: 2018, Measure: Count, Var1: Post-school qualification level of attainment (Level not given (but subject given))"
2023 Census totals by topic for individuals by statistical area 1 (SA1) - part 2,VAR_2_316,VAR_2_316,Individual,Census usually resident population count aged 15 years and over,2018,Count,Post-school qualification level of attainment,Not elsewhere included,"Subject pop: Census usually resident population count aged 15 years and over, Year: 2018, Measure: Count, Var1: Post-school qualification level of attainment (Not elsewhere included)"
2023 Census totals by topic for individuals by statistical area 1 (SA1) - part 2,VAR_2_317,VAR_2_317,Individual,Census usually resident population count aged 15 years and over,2018,Count,Post-school qualification level of attainment,Total,"Subject pop: Census usually resident population count aged 15 years and over, Year: 2018, Measure: Count, Var1: Post-school qualification level of attainment (Total)"
2023 Census totals by topic for individuals by statistical area 1 (SA1) - part 2,VAR_2_318,VAR_2_318,Individual,Census usually resident population count aged 15 years and over,2018,Count,Post-school qualification level of attainment,Total stated,"Subject pop: Census usually resident population count aged 15 years and over, Year: 2018, Measure: Count, Var1: Post-school qualification level of attainment (Total stated)"
2023 Census totals by topic for individuals by statistical area 1 (SA1) - part 2,VAR_2_319,VAR_2_319,Individual,Census usually resident population count aged 15 years and over,2023,Count,Post-school qualification level of attainment,No post-school qualification,"Subject pop: Census usually resident population count aged 15 years and over, Year: 2023, Measure: Count, Var1: Post-school qualification level of attainment (No post-school qualification)"
2023 Census totals by topic for individuals by statistical area 1 (SA1) - part 2,VAR_2_320,VAR_2_320,Individual,Census usually resident population count aged 15 years and over,2023,Count,Post-school qualification level of attainment,Level 1 Certificate,"Subject pop: Census usually resident population count aged 15 years and over, Year: 2023, Measure: Count, Var1: Post-school qualification level of attainment (Level 1 Certificate)"
2023 Census totals by topic for individuals by statistical area 1 (SA1) - part 2,VAR_2_321,VAR_2_321,Individual,Census usually resident population count aged 15 years and over,2023,Count,Post-school qualification level of attainment,Level 2 Certificate,"Subject pop: Census usually resident population count aged 15 years and over, Year: 2023, Measure: Count, Var1: Post-school qualification level of attainment (Level 2 Certificate)"
2023 Census totals by topic for individuals by statistical area 1 (SA1) - part 2,VAR_2_322,VAR_2_322,Individual,Census usually resident population count aged 15 years and over,2023,Count,Post-school qualification level of attainment,Level 3 Certificate,"Subject pop: Census usually resident population count aged 15 years and over, Year: 2023, Measure: Count, Var1: Post-school qualification level of attainment (Level 3 Certificate)"
2023 Census totals by topic for individuals by statistical area 1 (SA1) - part 2,VAR_2_323,VAR_2_323,Individual,Census usually resident population count aged 15 years and over,2023,Count,Post-school qualification level of attainment,Level 4 Certificate,"Subject pop: Census usually resident population count aged 15 years and over, Year: 2023, Measure: Count, Var1: Post-school qualification level of attainment (Level 4 Certificate)"
2023 Census totals by topic for individuals by statistical area 1 (SA1) - part 2,VAR_2_324,VAR_2_324,Individual,Census usually resident population count aged 15 years and over,2023,Count,Post-school qualification level of attainment,Level 5 Diploma,"Subject pop: Census usually resident population count aged 15 years and over, Year: 2023, Measure: Count, Var1: Post-school qualification level of attainment (Level 5 Diploma)"
2023 Census totals by topic for individuals by statistical area 1 (SA1) - part 2,VAR_2_325,VAR_2_325,Individual,Census usually resident population count aged 15 years and over,2023,Count,Post-school qualification level of attainment,Level 6 Diploma,"Subject pop: Census usually resident population count aged 15 years and over, Year: 2023, Measure: Count, Var1: Post-school qualification level of attainment (Level 6 Diploma)"
2023 Census totals by topic for individuals by statistical area 1 (SA1) - part 2,VAR_2_326,VAR_2_326,Individual,Census usually resident population count aged 15 years and over,2023,Count,Post-school qualification level of attainment,Bachelor Degree and Level 7 qualification,"Subject pop: Census usually resident population count aged 15 years and over, Year: 2023, Measure: Count, Var1: Post-school qualification level of attainment (Bachelor Degree and Level 7 qualification)"
2023 Census totals by topic for individuals by statistical area 1 (SA1) - part 2,VAR_2_327,VAR_2_327,Individual,Census usually resident population count aged 15 years and over,2023,Count,Post-school qualification level of attainment,Post-graduate and Honours Degrees,"Subject pop: Census usually resident population count aged 15 years and over, Year: 2023, Measure: Count, Var1: Post-school qualification level of attainment (Post-graduate and Honours Degrees)"
2023 Census totals by topic for individuals by statistical area 1 (SA1) - part 2,VAR_2_328,VAR_2_328,Individual,Census usually resident population count aged 15 years and over,2023,Count,Post-school qualification level of attainment,Masters Degree,"Subject pop: Census usually resident population count aged 15 years and over, Year: 2023, Measure: Count, Var1: Post-school qualification level of attainment (Masters Degree)"
2023 Census totals by topic for individuals by statistical area 1 (SA1) - part 2,VAR_2_329,VAR_2_329,Individual,Census usually resident population count aged 15 years and over,2023,Count,Post-school qualification level of attainment,Doctorate Degree,"Subject pop: Census usually resident population count aged 15 years and over, Year: 2023, Measure: Count, Var1: Post-school qualification level of attainment (Doctorate Degree)"
2023 Census totals by topic for individuals by statistical area 1 (SA1) - part 2,VAR_2_330,VAR_2_330,Individual,Census usually resident population count aged 15 years and over,2023,Count,Post-school qualification level of attainment,Level not given (but subject given),"Subject pop: Census usually resident population count aged 15 years and over, Year: 2023, Measure: Count, Var1: Post-school qualification level of attainment (Level not given (but subject given))"
2023 Census totals by topic for individuals by statistical area 1 (SA1) - part 2,VAR_2_331,VAR_2_331,Individual,Census usually resident population count aged 15 years and over,2023,Count,Post-school qualification level of attainment,Not elsewhere included,"Subject pop: Census usually resident population count aged 15 years and over, Year: 2023, Measure: Count, Var1: Post-school qualification level of attainment (Not elsewhere included)"
2023 Census totals by topic for individuals by statistical area 1 (SA1) - part 2,VAR_2_332,VAR_2_332,Individual,Census usually resident population count aged 15 years and over,2023,Count,Post-school qualification level of attainment,Total,"Subject pop: Census usually resident population count aged 15 years and over, Year: 2023, Measure: Count, Var1: Post-school qualification level of attainment (Total)"
2023 Census totals by topic for individuals by statistical area 1 (SA1) - part 2,VAR_2_333,VAR_2_333,Individual,Census usually resident population count aged 15 years and over,2023,Count,Post-school qualification level of attainment,Total stated,"Subject pop: Census usually resident population count aged 15 years and over, Year: 2023, Measure: Count, Var1: Post-school qualification level of attainment (Total stated)"
2023 Census totals by topic for individuals by statistical area 1 (SA1) - part 2,VAR_2_334,VAR_2_334,Individual,Census usually resident population count aged 15 years and over,2013,Count,Sources of personal income (total responses),No source of income during that time,"Subject pop: Census usually resident population count aged 15 years and over, Year: 2013, Measure: Count, Var1: Sources of personal income (No source of income during that time)"
2023 Census totals by topic for individuals by statistical area 1 (SA1) - part 2,VAR_2_335,VAR_2_335,Individual,Census usually resident population count aged 15 years and over,2013,Count,Sources of personal income (total responses),"Wages, salary, commissions, bonuses etc paid by my employer","Subject pop: Census usually resident population count aged 15 years and over, Year: 2013, Measure: Count, Var1: Sources of personal income (Wages, salary, commissions, bonuses etc paid by my employer)"
2023 Census totals by topic for individuals by statistical area 1 (SA1) - part 2,VAR_2_336,VAR_2_336,Individual,Census usually resident population count aged 15 years and over,2013,Count,Sources of personal income (total responses),Self-employment or business I own and work in,"Subject pop: Census usually resident population count aged 15 years and over, Year: 2013, Measure: Count, Var1: Sources of personal income (Self-employment or business I own and work in)"
2023 Census totals by topic for individuals by statistical area 1 (SA1) - part 2,VAR_2_337,VAR_2_337,Individual,Census usually resident population count aged 15 years and over,2013,Count,Sources of personal income (total responses),"Interest, dividends, rent, other investments","Subject pop: Census usually resident population count aged 15 years and over, Year: 2013, Measure: Count, Var1: Sources of personal income (Interest, dividends, rent, other investments)"
2023 Census totals by topic for individuals by statistical area 1 (SA1) - part 2,VAR_2_338,VAR_2_338,Individual,Census usually resident population count aged 15 years and over,2013,Count,Sources of personal income (total responses),Regular payments from ACC or a private work accident insurer,"Subject pop: Census usually resident population count aged 15 years and over, Year: 2013, Measure: Count, Var1: Sources of personal income (Regular payments from ACC or a private work accident insurer)"
2023 Census totals by topic for individuals by statistical area 1 (SA1) - part 2,VAR_2_339,VAR_2_339,Individual,Census usually resident population count aged 15 years and over,2013,Count,Sources of personal income (total responses),New Zealand Superannuation or Veteran's Pension,"Subject pop: Census usually resident population count aged 15 years and over, Year: 2013, Measure: Count, Var1: Sources of personal income (New Zealand Superannuation or Veteran's Pension)"
2023 Census totals by topic for individuals by statistical area 1 (SA1) - part 2,VAR_2_340,VAR_2_340,Individual,Census usually resident population count aged 15 years and over,2013,Count,Sources of personal income (total responses),"Other superannuation, pensions, or annuities (other than NZ Superannuation, Veteran's Pension or war pensions)","Subject pop: Census usually resident population count aged 15 years and over, Year: 2013, Measure: Count, Var1: Sources of personal income (Other superannuation, pensions, or annuities (other than NZ Superannuation, Veteran's Pension or war pensions))"
2023 Census totals by topic for individuals by statistical area 1 (SA1) - part 2,VAR_2_341,VAR_2_341,Individual,Census usually resident population count aged 15 years and over,2013,Count,Sources of personal income (total responses),Jobseeker Support,"Subject pop: Census usually resident population count aged 15 years and over, Year: 2013, Measure: Count, Var1: Sources of personal income (Jobseeker Support)"
2023 Census totals by topic for individuals by statistical area 1 (SA1) - part 2,VAR_2_342,VAR_2_342,Individual,Census usually resident population count aged 15 years and over,2013,Count,Sources of personal income (total responses),Sole Parent Support,"Subject pop: Census usually resident population count aged 15 years and over, Year: 2013, Measure: Count, Var1: Sources of personal income (Sole Parent Support)"
2023 Census totals by topic for individuals by statistical area 1 (SA1) - part 2,VAR_2_343,VAR_2_343,Individual,Census usually resident population count aged 15 years and over,2013,Count,Sources of personal income (total responses),Supported Living Payment,"Subject pop: Census usually resident population count aged 15 years and over, Year: 2013, Measure: Count, Var1: Sources of personal income (Supported Living Payment)"
2023 Census totals by topic for individuals by statistical area 1 (SA1) - part 2,VAR_2_344,VAR_2_344,Individual,Census usually resident population count aged 15 years and over,2013,Count,Sources of personal income (total responses),Student Allowance,"Subject pop: Census usually resident population count aged 15 years and over, Year: 2013, Measure: Count, Var1: Sources of personal income (Student Allowance)"
2023 Census totals by topic for individuals by statistical area 1 (SA1) - part 2,VAR_2_345,VAR_2_345,Individual,Census usually resident population count aged 15 years and over,2013,Count,Sources of personal income (total responses),"Other government benefits, government income support payments, war pensions or paid parental leave","Subject pop: Census usually resident population count aged 15 years and over, Year: 2013, Measure: Count, Var1: Sources of personal income (Other government benefits, government income support payments, war pensions or paid parental leave)"
2023 Census totals by topic for individuals by statistical area 1 (SA1) - part 2,VAR_2_346,VAR_2_346,Individual,Census usually resident population count aged 15 years and over,2013,Count,Sources of personal income (total responses),"Other sources of income, including support payments from people who do not live in my household","Subject pop: Census usually resident population count aged 15 years and over, Year: 2013, Measure: Count, Var1: Sources of personal income (Other sources of income, including support payments from people who do not live in my household)"
2023 Census totals by topic for individuals by statistical area 1 (SA1) - part 2,VAR_2_347,VAR_2_347,Individual,Census usually resident population count aged 15 years and over,2013,Count,Sources of personal income (total responses),Not stated,"Subject pop: Census usually resident population count aged 15 years and over, Year: 2013, Measure: Count, Var1: Sources of personal income (Not stated)"
2023 Census totals by topic for individuals by statistical area 1 (SA1) - part 2,VAR_2_348,VAR_2_348,Individual,Census usually resident population count aged 15 years and over,2013,Count,Sources of personal income (total responses),Total,"Subject pop: Census usually resident population count aged 15 years and over, Year: 2013, Measure: Count, Var1: Sources of personal income (Total)"
2023 Census totals by topic for individuals by statistical area 1 (SA1) - part 2,VAR_2_349,VAR_2_349,Individual,Census usually resident population count aged 15 years and over,2013,Count,Sources of personal income (total responses),Total stated,"Subject pop: Census usually resident population count aged 15 years and over, Year: 2013, Measure: Count, Var1: Sources of personal income (Total stated)"
2023 Census totals by topic for individuals by statistical area 1 (SA1) - part 2,VAR_2_350,VAR_2_350,Individual,Census usually resident population count aged 15 years and over,2018,Count,Sources of personal income (total responses),No source of income during that time,"Subject pop: Census usually resident population count aged 15 years and over, Year: 2018, Measure: Count, Var1: Sources of personal income (No source of income during that time)"
2023 Census totals by topic for individuals by statistical area 1 (SA1) - part 2,VAR_2_351,VAR_2_351,Individual,Census usually resident population count aged 15 years and over,2018,Count,Sources of personal income (total responses),"Wages, salary, commissions, bonuses etc paid by my employer","Subject pop: Census usually resident population count aged 15 years and over, Year: 2018, Measure: Count, Var1: Sources of personal income (Wages, salary, commissions, bonuses etc paid by my employer)"
2023 Census totals by topic for individuals by statistical area 1 (SA1) - part 2,VAR_2_352,VAR_2_352,Individual,Census usually resident population count aged 15 years and over,2018,Count,Sources of personal income (total responses),Self-employment or business I own and work in,"Subject pop: Census usually resident population count aged 15 years and over, Year: 2018, Measure: Count, Var1: Sources of personal income (Self-employment or business I own and work in)"
2023 Census totals by topic for individuals by statistical area 1 (SA1) - part 2,VAR_2_353,VAR_2_353,Individual,Census usually resident population count aged 15 years and over,2018,Count,Sources of personal income (total responses),"Interest, dividends, rent, other investments","Subject pop: Census usually resident population count aged 15 years and over, Year: 2018, Measure: Count, Var1: Sources of personal income (Interest, dividends, rent, other investments)"
2023 Census totals by topic for individuals by statistical area 1 (SA1) - part 2,VAR_2_354,VAR_2_354,Individual,Census usually resident population count aged 15 years and over,2018,Count,Sources of personal income (total responses),Regular payments from ACC or a private work accident insurer,"Subject pop: Census usually resident population count aged 15 years and over, Year: 2018, Measure: Count, Var1: Sources of personal income (Regular payments from ACC or a private work accident insurer)"
2023 Census totals by topic for individuals by statistical area 1 (SA1) - part 2,VAR_2_355,VAR_2_355,Individual,Census usually resident population count aged 15 years and over,2018,Count,Sources of personal income (total responses),New Zealand Superannuation or Veteran's Pension,"Subject pop: Census usually resident population count aged 15 years and over, Year: 2018, Measure: Count, Var1: Sources of personal income (New Zealand Superannuation or Veteran's Pension)"
2023 Census totals by topic for individuals by statistical area 1 (SA1) - part 2,VAR_2_356,VAR_2_356,Individual,Census usually resident population count aged 15 years and over,2018,Count,Sources of personal income (total responses),"Other superannuation, pensions, or annuities (other than NZ Superannuation, Veteran's Pension or war pensions)","Subject pop: Census usually resident population count aged 15 years and over, Year: 2018, Measure: Count, Var1: Sources of personal income (Other superannuation, pensions, or annuities (other than NZ Superannuation, Veteran's Pension or war pensions))"
2023 Census totals by topic for individuals by statistical area 1 (SA1) - part 2,VAR_2_357,VAR_2_357,Individual,Census usually resident population count aged 15 years and over,2018,Count,Sources of personal income (total responses),Jobseeker Support,"Subject pop: Census usually resident population count aged 15 years and over, Year: 2018, Measure: Count, Var1: Sources of personal income (Jobseeker Support)"
2023 Census totals by topic for individuals by statistical area 1 (SA1) - part 2,VAR_2_358,VAR_2_358,Individual,Census usually resident population count aged 15 years and over,2018,Count,Sources of personal income (total responses),Sole Parent Support,"Subject pop: Census usually resident population count aged 15 years and over, Year: 2018, Measure: Count, Var1: Sources of personal income (Sole Parent Support)"
2023 Census totals by topic for individuals by statistical area 1 (SA1) - part 2,VAR_2_359,VAR_2_359,Individual,Census usually resident population count aged 15 years and over,2018,Count,Sources of personal income (total responses),Supported Living Payment,"Subject pop: Census usually resident population count aged 15 years and over, Year: 2018, Measure: Count, Var1: Sources of personal income (Supported Living Payment)"
2023 Census totals by topic for individuals by statistical area 1 (SA1) - part 2,VAR_2_360,VAR_2_360,Individual,Census usually resident population count aged 15 years and over,2018,Count,Sources of personal income (total responses),Student Allowance,"Subject pop: Census usually resident population count aged 15 years and over, Year: 2018, Measure: Count, Var1: Sources of personal income (Student Allowance)"
2023 Census totals by topic for individuals by statistical area 1 (SA1) - part 2,VAR_2_361,VAR_2_361,Individual,Census usually resident population count aged 15 years and over,2018,Count,Sources of personal income (total responses),"Other government benefits, government income support payments, war pensions or paid parental leave","Subject pop: Census usually resident population count aged 15 years and over, Year: 2018, Measure: Count, Var1: Sources of personal income (Other government benefits, government income support payments, war pensions or paid parental leave)"
2023 Census totals by topic for individuals by statistical area 1 (SA1) - part 2,VAR_2_362,VAR_2_362,Individual,Census usually resident population count aged 15 years and over,2018,Count,Sources of personal income (total responses),"Other sources of income, including support payments from people who do not live in my household","Subject pop: Census usually resident population count aged 15 years and over, Year: 2018, Measure: Count, Var1: Sources of personal income (Other sources of income, including support payments from people who do not live in my household)"
2023 Census totals by topic for individuals by statistical area 1 (SA1) - part 2,VAR_2_363,VAR_2_363,Individual,Census usually resident population count aged 15 years and over,2018,Count,Sources of personal income (total responses),Not stated,"Subject pop: Census usually resident population count aged 15 years and over, Year: 2018, Measure: Count, Var1: Sources of personal income (Not stated)"
2023 Census totals by topic for individuals by statistical area 1 (SA1) - part 2,VAR_2_364,VAR_2_364,Individual,Census usually resident population count aged 15 years and over,2018,Count,Sources of personal income (total responses),Total,"Subject pop: Census usually resident population count aged 15 years and over, Year: 2018, Measure: Count, Var1: Sources of personal income (Total)"
2023 Census totals by topic for individuals by statistical area 1 (SA1) - part 2,VAR_2_365,VAR_2_365,Individual,Census usually resident population count aged 15 years and over,2018,Count,Sources of personal income (total responses),Total stated,"Subject pop: Census usually resident population count aged 15 years and over, Year: 2018, Measure: Count, Var1: Sources of personal income (Total stated)"
2023 Census totals by topic for individuals by statistical area 1 (SA1) - part 2,VAR_2_366,VAR_2_366,Individual,Census usually resident population count aged 15 years and over,2023,Count,Sources of personal income (total responses),No source of income during that time,"Subject pop: Census usually resident population count aged 15 years and over, Year: 2023, Measure: Count, Var1: Sources of personal income (No source of income during that time)"
2023 Census totals by topic for individuals by statistical area 1 (SA1) - part 2,VAR_2_367,VAR_2_367,Individual,Census usually resident population count aged 15 years and over,2023,Count,Sources of personal income (total responses),"Wages, salary, commissions, bonuses etc paid by my employer","Subject pop: Census usually resident population count aged 15 years and over, Year: 2023, Measure: Count, Var1: Sources of personal income (Wages, salary, commissions, bonuses etc paid by my employer)"
2023 Census totals by topic for individuals by statistical area 1 (SA1) - part 2,VAR_2_368,VAR_2_368,Individual,Census usually resident population count aged 15 years and over,2023,Count,Sources of personal income (total responses),Self-employment or business I own and work in,"Subject pop: Census usually resident population count aged 15 years and over, Year: 2023, Measure: Count, Var1: Sources of personal income (Self-employment or business I own and work in)"
2023 Census totals by topic for individuals by statistical area 1 (SA1) - part 2,VAR_2_369,VAR_2_369,Individual,Census usually resident population count aged 15 years and over,2023,Count,Sources of personal income (total responses),"Interest, dividends, rent, other investments","Subject pop: Census usually resident population count aged 15 years and over, Year: 2023, Measure: Count, Var1: Sources of personal income (Interest, dividends, rent, other investments)"
2023 Census totals by topic for individuals by statistical area 1 (SA1) - part 2,VAR_2_370,VAR_2_370,Individual,Census usually resident population count aged 15 years and over,2023,Count,Sources of personal income (total responses),Regular payments from ACC or a private work accident insurer,"Subject pop: Census usually resident population count aged 15 years and over, Year: 2023, Measure: Count, Var1: Sources of personal income (Regular payments from ACC or a private work accident insurer)"
2023 Census totals by topic for individuals by statistical area 1 (SA1) - part 2,VAR_2_371,VAR_2_371,Individual,Census usually resident population count aged 15 years and over,2023,Count,Sources of personal income (total responses),New Zealand Superannuation or Veteran's Pension,"Subject pop: Census usually resident population count aged 15 years and over, Year: 2023, Measure: Count, Var1: Sources of personal income (New Zealand Superannuation or Veteran's Pension)"
2023 Census totals by topic for individuals by statistical area 1 (SA1) - part 2,VAR_2_372,VAR_2_372,Individual,Census usually resident population count aged 15 years and over,2023,Count,Sources of personal income (total responses),"Other superannuation, pensions, or annuities (other than NZ Superannuation, Veteran's Pension or war pensions)","Subject pop: Census usually resident population count aged 15 years and over, Year: 2023, Measure: Count, Var1: Sources of personal income (Other superannuation, pensions, or annuities (other than NZ Superannuation, Veteran's Pension or war pensions))"
2023 Census totals by topic for individuals by statistical area 1 (SA1) - part 2,VAR_2_373,VAR_2_373,Individual,Census usually resident population count aged 15 years and over,2023,Count,Sources of personal income (total responses),Jobseeker Support,"Subject pop: Census usually resident population count aged 15 years and over, Year: 2023, Measure: Count, Var1: Sources of personal income (Jobseeker Support)"
2023 Census totals by topic for individuals by statistical area 1 (SA1) - part 2,VAR_2_374,VAR_2_374,Individual,Census usually resident population count aged 15 years and over,2023,Count,Sources of personal income (total responses),Sole Parent Support,"Subject pop: Census usually resident population count aged 15 years and over, Year: 2023, Measure: Count, Var1: Sources of personal income (Sole Parent Support)"
2023 Census totals by topic for individuals by statistical area 1 (SA1) - part 2,VAR_2_375,VAR_2_375,Individual,Census usually resident population count aged 15 years and over,2023,Count,Sources of personal income (total responses),Supported Living Payment,"Subject pop: Census usually resident population count aged 15 years and over, Year: 2023, Measure: Count, Var1: Sources of personal income (Supported Living Payment)"
2023 Census totals by topic for individuals by statistical area 1 (SA1) - part 2,VAR_2_376,VAR_2_376,Individual,Census usually resident population count aged 15 years and over,2023,Count,Sources of personal income (total responses),Student Allowance,"Subject pop: Census usually resident population count aged 15 years and over, Year: 2023, Measure: Count, Var1: Sources of personal income (Student Allowance)"
2023 Census totals by topic for individuals by statistical area 1 (SA1) - part 2,VAR_2_377,VAR_2_377,Individual,Census usually resident population count aged 15 years and over,2023,Count,Sources of personal income (total responses),"Other government benefits, government income support payments, war pensions or paid parental leave","Subject pop: Census usually resident population count aged 15 years and over, Year: 2023, Measure: Count, Var1: Sources of personal income (Other government benefits, government income support payments, war pensions or paid parental leave)"
2023 Census totals by topic for individuals by statistical area 1 (SA1) - part 2,VAR_2_378,VAR_2_378,Individual,Census usually resident population count aged 15 years and over,2023,Count,Sources of personal income (total responses),"Other sources of income, including support payments from people who do not live in my household","Subject pop: Census usually resident population count aged 15 years and over, Year: 2023, Measure: Count, Var1: Sources of personal income (Other sources of income, including support payments from people who do not live in my household)"
2023 Census totals by topic for individuals by statistical area 1 (SA1) - part 2,VAR_2_379,VAR_2_379,Individual,Census usually resident population count aged 15 years and over,2023,Count,Sources of personal income (total responses),Not stated,"Subject pop: Census usually resident population count aged 15 years and over, Year: 2023, Measure: Count, Var1: Sources of personal income (Not stated)"
2023 Census totals by topic for individuals by statistical area 1 (SA1) - part 2,VAR_2_380,VAR_2_380,Individual,Census usually resident population count aged 15 years and over,2023,Count,Sources of personal income (total responses),Total,"Subject pop: Census usually resident population count aged 15 years and over, Year: 2023, Measure: Count, Var1: Sources of personal income (Total)"
2023 Census totals by topic for individuals by statistical area 1 (SA1) - part 2,VAR_2_381,VAR_2_381,Individual,Census usually resident population count aged 15 years and over,2023,Count,Sources of personal income (total responses),Total stated,"Subject pop: Census usually resident population count aged 15 years and over, Year: 2023, Measure: Count, Var1: Sources of personal income (Total stated)"
2023 Census totals by topic for individuals by statistical area 1 (SA1) - part 2,VAR_2_382,VAR_2_382,Individual,Census usually resident population count aged 15 years and over,2013,Median,Total personal income,Median ($),"Subject pop: Census usually resident population count aged 15 years and over, Year: 2013, Measure: Median, Var1: Total personal income (Median ($))"
2023 Census totals by topic for individuals by statistical area 1 (SA1) - part 2,VAR_2_383,VAR_2_383,Individual,Census usually resident population count aged 15 years and over,2013,Count,Total personal income,"$10,000 or less","Subject pop: Census usually resident population count aged 15 years and over, Year: 2013, Measure: Count, Var1: Total personal income ($10,000 or less)"
2023 Census totals by topic for individuals by statistical area 1 (SA1) - part 2,VAR_2_384,VAR_2_384,Individual,Census usually resident population count aged 15 years and over,2013,Count,Total personal income,"$10,001-$20,000","Subject pop: Census usually resident population count aged 15 years and over, Year: 2013, Measure: Count, Var1: Total personal income ($10,001-$20,000)"
2023 Census totals by topic for individuals by statistical area 1 (SA1) - part 2,VAR_2_385,VAR_2_385,Individual,Census usually resident population count aged 15 years and over,2013,Count,Total personal income,"$20,001-$30,000","Subject pop: Census usually resident population count aged 15 years and over, Year: 2013, Measure: Count, Var1: Total personal income ($20,001-$30,000)"
2023 Census totals by topic for individuals by statistical area 1 (SA1) - part 2,VAR_2_386,VAR_2_386,Individual,Census usually resident population count aged 15 years and over,2013,Count,Total personal income,"$30,001-$50,000","Subject pop: Census usually resident population count aged 15 years and over, Year: 2013, Measure: Count, Var1: Total personal income ($30,001-$50,000)"
2023 Census totals by topic for individuals by statistical area 1 (SA1) - part 2,VAR_2_387,VAR_2_387,Individual,Census usually resident population count aged 15 years and over,2013,Count,Total personal income,"$50,001-$70,000","Subject pop: Census usually resident population count aged 15 years and over, Year: 2013, Measure: Count, Var1: Total personal income ($50,001-$70,000)"
2023 Census totals by topic for individuals by statistical area 1 (SA1) - part 2,VAR_2_388,VAR_2_388,Individual,Census usually resident population count aged 15 years and over,2013,Count,Total personal income,"$70,001-$100,000","Subject pop: Census usually resident population count aged 15 years and over, Year: 2013, Measure: Count, Var1: Total personal income ($70,001-$100,000)"
2023 Census totals by topic for individuals by statistical area 1 (SA1) - part 2,VAR_2_389,VAR_2_389,Individual,Census usually resident population count aged 15 years and over,2013,Count,Total personal income,"$100,001 or more","Subject pop: Census usually resident population count aged 15 years and over, Year: 2013, Measure: Count, Var1: Total personal income ($100,001 or more)"
2023 Census totals by topic for individuals by statistical area 1 (SA1) - part 2,VAR_2_390,VAR_2_390,Individual,Census usually resident population count aged 15 years and over,2013,Count,Total personal income,Not stated,"Subject pop: Census usually resident population count aged 15 years and over, Year: 2013, Measure: Count, Var1: Total personal income (Not stated)"
2023 Census totals by topic for individuals by statistical area 1 (SA1) - part 2,VAR_2_391,VAR_2_391,Individual,Census usually resident population count aged 15 years and over,2013,Count,Total personal income,Total,"Subject pop: Census usually resident population count aged 15 years and over, Year: 2013, Measure: Count, Var1: Total personal income (Total)"
2023 Census totals by topic for individuals by statistical area 1 (SA1) - part 2,VAR_2_392,VAR_2_392,Individual,Census usually resident population count aged 15 years and over,2013,Count,Total personal income,Total stated,"Subject pop: Census usually resident population count aged 15 years and over, Year: 2013, Measure: Count, Var1: Total personal income (Total stated)"
2023 Census totals by topic for individuals by statistical area 1 (SA1) - part 2,VAR_2_393,VAR_2_393,Individual,Census usually resident population count aged 15 years and over,2018,Median,Total personal income,Median ($),"Subject pop: Census usually resident population count aged 15 years and over, Year: 2018, Measure: Median, Var1: Total personal income (Median ($))"
2023 Census totals by topic for individuals by statistical area 1 (SA1) - part 2,VAR_2_394,VAR_2_394,Individual,Census usually resident population count aged 15 years and over,2018,Count,Total personal income,"$10,000 or less","Subject pop: Census usually resident population count aged 15 years and over, Year: 2018, Measure: Count, Var1: Total personal income ($10,000 or less)"
2023 Census totals by topic for individuals by statistical area 1 (SA1) - part 2,VAR_2_395,VAR_2_395,Individual,Census usually resident population count aged 15 years and over,2018,Count,Total personal income,"$10,001-$20,000","Subject pop: Census usually resident population count aged 15 years and over, Year: 2018, Measure: Count, Var1: Total personal income ($10,001-$20,000)"
2023 Census totals by topic for individuals by statistical area 1 (SA1) - part 2,VAR_2_396,VAR_2_396,Individual,Census usually resident population count aged 15 years and over,2018,Count,Total personal income,"$20,001-$30,000","Subject pop: Census usually resident population count aged 15 years and over, Year: 2018, Measure: Count, Var1: Total personal income ($20,001-$30,000)"
2023 Census totals by topic for individuals by statistical area 1 (SA1) - part 2,VAR_2_397,VAR_2_397,Individual,Census usually resident population count aged 15 years and over,2018,Count,Total personal income,"$30,001-$50,000","Subject pop: Census usually resident population count aged 15 years and over, Year: 2018, Measure: Count, Var1: Total personal income ($30,001-$50,000)"
2023 Census totals by topic for individuals by statistical area 1 (SA1) - part 2,VAR_2_398,VAR_2_398,Individual,Census usually resident population count aged 15 years and over,2018,Count,Total personal income,"$50,001-$70,000","Subject pop: Census usually resident population count aged 15 years and over, Year: 2018, Measure: Count, Var1: Total personal income ($50,001-$70,000)"
2023 Census totals by topic for individuals by statistical area 1 (SA1) - part 2,VAR_2_399,VAR_2_399,Individual,Census usually resident population count aged 15 years and over,2018,Count,Total personal income,"$70,001-$100,000","Subject pop: Census usually resident population count aged 15 years and over, Year: 2018, Measure: Count, Var1: Total personal income ($70,001-$100,000)"
2023 Census totals by topic for individuals by statistical area 1 (SA1) - part 2,VAR_2_400,VAR_2_400,Individual,Census usually resident population count aged 15 years and over,2018,Count,Total personal income,"$100,001 or more","Subject pop: Census usually resident population count aged 15 years and over, Year: 2018, Measure: Count, Var1: Total personal income ($100,001 or more)"
2023 Census totals by topic for individuals by statistical area 1 (SA1) - part 2,VAR_2_401,VAR_2_401,Individual,Census usually resident population count aged 15 years and over,2018,Count,Total personal income,Not stated,"Subject pop: Census usually resident population count aged 15 years and over, Year: 2018, Measure: Count, Var1: Total personal income (Not stated)"
2023 Census totals by topic for individuals by statistical area 1 (SA1) - part 2,VAR_2_402,VAR_2_402,Individual,Census usually resident population count aged 15 years and over,2018,Count,Total personal income,Total,"Subject pop: Census usually resident population count aged 15 years and over, Year: 2018, Measure: Count, Var1: Total personal income (Total)"
2023 Census totals by topic for individuals by statistical area 1 (SA1) - part 2,VAR_2_403,VAR_2_403,Individual,Census usually resident population count aged 15 years and over,2018,Count,Total personal income,Total stated,"Subject pop: Census usually resident population count aged 15 years and over, Year: 2018, Measure: Count, Var1: Total personal income (Total stated)"
2023 Census totals by topic for individuals by statistical area 1 (SA1) - part 2,VAR_2_404,VAR_2_404,Individual,Census usually resident population count aged 15 years and over,2023,Median,Total personal income,Median ($),"Subject pop: Census usually resident population count aged 15 years and over, Year: 2023, Measure: Median, Var1: Total personal income (Median ($))"
2023 Census totals by topic for individuals by statistical area 1 (SA1) - part 2,VAR_2_405,VAR_2_405,Individual,Census usually resident population count aged 15 years and over,2023,Count,Total personal income,"$10,000 or less","Subject pop: Census usually resident population count aged 15 years and over, Year: 2023, Measure: Count, Var1: Total personal income ($10,000 or less)"
2023 Census totals by topic for individuals by statistical area 1 (SA1) - part 2,VAR_2_406,VAR_2_406,Individual,Census usually resident population count aged 15 years and over,2023,Count,Total personal income,"$10,001-$20,000","Subject pop: Census usually resident population count aged 15 years and over, Year: 2023, Measure: Count, Var1: Total personal income ($10,001-$20,000)"
2023 Census totals by topic for individuals by statistical area 1 (SA1) - part 2,VAR_2_407,VAR_2_407,Individual,Census usually resident population count aged 15 years and over,2023,Count,Total personal income,"$20,001-$30,000","Subject pop: Census usually resident population count aged 15 years and over, Year: 2023, Measure: Count, Var1: Total personal income ($20,001-$30,000)"
2023 Census totals by topic for individuals by statistical area 1 (SA1) - part 2,VAR_2_408,VAR_2_408,Individual,Census usually resident population count aged 15 years and over,2023,Count,Total personal income,"$30,001-$50,000","Subject pop: Census usually resident population count aged 15 years and over, Year: 2023, Measure: Count, Var1: Total personal income ($30,001-$50,000)"
2023 Census totals by topic for individuals by statistical area 1 (SA1) - part 2,VAR_2_409,VAR_2_409,Individual,Census usually resident population count aged 15 years and over,2023,Count,Total personal income,"$50,001-$70,000","Subject pop: Census usually resident population count aged 15 years and over, Year: 2023, Measure: Count, Var1: Total personal income ($50,001-$70,000)"
2023 Census totals by topic for individuals by statistical area 1 (SA1) - part 2,VAR_2_410,VAR_2_410,Individual,Census usually resident population count aged 15 years and over,2023,Count,Total personal income,"$70,001-$100,000","Subject pop: Census usually resident population count aged 15 years and over, Year: 2023, Measure: Count, Var1: Total personal income ($70,001-$100,000)"
2023 Census totals by topic for individuals by statistical area 1 (SA1) - part 2,VAR_2_411,VAR_2_411,Individual,Census usually resident population count aged 15 years and over,2023,Count,Total personal income,"$100,001 or more","Subject pop: Census usually resident population count aged 15 years and over, Year: 2023, Measure: Count, Var1: Total personal income ($100,001 or more)"
2023 Census totals by topic for individuals by statistical area 1 (SA1) - part 2,VAR_2_412,VAR_2_412,Individual,Census usually resident population count aged 15 years and over,2023,Count,Total personal income,Not stated,"Subject pop: Census usually resident population count aged 15 years and over, Year: 2023, Measure: Count, Var1: Total personal income (Not stated)"
2023 Census totals by topic for individuals by statistical area 1 (SA1) - part 2,VAR_2_413,VAR_2_413,Individual,Census usually resident population count aged 15 years and over,2023,Count,Total personal income,Total,"Subject pop: Census usually resident population count aged 15 years and over, Year: 2023, Measure: Count, Var1: Total personal income (Total)"
2023 Census totals by topic for individuals by statistical area 1 (SA1) - part 2,VAR_2_414,VAR_2_414,Individual,Census usually resident population count aged 15 years and over,2023,Count,Total personal income,Total stated,"Subject pop: Census usually resident population count aged 15 years and over, Year: 2023, Measure: Count, Var1: Total personal income (Total stated)"
2023 Census totals by topic for individuals by statistical area 1 (SA1) - part 2,VAR_2_415,VAR_2_415,Individual,Census usually resident population count aged 15 years and over,2013,Count,Work and labour force status,Employed Full-time,"Subject pop: Census usually resident population count aged 15 years and over, Year: 2013, Measure: Count, Var1: Work and labour force status (Employed Full-time)"
2023 Census totals by topic for individuals by statistical area 1 (SA1) - part 2,VAR_2_416,VAR_2_416,Individual,Census usually resident population count aged 15 years and over,2013,Count,Work and labour force status,Employed Part-time,"Subject pop: Census usually resident population count aged 15 years and over, Year: 2013, Measure: Count, Var1: Work and labour force status (Employed Part-time)"
2023 Census totals by topic for individuals by statistical area 1 (SA1) - part 2,VAR_2_417,VAR_2_417,Individual,Census usually resident population count aged 15 years and over,2013,Count,Work and labour force status,Unemployed,"Subject pop: Census usually resident population count aged 15 years and over, Year: 2013, Measure: Count, Var1: Work and labour force status (Unemployed)"
2023 Census totals by topic for individuals by statistical area 1 (SA1) - part 2,VAR_2_418,VAR_2_418,Individual,Census usually resident population count aged 15 years and over,2013,Count,Work and labour force status,Not in the Labour Force,"Subject pop: Census usually resident population count aged 15 years and over, Year: 2013, Measure: Count, Var1: Work and labour force status (Not in the Labour Force)"
2023 Census totals by topic for individuals by statistical area 1 (SA1) - part 2,VAR_2_419,VAR_2_419,Individual,Census usually resident population count aged 15 years and over,2013,Count,Work and labour force status,Work and Labour Force Status Unidentifiable,"Subject pop: Census usually resident population count aged 15 years and over, Year: 2013, Measure: Count, Var1: Work and labour force status (Work and Labour Force Status Unidentifiable)"
2023 Census totals by topic for individuals by statistical area 1 (SA1) - part 2,VAR_2_420,VAR_2_420,Individual,Census usually resident population count aged 15 years and over,2013,Count,Work and labour force status,Total,"Subject pop: Census usually resident population count aged 15 years and over, Year: 2013, Measure: Count, Var1: Work and labour force status (Total)"
2023 Census totals by topic for individuals by statistical area 1 (SA1) - part 2,VAR_2_421,VAR_2_421,Individual,Census usually resident population count aged 15 years and over,2013,Count,Work and labour force status,Total stated,"Subject pop: Census usually resident population count aged 15 years and over, Year: 2013, Measure: Count, Var1: Work and labour force status (Total stated)"
2023 Census totals by topic for individuals by statistical area 1 (SA1) - part 2,VAR_2_422,VAR_2_422,Individual,Census usually resident population count aged 15 years and over,2018,Count,Work and labour force status,Employed Full-time,"Subject pop: Census usually resident population count aged 15 years and over, Year: 2018, Measure: Count, Var1: Work and labour force status (Employed Full-time)"
2023 Census totals by topic for individuals by statistical area 1 (SA1) - part 2,VAR_2_423,VAR_2_423,Individual,Census usually resident population count aged 15 years and over,2018,Count,Work and labour force status,Employed Part-time,"Subject pop: Census usually resident population count aged 15 years and over, Year: 2018, Measure: Count, Var1: Work and labour force status (Employed Part-time)"
2023 Census totals by topic for individuals by statistical area 1 (SA1) - part 2,VAR_2_424,VAR_2_424,Individual,Census usually resident population count aged 15 years and over,2018,Count,Work and labour force status,Unemployed,"Subject pop: Census usually resident population count aged 15 years and over, Year: 2018, Measure: Count, Var1: Work and labour force status (Unemployed)"
2023 Census totals by topic for individuals by statistical area 1 (SA1) - part 2,VAR_2_425,VAR_2_425,Individual,Census usually resident population count aged 15 years and over,2018,Count,Work and labour force status,Not in the Labour Force,"Subject pop: Census usually resident population count aged 15 years and over, Year: 2018, Measure: Count, Var1: Work and labour force status (Not in the Labour Force)"
2023 Census totals by topic for individuals by statistical area 1 (SA1) - part 2,VAR_2_426,VAR_2_426,Individual,Census usually resident population count aged 15 years and over,2018,Count,Work and labour force status,Work and Labour Force Status Unidentifiable,"Subject pop: Census usually resident population count aged 15 years and over, Year: 2018, Measure: Count, Var1: Work and labour force status (Work and Labour Force Status Unidentifiable)"
2023 Census totals by topic for individuals by statistical area 1 (SA1) - part 2,VAR_2_427,VAR_2_427,Individual,Census usually resident population count aged 15 years and over,2018,Count,Work and labour force status,Total,"Subject pop: Census usually resident population count aged 15 years and over, Year: 2018, Measure: Count, Var1: Work and labour force status (Total)"
2023 Census totals by topic for individuals by statistical area 1 (SA1) - part 2,VAR_2_428,VAR_2_428,Individual,Census usually resident population count aged 15 years and over,2018,Count,Work and labour force status,Total stated,"Subject pop: Census usually resident population count aged 15 years and over, Year: 2018, Measure: Count, Var1: Work and labour force status (Total stated)"
2023 Census totals by topic for individuals by statistical area 1 (SA1) - part 2,VAR_2_429,VAR_2_429,Individual,Census usually resident population count aged 15 years and over,2023,Count,Work and labour force status,Employed Full-time,"Subject pop: Census usually resident population count aged 15 years and over, Year: 2023, Measure: Count, Var1: Work and labour force status (Employed Full-time)"
2023 Census totals by topic for individuals by statistical area 1 (SA1) - part 2,VAR_2_430,VAR_2_430,Individual,Census usually resident population count aged 15 years and over,2023,Count,Work and labour force status,Employed Part-time,"Subject pop: Census usually resident population count aged 15 years and over, Year: 2023, Measure: Count, Var1: Work and labour force status (Employed Part-time)"
2023 Census totals by topic for individuals by statistical area 1 (SA1) - part 2,VAR_2_431,VAR_2_431,Individual,Census usually resident population count aged 15 years and over,2023,Count,Work and labour force status,Unemployed,"Subject pop: Census usually resident population count aged 15 years and over, Year: 2023, Measure: Count, Var1: Work and labour force status (Unemployed)"
2023 Census totals by topic for individuals by statistical area 1 (SA1) - part 2,VAR_2_432,VAR_2_432,Individual,Census usually resident population count aged 15 years and over,2023,Count,Work and labour force status,Not in the Labour Force,"Subject pop: Census usually resident population count aged 15 years and over, Year: 2023, Measure: Count, Var1: Work and labour force status (Not in the Labour Force)"
2023 Census totals by topic for individuals by statistical area 1 (SA1) - part 2,VAR_2_433,VAR_2_433,Individual,Census usually resident population count aged 15 years and over,2023,Count,Work and labour force status,Work and Labour Force Status Unidentifiable,"Subject pop: Census usually resident population count aged 15 years and over, Year: 2023, Measure: Count, Var1: Work and labour force status (Work and Labour Force Status Unidentifiable)"
2023 Census totals by topic for individuals by statistical area 1 (SA1) - part 2,VAR_2_434,VAR_2_434,Individual,Census usually resident population count aged 15 years and over,2023,Count,Work and labour force status,Total,"Subject pop: Census usually resident population count aged 15 years and over, Year: 2023, Measure: Count, Var1: Work and labour force status (Total)"
2023 Census totals by topic for individuals by statistical area 1 (SA1) - part 2,VAR_2_435,VAR_2_435,Individual,Census usually resident population count aged 15 years and over,2023,Count,Work and labour force status,Total stated,"Subject pop: Census usually resident population count aged 15 years and over, Year: 2023, Measure: Count, Var1: Work and labour force status (Total stated)"
2023 Census totals by topic for individuals by statistical area 1 (SA1) - part 2,VAR_2_436,VAR_2_436,Individual,Unemployed census usually resident population count aged 15 years and over,2013,Count,Job search methods (total responses),Looked at Job Advertisements,"Subject pop: Unemployed census usually resident population count aged 15 years and over, Year: 2013, Measure: Count, Var1: Job search methods (Looked at Job Advertisements)"
2023 Census totals by topic for individuals by statistical area 1 (SA1) - part 2,VAR_2_437,VAR_2_437,Individual,Unemployed census usually resident population count aged 15 years and over,2013,Count,Job search methods (total responses),"Wrote, Phoned or Applied in Person to an Employer","Subject pop: Unemployed census usually resident population count aged 15 years and over, Year: 2013, Measure: Count, Var1: Job search methods (Wrote, Phoned or Applied in Person to an Employer)"
2023 Census totals by topic for individuals by statistical area 1 (SA1) - part 2,VAR_2_438,VAR_2_438,Individual,Unemployed census usually resident population count aged 15 years and over,2013,Count,Job search methods (total responses),Contacted Work and Income to Look for a Job,"Subject pop: Unemployed census usually resident population count aged 15 years and over, Year: 2013, Measure: Count, Var1: Job search methods (Contacted Work and Income to Look for a Job)"
2023 Census totals by topic for individuals by statistical area 1 (SA1) - part 2,VAR_2_439,VAR_2_439,Individual,Unemployed census usually resident population count aged 15 years and over,2013,Count,Job search methods (total responses),Contacted Friends or Relatives for Help in Finding a Job,"Subject pop: Unemployed census usually resident population count aged 15 years and over, Year: 2013, Measure: Count, Var1: Job search methods (Contacted Friends or Relatives for Help in Finding a Job)"
2023 Census totals by topic for individuals by statistical area 1 (SA1) - part 2,VAR_2_440,VAR_2_440,Individual,Unemployed census usually resident population count aged 15 years and over,2013,Count,Job search methods (total responses),Contacted Career Advisers or Vocational Guidance Officers,"Subject pop: Unemployed census usually resident population count aged 15 years and over, Year: 2013, Measure: Count, Var1: Job search methods (Contacted Career Advisers or Vocational Guidance Officers)"
2023 Census totals by topic for individuals by statistical area 1 (SA1) - part 2,VAR_2_441,VAR_2_441,Individual,Unemployed census usually resident population count aged 15 years and over,2013,Count,Job search methods (total responses),Other Job Search Methods,"Subject pop: Unemployed census usually resident population count aged 15 years and over, Year: 2013, Measure: Count, Var1: Job search methods (Other Job Search Methods)"
2023 Census totals by topic for individuals by statistical area 1 (SA1) - part 2,VAR_2_442,VAR_2_442,Individual,Unemployed census usually resident population count aged 15 years and over,2013,Count,Job search methods (total responses),Not Stated,"Subject pop: Unemployed census usually resident population count aged 15 years and over, Year: 2013, Measure: Count, Var1: Job search methods (Not Stated)"
2023 Census totals by topic for individuals by statistical area 1 (SA1) - part 2,VAR_2_443,VAR_2_443,Individual,Unemployed census usually resident population count aged 15 years and over,2013,Count,Job search methods (total responses),Total,"Subject pop: Unemployed census usually resident population count aged 15 years and over, Year: 2013, Measure: Count, Var1: Job search methods (Total)"
2023 Census totals by topic for individuals by statistical area 1 (SA1) - part 2,VAR_2_444,VAR_2_444,Individual,Unemployed census usually resident population count aged 15 years and over,2013,Count,Job search methods (total responses),Total stated,"Subject pop: Unemployed census usually resident population count aged 15 years and over, Year: 2013, Measure: Count, Var1: Job search methods (Total stated)"
2023 Census totals by topic for individuals by statistical area 1 (SA1) - part 2,VAR_2_445,VAR_2_445,Individual,Unemployed census usually resident population count aged 15 years and over,2018,Count,Job search methods (total responses),Looked at Job Advertisements,"Subject pop: Unemployed census usually resident population count aged 15 years and over, Year: 2018, Measure: Count, Var1: Job search methods (Looked at Job Advertisements)"
2023 Census totals by topic for individuals by statistical area 1 (SA1) - part 2,VAR_2_446,VAR_2_446,Individual,Unemployed census usually resident population count aged 15 years and over,2018,Count,Job search methods (total responses),"Wrote, Phoned or Applied in Person to an Employer","Subject pop: Unemployed census usually resident population count aged 15 years and over, Year: 2018, Measure: Count, Var1: Job search methods (Wrote, Phoned or Applied in Person to an Employer)"
2023 Census totals by topic for individuals by statistical area 1 (SA1) - part 2,VAR_2_447,VAR_2_447,Individual,Unemployed census usually resident population count aged 15 years and over,2018,Count,Job search methods (total responses),Contacted Work and Income to Look for a Job,"Subject pop: Unemployed census usually resident population count aged 15 years and over, Year: 2018, Measure: Count, Var1: Job search methods (Contacted Work and Income to Look for a Job)"
2023 Census totals by topic for individuals by statistical area 1 (SA1) - part 2,VAR_2_448,VAR_2_448,Individual,Unemployed census usually resident population count aged 15 years and over,2018,Count,Job search methods (total responses),Contacted Friends or Relatives for Help in Finding a Job,"Subject pop: Unemployed census usually resident population count aged 15 years and over, Year: 2018, Measure: Count, Var1: Job search methods (Contacted Friends or Relatives for Help in Finding a Job)"
2023 Census totals by topic for individuals by statistical area 1 (SA1) - part 2,VAR_2_449,VAR_2_449,Individual,Unemployed census usually resident population count aged 15 years and over,2018,Count,Job search methods (total responses),Contacted Career Advisers or Vocational Guidance Officers,"Subject pop: Unemployed census usually resident population count aged 15 years and over, Year: 2018, Measure: Count, Var1: Job search methods (Contacted Career Advisers or Vocational Guidance Officers)"
2023 Census totals by topic for individuals by statistical area 1 (SA1) - part 2,VAR_2_450,VAR_2_450,Individual,Unemployed census usually resident population count aged 15 years and over,2018,Count,Job search methods (total responses),Other Job Search Methods,"Subject pop: Unemployed census usually resident population count aged 15 years and over, Year: 2018, Measure: Count, Var1: Job search methods (Other Job Search Methods)"
2023 Census totals by topic for individuals by statistical area 1 (SA1) - part 2,VAR_2_451,VAR_2_451,Individual,Unemployed census usually resident population count aged 15 years and over,2018,Count,Job search methods (total responses),Not Stated,"Subject pop: Unemployed census usually resident population count aged 15 years and over, Year: 2018, Measure: Count, Var1: Job search methods (Not Stated)"
2023 Census totals by topic for individuals by statistical area 1 (SA1) - part 2,VAR_2_452,VAR_2_452,Individual,Unemployed census usually resident population count aged 15 years and over,2018,Count,Job search methods (total responses),Total,"Subject pop: Unemployed census usually resident population count aged 15 years and over, Year: 2018, Measure: Count, Var1: Job search methods (Total)"
2023 Census totals by topic for individuals by statistical area 1 (SA1) - part 2,VAR_2_453,VAR_2_453,Individual,Unemployed census usually resident population count aged 15 years and over,2018,Count,Job search methods (total responses),Total stated,"Subject pop: Unemployed census usually resident population count aged 15 years and over, Year: 2018, Measure: Count, Var1: Job search methods (Total stated)"
2023 Census totals by topic for individuals by statistical area 1 (SA1) - part 2,VAR_2_454,VAR_2_454,Individual,Unemployed census usually resident population count aged 15 years and over,2023,Count,Job search methods (total responses),Looked at Job Advertisements,"Subject pop: Unemployed census usually resident population count aged 15 years and over, Year: 2023, Measure: Count, Var1: Job search methods (Looked at Job Advertisements)"
2023 Census totals by topic for individuals by statistical area 1 (SA1) - part 2,VAR_2_455,VAR_2_455,Individual,Unemployed census usually resident population count aged 15 years and over,2023,Count,Job search methods (total responses),"Wrote, Phoned or Applied in Person to an Employer","Subject pop: Unemployed census usually resident population count aged 15 years and over, Year: 2023, Measure: Count, Var1: Job search methods (Wrote, Phoned or Applied in Person to an Employer)"
2023 Census totals by topic for individuals by statistical area 1 (SA1) - part 2,VAR_2_456,VAR_2_456,Individual,Unemployed census usually resident population count aged 15 years and over,2023,Count,Job search methods (total responses),Contacted Work and Income to Look for a Job,"Subject pop: Unemployed census usually resident population count aged 15 years and over, Year: 2023, Measure: Count, Var1: Job search methods (Contacted Work and Income to Look for a Job)"
2023 Census totals by topic for individuals by statistical area 1 (SA1) - part 2,VAR_2_457,VAR_2_457,Individual,Unemployed census usually resident population count aged 15 years and over,2023,Count,Job search methods (total responses),Contacted Friends or Relatives for Help in Finding a Job,"Subject pop: Unemployed census usually resident population count aged 15 years and over, Year: 2023, Measure: Count, Var1: Job search methods (Contacted Friends or Relatives for Help in Finding a Job)"
2023 Census totals by topic for individuals by statistical area 1 (SA1) - part 2,VAR_2_458,VAR_2_458,Individual,Unemployed census usually resident population count aged 15 years and over,2023,Count,Job search methods (total responses),Contacted Career Advisers or Vocational Guidance Officers,"Subject pop: Unemployed census usually resident population count aged 15 years and over, Year: 2023, Measure: Count, Var1: Job search methods (Contacted Career Advisers or Vocational Guidance Officers)"
2023 Census totals by topic for individuals by statistical area 1 (SA1) - part 2,VAR_2_459,VAR_2_459,Individual,Unemployed census usually resident population count aged 15 years and over,2023,Count,Job search methods (total responses),Other Job Search Methods,"Subject pop: Unemployed census usually resident population count aged 15 years and over, Year: 2023, Measure: Count, Var1: Job search methods (Other Job Search Methods)"
2023 Census totals by topic for individuals by statistical area 1 (SA1) - part 2,VAR_2_460,VAR_2_460,Individual,Unemployed census usually resident population count aged 15 years and over,2023,Count,Job search methods (total responses),Not Stated,"Subject pop: Unemployed census usually resident population count aged 15 years and over, Year: 2023, Measure: Count, Var1: Job search methods (Not Stated)"
2023 Census totals by topic for individuals by statistical area 1 (SA1) - part 2,VAR_2_461,VAR_2_461,Individual,Unemployed census usually resident population count aged 15 years and over,2023,Count,Job search methods (total responses),Total,"Subject pop: Unemployed census usually resident population count aged 15 years and over, Year: 2023, Measure: Count, Var1: Job search methods (Total)"
2023 Census totals by topic for individuals by statistical area 1 (SA1) - part 2,VAR_2_462,VAR_2_462,Individual,Unemployed census usually resident population count aged 15 years and over,2023,Count,Job search methods (total responses),Total stated,"Subject pop: Unemployed census usually resident population count aged 15 years and over, Year: 2023, Measure: Count, Var1: Job search methods (Total stated)"
2023 Census totals by topic for individuals by statistical area 1 (SA1) - part 2,VAR_2_463,VAR_2_463,Individual,Employed census usually resident population count aged 15 years and over,2013,Count,Status in employment,Paid employee,"Subject pop: Employed census usually resident population count aged 15 years and over, Year: 2013, Measure: Count, Var1: Status in employment (Paid employee)"
2023 Census totals by topic for individuals by statistical area 1 (SA1) - part 2,VAR_2_464,VAR_2_464,Individual,Employed census usually resident population count aged 15 years and over,2013,Count,Status in employment,Employer,"Subject pop: Employed census usually resident population count aged 15 years and over, Year: 2013, Measure: Count, Var1: Status in employment (Employer)"
2023 Census totals by topic for individuals by statistical area 1 (SA1) - part 2,VAR_2_465,VAR_2_465,Individual,Employed census usually resident population count aged 15 years and over,2013,Count,Status in employment,Self-employed and without employees,"Subject pop: Employed census usually resident population count aged 15 years and over, Year: 2013, Measure: Count, Var1: Status in employment (Self-employed and without employees)"
2023 Census totals by topic for individuals by statistical area 1 (SA1) - part 2,VAR_2_466,VAR_2_466,Individual,Employed census usually resident population count aged 15 years and over,2013,Count,Status in employment,Unpaid family worker,"Subject pop: Employed census usually resident population count aged 15 years and over, Year: 2013, Measure: Count, Var1: Status in employment (Unpaid family worker)"
2023 Census totals by topic for individuals by statistical area 1 (SA1) - part 2,VAR_2_467,VAR_2_467,Individual,Employed census usually resident population count aged 15 years and over,2013,Count,Status in employment,Not elsewhere included,"Subject pop: Employed census usually resident population count aged 15 years and over, Year: 2013, Measure: Count, Var1: Status in employment (Not elsewhere included)"
2023 Census totals by topic for individuals by statistical area 1 (SA1) - part 2,VAR_2_468,VAR_2_468,Individual,Employed census usually resident population count aged 15 years and over,2013,Count,Status in employment,Total,"Subject pop: Employed census usually resident population count aged 15 years and over, Year: 2013, Measure: Count, Var1: Status in employment (Total)"
2023 Census totals by topic for individuals by statistical area 1 (SA1) - part 2,VAR_2_469,VAR_2_469,Individual,Employed census usually resident population count aged 15 years and over,2013,Count,Status in employment,Total stated,"Subject pop: Employed census usually resident population count aged 15 years and over, Year: 2013, Measure: Count, Var1: Status in employment (Total stated)"
2023 Census totals by topic for individuals by statistical area 1 (SA1) - part 2,VAR_2_470,VAR_2_470,Individual,Employed census usually resident population count aged 15 years and over,2018,Count,Status in employment,Paid employee,"Subject pop: Employed census usually resident population count aged 15 years and over, Year: 2018, Measure: Count, Var1: Status in employment (Paid employee)"
2023 Census totals by topic for individuals by statistical area 1 (SA1) - part 2,VAR_2_471,VAR_2_471,Individual,Employed census usually resident population count aged 15 years and over,2018,Count,Status in employment,Employer,"Subject pop: Employed census usually resident population count aged 15 years and over, Year: 2018, Measure: Count, Var1: Status in employment (Employer)"
2023 Census totals by topic for individuals by statistical area 1 (SA1) - part 2,VAR_2_472,VAR_2_472,Individual,Employed census usually resident population count aged 15 years and over,2018,Count,Status in employment,Self-employed and without employees,"Subject pop: Employed census usually resident population count aged 15 years and over, Year: 2018, Measure: Count, Var1: Status in employment (Self-employed and without employees)"
2023 Census totals by topic for individuals by statistical area 1 (SA1) - part 2,VAR_2_473,VAR_2_473,Individual,Employed census usually resident population count aged 15 years and over,2018,Count,Status in employment,Unpaid family worker,"Subject pop: Employed census usually resident population count aged 15 years and over, Year: 2018, Measure: Count, Var1: Status in employment (Unpaid family worker)"
2023 Census totals by topic for individuals by statistical area 1 (SA1) - part 2,VAR_2_474,VAR_2_474,Individual,Employed census usually resident population count aged 15 years and over,2018,Count,Status in employment,Not elsewhere included,"Subject pop: Employed census usually resident population count aged 15 years and over, Year: 2018, Measure: Count, Var1: Status in employment (Not elsewhere included)"
2023 Census totals by topic for individuals by statistical area 1 (SA1) - part 2,VAR_2_475,VAR_2_475,Individual,Employed census usually resident population count aged 15 years and over,2018,Count,Status in employment,Total,"Subject pop: Employed census usually resident population count aged 15 years and over, Year: 2018, Measure: Count, Var1: Status in employment (Total)"
2023 Census totals by topic for individuals by statistical area 1 (SA1) - part 2,VAR_2_476,VAR_2_476,Individual,Employed census usually resident population count aged 15 years and over,2018,Count,Status in employment,Total stated,"Subject pop: Employed census usually resident population count aged 15 years and over, Year: 2018, Measure: Count, Var1: Status in employment (Total stated)"
2023 Census totals by topic for individuals by statistical area 1 (SA1) - part 2,VAR_2_477,VAR_2_477,Individual,Employed census usually resident population count aged 15 years and over,2023,Count,Status in employment,Paid employee,"Subject pop: Employed census usually resident population count aged 15 years and over, Year: 2023, Measure: Count, Var1: Status in employment (Paid employee)"
2023 Census totals by topic for individuals by statistical area 1 (SA1) - part 2,VAR_2_478,VAR_2_478,Individual,Employed census usually resident population count aged 15 years and over,2023,Count,Status in employment,Employer,"Subject pop: Employed census usually resident population count aged 15 years and over, Year: 2023, Measure: Count, Var1: Status in employment (Employer)"
2023 Census totals by topic for individuals by statistical area 1 (SA1) - part 2,VAR_2_479,VAR_2_479,Individual,Employed census usually resident population count aged 15 years and over,2023,Count,Status in employment,Self-employed and without employees,"Subject pop: Employed census usually resident population count aged 15 years and over, Year: 2023, Measure: Count, Var1: Status in employment (Self-employed and without employees)"
2023 Census totals by topic for individuals by statistical area 1 (SA1) - part 2,VAR_2_480,VAR_2_480,Individual,Employed census usually resident population count aged 15 years and over,2023,Count,Status in employment,Unpaid family worker,"Subject pop: Employed census usually resident population count aged 15 years and over, Year: 2023, Measure: Count, Var1: Status in employment (Unpaid family worker)"
2023 Census totals by topic for individuals by statistical area 1 (SA1) - part 2,VAR_2_481,VAR_2_481,Individual,Employed census usually resident population count aged 15 years and over,2023,Count,Status in employment,Not elsewhere included,"Subject pop: Employed census usually resident population count aged 15 years and over, Year: 2023, Measure: Count, Var1: Status in employment (Not elsewhere included)"
2023 Census totals by topic for individuals by statistical area 1 (SA1) - part 2,VAR_2_482,VAR_2_482,Individual,Employed census usually resident population count aged 15 years and over,2023,Count,Status in employment,Total,"Subject pop: Employed census usually resident population count aged 15 years and over, Year: 2023, Measure: Count, Var1: Status in employment (Total)"
2023 Census totals by topic for individuals by statistical area 1 (SA1) - part 2,VAR_2_483,VAR_2_483,Individual,Employed census usually resident population count aged 15 years and over,2023,Count,Status in employment,Total stated,"Subject pop: Employed census usually resident population count aged 15 years and over, Year: 2023, Measure: Count, Var1: Status in employment (Total stated)"
2023 Census totals by topic for individuals by statistical area 1 (SA1) - part 2,VAR_2_484,VAR_2_484,Individual,Census usually resident population count aged 15 years and over,2013,Count,Unpaid activities (total responses),No activities,"Subject pop: Census usually resident population count aged 15 years and over, Year: 2013, Measure: Count, Var1: Unpaid activities (No activities)"
2023 Census totals by topic for individuals by statistical area 1 (SA1) - part 2,VAR_2_485,VAR_2_485,Individual,Census usually resident population count aged 15 years and over,2013,Count,Unpaid activities (total responses),"Household work, cooking, repairs, gardening, etc, for own household","Subject pop: Census usually resident population count aged 15 years and over, Year: 2013, Measure: Count, Var1: Unpaid activities (Household work, cooking, repairs, gardening, etc, for own household)"
2023 Census totals by topic for individuals by statistical area 1 (SA1) - part 2,VAR_2_486,VAR_2_486,Individual,Census usually resident population count aged 15 years and over,2013,Count,Unpaid activities (total responses),Looking after a child who is a member of own household,"Subject pop: Census usually resident population count aged 15 years and over, Year: 2013, Measure: Count, Var1: Unpaid activities (Looking after a child who is a member of own household)"
2023 Census totals by topic for individuals by statistical area 1 (SA1) - part 2,VAR_2_487,VAR_2_487,Individual,Census usually resident population count aged 15 years and over,2013,Count,Unpaid activities (total responses),Looking after a member of own household who is ill or has a disability,"Subject pop: Census usually resident population count aged 15 years and over, Year: 2013, Measure: Count, Var1: Unpaid activities (Looking after a member of own household who is ill or has a disability)"
2023 Census totals by topic for individuals by statistical area 1 (SA1) - part 2,VAR_2_488,VAR_2_488,Individual,Census usually resident population count aged 15 years and over,2013,Count,Unpaid activities (total responses),Looking after a child who does not live in own household,"Subject pop: Census usually resident population count aged 15 years and over, Year: 2013, Measure: Count, Var1: Unpaid activities (Looking after a child who does not live in own household)"
2023 Census totals by topic for individuals by statistical area 1 (SA1) - part 2,VAR_2_489,VAR_2_489,Individual,Census usually resident population count aged 15 years and over,2013,Count,Unpaid activities (total responses),Helping someone who is ill or has a disability who does not live in own household,"Subject pop: Census usually resident population count aged 15 years and over, Year: 2013, Measure: Count, Var1: Unpaid activities (Helping someone who is ill or has a disability who does not live in own household)"
2023 Census totals by topic for individuals by statistical area 1 (SA1) - part 2,VAR_2_490,VAR_2_490,Individual,Census usually resident population count aged 15 years and over,2013,Count,Unpaid activities (total responses),"Other helping or voluntary work for or through any organisation, group or marae","Subject pop: Census usually resident population count aged 15 years and over, Year: 2013, Measure: Count, Var1: Unpaid activities (Other helping or voluntary work for or through any organisation, group or marae)"
2023 Census totals by topic for individuals by statistical area 1 (SA1) - part 2,VAR_2_491,VAR_2_491,Individual,Census usually resident population count aged 15 years and over,2013,Count,Unpaid activities (total responses),Not elsewhere included,"Subject pop: Census usually resident population count aged 15 years and over, Year: 2013, Measure: Count, Var1: Unpaid activities (Not elsewhere included)"
2023 Census totals by topic for individuals by statistical area 1 (SA1) - part 2,VAR_2_492,VAR_2_492,Individual,Census usually resident population count aged 15 years and over,2013,Count,Unpaid activities (total responses),Total,"Subject pop: Census usually resident population count aged 15 years and over, Year: 2013, Measure: Count, Var1: Unpaid activities (Total)"
2023 Census totals by topic for individuals by statistical area 1 (SA1) - part 2,VAR_2_493,VAR_2_493,Individual,Census usually resident population count aged 15 years and over,2013,Count,Unpaid activities (total responses),Total stated,"Subject pop: Census usually resident population count aged 15 years and over, Year: 2013, Measure: Count, Var1: Unpaid activities (Total stated)"
2023 Census totals by topic for individuals by statistical area 1 (SA1) - part 2,VAR_2_494,VAR_2_494,Individual,Census usually resident population count aged 15 years and over,2018,Count,Unpaid activities (total responses),No activities,"Subject pop: Census usually resident population count aged 15 years and over, Year: 2018, Measure: Count, Var1: Unpaid activities (No activities)"
2023 Census totals by topic for individuals by statistical area 1 (SA1) - part 2,VAR_2_495,VAR_2_495,Individual,Census usually resident population count aged 15 years and over,2018,Count,Unpaid activities (total responses),"Household work, cooking, repairs, gardening, etc, for own household","Subject pop: Census usually resident population count aged 15 years and over, Year: 2018, Measure: Count, Var1: Unpaid activities (Household work, cooking, repairs, gardening, etc, for own household)"
2023 Census totals by topic for individuals by statistical area 1 (SA1) - part 2,VAR_2_496,VAR_2_496,Individual,Census usually resident population count aged 15 years and over,2018,Count,Unpaid activities (total responses),Looking after a child who is a member of own household,"Subject pop: Census usually resident population count aged 15 years and over, Year: 2018, Measure: Count, Var1: Unpaid activities (Looking after a child who is a member of own household)"
2023 Census totals by topic for individuals by statistical area 1 (SA1) - part 2,VAR_2_497,VAR_2_497,Individual,Census usually resident population count aged 15 years and over,2018,Count,Unpaid activities (total responses),Looking after a member of own household who is ill or has a disability,"Subject pop: Census usually resident population count aged 15 years and over, Year: 2018, Measure: Count, Var1: Unpaid activities (Looking after a member of own household who is ill or has a disability)"
2023 Census totals by topic for individuals by statistical area 1 (SA1) - part 2,VAR_2_498,VAR_2_498,Individual,Census usually resident population count aged 15 years and over,2018,Count,Unpaid activities (total responses),Looking after a child who does not live in own household,"Subject pop: Census usually resident population count aged 15 years and over, Year: 2018, Measure: Count, Var1: Unpaid activities (Looking after a child who does not live in own household)"
2023 Census totals by topic for individuals by statistical area 1 (SA1) - part 2,VAR_2_499,VAR_2_499,Individual,Census usually resident population count aged 15 years and over,2018,Count,Unpaid activities (total responses),Helping someone who is ill or has a disability who does not live in own household,"Subject pop: Census usually resident population count aged 15 years and over, Year: 2018, Measure: Count, Var1: Unpaid activities (Helping someone who is ill or has a disability who does not live in own household)"
2023 Census totals by topic for individuals by statistical area 1 (SA1) - part 2,VAR_2_500,VAR_2_500,Individual,Census usually resident population count aged 15 years and over,2018,Count,Unpaid activities (total responses),"Other helping or voluntary work for or through any organisation, group or marae","Subject pop: Census usually resident population count aged 15 years and over, Year: 2018, Measure: Count, Var1: Unpaid activities (Other helping or voluntary work for or through any organisation, group or marae)"
2023 Census totals by topic for individuals by statistical area 1 (SA1) - part 2,VAR_2_501,VAR_2_501,Individual,Census usually resident population count aged 15 years and over,2018,Count,Unpaid activities (total responses),Not elsewhere included,"Subject pop: Census usually resident population count aged 15 years and over, Year: 2018, Measure: Count, Var1: Unpaid activities (Not elsewhere included)"
2023 Census totals by topic for individuals by statistical area 1 (SA1) - part 2,VAR_2_502,VAR_2_502,Individual,Census usually resident population count aged 15 years and over,2018,Count,Unpaid activities (total responses),Total,"Subject pop: Census usually resident population count aged 15 years and over, Year: 2018, Measure: Count, Var1: Unpaid activities (Total)"
2023 Census totals by topic for individuals by statistical area 1 (SA1) - part 2,VAR_2_503,VAR_2_503,Individual,Census usually resident population count aged 15 years and over,2018,Count,Unpaid activities (total responses),Total stated,"Subject pop: Census usually resident population count aged 15 years and over, Year: 2018, Measure: Count, Var1: Unpaid activities (Total stated)"
2023 Census totals by topic for individuals by statistical area 1 (SA1) - part 2,VAR_2_504,VAR_2_504,Individual,Census usually resident population count aged 15 years and over,2023,Count,Unpaid activities (total responses),No activities,"Subject pop: Census usually resident population count aged 15 years and over, Year: 2023, Measure: Count, Var1: Unpaid activities (No activities)"
2023 Census totals by topic for individuals by statistical area 1 (SA1) - part 2,VAR_2_505,VAR_2_505,Individual,Census usually resident population count aged 15 years and over,2023,Count,Unpaid activities (total responses),"Household work, cooking, repairs, gardening, etc, for own household","Subject pop: Census usually resident population count aged 15 years and over, Year: 2023, Measure: Count, Var1: Unpaid activities (Household work, cooking, repairs, gardening, etc, for own household)"
2023 Census totals by topic for individuals by statistical area 1 (SA1) - part 2,VAR_2_506,VAR_2_506,Individual,Census usually resident population count aged 15 years and over,2023,Count,Unpaid activities (total responses),Looking after a child who is a member of own household,"Subject pop: Census usually resident population count aged 15 years and over, Year: 2023, Measure: Count, Var1: Unpaid activities (Looking after a child who is a member of own household)"
2023 Census totals by topic for individuals by statistical area 1 (SA1) - part 2,VAR_2_507,VAR_2_507,Individual,Census usually resident population count aged 15 years and over,2023,Count,Unpaid activities (total responses),Looking after a member of own household who is ill or has a disability,"Subject pop: Census usually resident population count aged 15 years and over, Year: 2023, Measure: Count, Var1: Unpaid activities (Looking after a member of own household who is ill or has a disability)"
2023 Census totals by topic for individuals by statistical area 1 (SA1) - part 2,VAR_2_508,VAR_2_508,Individual,Census usually resident population count aged 15 years and over,2023,Count,Unpaid activities (total responses),Looking after a child who does not live in own household,"Subject pop: Census usually resident population count aged 15 years and over, Year: 2023, Measure: Count, Var1: Unpaid activities (Looking after a child who does not live in own household)"
2023 Census totals by topic for individuals by statistical area 1 (SA1) - part 2,VAR_2_509,VAR_2_509,Individual,Census usually resident population count aged 15 years and over,2023,Count,Unpaid activities (total responses),Helping someone who is ill or has a disability who does not live in own household,"Subject pop: Census usually resident population count aged 15 years and over, Year: 2023, Measure: Count, Var1: Unpaid activities (Helping someone who is ill or has a disability who does not live in own household)"
2023 Census totals by topic for individuals by statistical area 1 (SA1) - part 2,VAR_2_510,VAR_2_510,Individual,Census usually resident population count aged 15 years and over,2023,Count,Unpaid activities (total responses),"Other helping or voluntary work for or through any organisation, group or marae","Subject pop: Census usually resident population count aged 15 years and over, Year: 2023, Measure: Count, Var1: Unpaid activities (Other helping or voluntary work for or through any organisation, group or marae)"
2023 Census totals by topic for individuals by statistical area 1 (SA1) - part 2,VAR_2_511,VAR_2_511,Individual,Census usually resident population count aged 15 years and over,2023,Count,Unpaid activities (total responses),Not elsewhere included,"Subject pop: Census usually resident population count aged 15 years and over, Year: 2023, Measure: Count, Var1: Unpaid activities (Not elsewhere included)"
2023 Census totals by topic for individuals by statistical area 1 (SA1) - part 2,VAR_2_512,VAR_2_512,Individual,Census usually resident population count aged 15 years and over,2023,Count,Unpaid activities (total responses),Total,"Subject pop: Census usually resident population count aged 15 years and over, Year: 2023, Measure: Count, Var1: Unpaid activities (Total)"
2023 Census totals by topic for individuals by statistical area 1 (SA1) - part 2,VAR_2_513,VAR_2_513,Individual,Census usually resident population count aged 15 years and over,2023,Count,Unpaid activities (total responses),Total stated,"Subject pop: Census usually resident population count aged 15 years and over, Year: 2023, Measure: Count, Var1: Unpaid activities (Total stated)"
2023 Census totals by topic for individuals by statistical area 1 (SA1) - part 2,VAR_2_514,VAR_2_514,Individual,Employed census usually resident population count aged 15 years and over,2013,Mean,Hours worked in employment per week,Average,"Subject pop: Employed census usually resident population count aged 15 years and over, Year: 2013, Measure: Mean, Var1: Hours worked in employment per week (Average)"
2023 Census totals by topic for individuals by statistical area 1 (SA1) - part 2,VAR_2_515,VAR_2_515,Individual,Employed census usually resident population count aged 15 years and over,2013,Count,Hours worked in employment per week,1-9 hours worked,"Subject pop: Employed census usually resident population count aged 15 years and over, Year: 2013, Measure: Count, Var1: Hours worked in employment per week (1-9 hours worked)"
2023 Census totals by topic for individuals by statistical area 1 (SA1) - part 2,VAR_2_516,VAR_2_516,Individual,Employed census usually resident population count aged 15 years and over,2013,Count,Hours worked in employment per week,10-19 hours worked,"Subject pop: Employed census usually resident population count aged 15 years and over, Year: 2013, Measure: Count, Var1: Hours worked in employment per week (10-19 hours worked)"
2023 Census totals by topic for individuals by statistical area 1 (SA1) - part 2,VAR_2_517,VAR_2_517,Individual,Employed census usually resident population count aged 15 years and over,2013,Count,Hours worked in employment per week,20-29 hours worked,"Subject pop: Employed census usually resident population count aged 15 years and over, Year: 2013, Measure: Count, Var1: Hours worked in employment per week (20-29 hours worked)"
2023 Census totals by topic for individuals by statistical area 1 (SA1) - part 2,VAR_2_518,VAR_2_518,Individual,Employed census usually resident population count aged 15 years and over,2013,Count,Hours worked in employment per week,30-39 hours worked,"Subject pop: Employed census usually resident population count aged 15 years and over, Year: 2013, Measure: Count, Var1: Hours worked in employment per week (30-39 hours worked)"
2023 Census totals by topic for individuals by statistical area 1 (SA1) - part 2,VAR_2_519,VAR_2_519,Individual,Employed census usually resident population count aged 15 years and over,2013,Count,Hours worked in employment per week,40-49 hours worked,"Subject pop: Employed census usually resident population count aged 15 years and over, Year: 2013, Measure: Count, Var1: Hours worked in employment per week (40-49 hours worked)"
2023 Census totals by topic for individuals by statistical area 1 (SA1) - part 2,VAR_2_520,VAR_2_520,Individual,Employed census usually resident population count aged 15 years and over,2013,Count,Hours worked in employment per week,50-59 hours worked,"Subject pop: Employed census usually resident population count aged 15 years and over, Year: 2013, Measure: Count, Var1: Hours worked in employment per week (50-59 hours worked)"
2023 Census totals by topic for individuals by statistical area 1 (SA1) - part 2,VAR_2_521,VAR_2_521,Individual,Employed census usually resident population count aged 15 years and over,2013,Count,Hours worked in employment per week,60 hours or more worked,"Subject pop: Employed census usually resident population count aged 15 years and over, Year: 2013, Measure: Count, Var1: Hours worked in employment per week (60 hours or more worked)"
2023 Census totals by topic for individuals by statistical area 1 (SA1) - part 2,VAR_2_522,VAR_2_522,Individual,Employed census usually resident population count aged 15 years and over,2013,Count,Hours worked in employment per week,Not elsewhere included,"Subject pop: Employed census usually resident population count aged 15 years and over, Year: 2013, Measure: Count, Var1: Hours worked in employment per week (Not elsewhere included)"
2023 Census totals by topic for individuals by statistical area 1 (SA1) - part 2,VAR_2_523,VAR_2_523,Individual,Employed census usually resident population count aged 15 years and over,2013,Count,Hours worked in employment per week,Total,"Subject pop: Employed census usually resident population count aged 15 years and over, Year: 2013, Measure: Count, Var1: Hours worked in employment per week (Total)"
2023 Census totals by topic for individuals by statistical area 1 (SA1) - part 2,VAR_2_524,VAR_2_524,Individual,Employed census usually resident population count aged 15 years and over,2013,Count,Hours worked in employment per week,Total stated,"Subject pop: Employed census usually resident population count aged 15 years and over, Year: 2013, Measure: Count, Var1: Hours worked in employment per week (Total stated)"
2023 Census totals by topic for individuals by statistical area 1 (SA1) - part 2,VAR_2_525,VAR_2_525,Individual,Employed census usually resident population count aged 15 years and over,2018,Mean,Hours worked in employment per week,Average,"Subject pop: Employed census usually resident population count aged 15 years and over, Year: 2018, Measure: Mean, Var1: Hours worked in employment per week (Average)"
2023 Census totals by topic for individuals by statistical area 1 (SA1) - part 2,VAR_2_526,VAR_2_526,Individual,Employed census usually resident population count aged 15 years and over,2018,Count,Hours worked in employment per week,1-9 hours worked,"Subject pop: Employed census usually resident population count aged 15 years and over, Year: 2018, Measure: Count, Var1: Hours worked in employment per week (1-9 hours worked)"
2023 Census totals by topic for individuals by statistical area 1 (SA1) - part 2,VAR_2_527,VAR_2_527,Individual,Employed census usually resident population count aged 15 years and over,2018,Count,Hours worked in employment per week,10-19 hours worked,"Subject pop: Employed census usually resident population count aged 15 years and over, Year: 2018, Measure: Count, Var1: Hours worked in employment per week (10-19 hours worked)"
2023 Census totals by topic for individuals by statistical area 1 (SA1) - part 2,VAR_2_528,VAR_2_528,Individual,Employed census usually resident population count aged 15 years and over,2018,Count,Hours worked in employment per week,20-29 hours worked,"Subject pop: Employed census usually resident population count aged 15 years and over, Year: 2018, Measure: Count, Var1: Hours worked in employment per week (20-29 hours worked)"
2023 Census totals by topic for individuals by statistical area 1 (SA1) - part 2,VAR_2_529,VAR_2_529,Individual,Employed census usually resident population count aged 15 years and over,2018,Count,Hours worked in employment per week,30-39 hours worked,"Subject pop: Employed census usually resident population count aged 15 years and over, Year: 2018, Measure: Count, Var1: Hours worked in employment per week (30-39 hours worked)"
2023 Census totals by topic for individuals by statistical area 1 (SA1) - part 2,VAR_2_530,VAR_2_530,Individual,Employed census usually resident population count aged 15 years and over,2018,Count,Hours worked in employment per week,40-49 hours worked,"Subject pop: Employed census usually resident population count aged 15 years and over, Year: 2018, Measure: Count, Var1: Hours worked in employment per week (40-49 hours worked)"
2023 Census totals by topic for individuals by statistical area 1 (SA1) - part 2,VAR_2_531,VAR_2_531,Individual,Employed census usually resident population count aged 15 years and over,2018,Count,Hours worked in employment per week,50-59 hours worked,"Subject pop: Employed census usually resident population count aged 15 years and over, Year: 2018, Measure: Count, Var1: Hours worked in employment per week (50-59 hours worked)"
2023 Census totals by topic for individuals by statistical area 1 (SA1) - part 2,VAR_2_532,VAR_2_532,Individual,Employed census usually resident population count aged 15 years and over,2018,Count,Hours worked in employment per week,60 hours or more worked,"Subject pop: Employed census usually resident population count aged 15 years and over, Year: 2018, Measure: Count, Var1: Hours worked in employment per week (60 hours or more worked)"
2023 Census totals by topic for individuals by statistical area 1 (SA1) - part 2,VAR_2_533,VAR_2_533,Individual,Employed census usually resident population count aged 15 years and over,2018,Count,Hours worked in employment per week,Not elsewhere included,"Subject pop: Employed census usually resident population count aged 15 years and over, Year: 2018, Measure: Count, Var1: Hours worked in employment per week (Not elsewhere included)"
2023 Census totals by topic for individuals by statistical area 1 (SA1) - part 2,VAR_2_534,VAR_2_534,Individual,Employed census usually resident population count aged 15 years and over,2018,Count,Hours worked in employment per week,Total,"Subject pop: Employed census usually resident population count aged 15 years and over, Year: 2018, Measure: Count, Var1: Hours worked in employment per week (Total)"
2023 Census totals by topic for individuals by statistical area 1 (SA1) - part 2,VAR_2_535,VAR_2_535,Individual,Employed census usually resident population count aged 15 years and over,2018,Count,Hours worked in employment per week,Total stated,"Subject pop: Employed census usually resident population count aged 15 years and over, Year: 2018, Measure: Count, Var1: Hours worked in employment per week (Total stated)"
2023 Census totals by topic for individuals by statistical area 1 (SA1) - part 2,VAR_2_536,VAR_2_536,Individual,Employed census usually resident population count aged 15 years and over,2023,Mean,Hours worked in employment per week,Average,"Subject pop: Employed census usually resident population count aged 15 years and over, Year: 2023, Measure: Mean, Var1: Hours worked in employment per week (Average)"
2023 Census totals by topic for individuals by statistical area 1 (SA1) - part 2,VAR_2_537,VAR_2_537,Individual,Employed census usually resident population count aged 15 years and over,2023,Count,Hours worked in employment per week,1-9 hours worked,"Subject pop: Employed census usually resident population count aged 15 years and over, Year: 2023, Measure: Count, Var1: Hours worked in employment per week (1-9 hours worked)"
2023 Census totals by topic for individuals by statistical area 1 (SA1) - part 2,VAR_2_538,VAR_2_538,Individual,Employed census usually resident population count aged 15 years and over,2023,Count,Hours worked in employment per week,10-19 hours worked,"Subject pop: Employed census usually resident population count aged 15 years and over, Year: 2023, Measure: Count, Var1: Hours worked in employment per week (10-19 hours worked)"
2023 Census totals by topic for individuals by statistical area 1 (SA1) - part 2,VAR_2_539,VAR_2_539,Individual,Employed census usually resident population count aged 15 years and over,2023,Count,Hours worked in employment per week,20-29 hours worked,"Subject pop: Employed census usually resident population count aged 15 years and over, Year: 2023, Measure: Count, Var1: Hours worked in employment per week (20-29 hours worked)"
2023 Census totals by topic for individuals by statistical area 1 (SA1) - part 2,VAR_2_540,VAR_2_540,Individual,Employed census usually resident population count aged 15 years and over,2023,Count,Hours worked in employment per week,30-39 hours worked,"Subject pop: Employed census usually resident population count aged 15 years and over, Year: 2023, Measure: Count, Var1: Hours worked in employment per week (30-39 hours worked)"
2023 Census totals by topic for individuals by statistical area 1 (SA1) - part 2,VAR_2_541,VAR_2_541,Individual,Employed census usually resident population count aged 15 years and over,2023,Count,Hours worked in employment per week,40-49 hours worked,"Subject pop: Employed census usually resident population count aged 15 years and over, Year: 2023, Measure: Count, Var1: Hours worked in employment per week (40-49 hours worked)"
2023 Census totals by topic for individuals by statistical area 1 (SA1) - part 2,VAR_2_542,VAR_2_542,Individual,Employed census usually resident population count aged 15 years and over,2023,Count,Hours worked in employment per week,50-59 hours worked,"Subject pop: Employed census usually resident population count aged 15 years and over, Year: 2023, Measure: Count, Var1: Hours worked in employment per week (50-59 hours worked)"
2023 Census totals by topic for individuals by statistical area 1 (SA1) - part 2,VAR_2_543,VAR_2_543,Individual,Employed census usually resident population count aged 15 years and over,2023,Count,Hours worked in employment per week,60 hours or more worked,"Subject pop: Employed census usually resident population count aged 15 years and over, Year: 2023, Measure: Count, Var1: Hours worked in employment per week (60 hours or more worked)"
2023 Census totals by topic for individuals by statistical area 1 (SA1) - part 2,VAR_2_544,VAR_2_544,Individual,Employed census usually resident population count aged 15 years and over,2023,Count,Hours worked in employment per week,Not elsewhere included,"Subject pop: Employed census usually resident population count aged 15 years and over, Year: 2023, Measure: Count, Var1: Hours worked in employment per week (Not elsewhere included)"
2023 Census totals by topic for individuals by statistical area 1 (SA1) - part 2,VAR_2_545,VAR_2_545,Individual,Employed census usually resident population count aged 15 years and over,2023,Count,Hours worked in employment per week,Total,"Subject pop: Employed census usually resident population count aged 15 years and over, Year: 2023, Measure: Count, Var1: Hours worked in employment per week (Total)"
2023 Census totals by topic for individuals by statistical area 1 (SA1) - part 2,VAR_2_546,VAR_2_546,Individual,Employed census usually resident population count aged 15 years and over,2023,Count,Hours worked in employment per week,Total stated,"Subject pop: Employed census usually resident population count aged 15 years and over, Year: 2023, Measure: Count, Var1: Hours worked in employment per week (Total stated)"
2023 Census totals by topic for individuals by statistical area 1 (SA1) - part 2,VAR_2_547,VAR_2_547,Individual,Employed census usually resident population count aged 15 years and over,2013,Count,"Industry, by usual residence address","Agriculture, Forestry and Fishing","Subject pop: Employed census usually resident population count aged 15 years and over, Year: 2013, Measure: Count, Var1: Industry, by usual residence address (Agriculture, Forestry and Fishing)"
2023 Census totals by topic for individuals by statistical area 1 (SA1) - part 2,VAR_2_548,VAR_2_548,Individual,Employed census usually resident population count aged 15 years and over,2013,Count,"Industry, by usual residence address",Mining,"Subject pop: Employed census usually resident population count aged 15 years and over, Year: 2013, Measure: Count, Var1: Industry, by usual residence address (Mining)"
2023 Census totals by topic for individuals by statistical area 1 (SA1) - part 2,VAR_2_549,VAR_2_549,Individual,Employed census usually resident population count aged 15 years and over,2013,Count,"Industry, by usual residence address",Manufacturing,"Subject pop: Employed census usually resident population count aged 15 years and over, Year: 2013, Measure: Count, Var1: Industry, by usual residence address (Manufacturing)"
2023 Census totals by topic for individuals by statistical area 1 (SA1) - part 2,VAR_2_550,VAR_2_550,Individual,Employed census usually resident population count aged 15 years and over,2013,Count,"Industry, by usual residence address","Electricity, Gas, Water and Waste Services","Subject pop: Employed census usually resident population count aged 15 years and over, Year: 2013, Measure: Count, Var1: Industry, by usual residence address (Electricity, Gas, Water and Waste Services)"
2023 Census totals by topic for individuals by statistical area 1 (SA1) - part 2,VAR_2_551,VAR_2_551,Individual,Employed census usually resident population count aged 15 years and over,2013,Count,"Industry, by usual residence address",Construction,"Subject pop: Employed census usually resident population count aged 15 years and over, Year: 2013, Measure: Count, Var1: Industry, by usual residence address (Construction)"
2023 Census totals by topic for individuals by statistical area 1 (SA1) - part 2,VAR_2_552,VAR_2_552,Individual,Employed census usually resident population count aged 15 years and over,2013,Count,"Industry, by usual residence address",Wholesale Trade,"Subject pop: Employed census usually resident population count aged 15 years and over, Year: 2013, Measure: Count, Var1: Industry, by usual residence address (Wholesale Trade)"
2023 Census totals by topic for individuals by statistical area 1 (SA1) - part 2,VAR_2_553,VAR_2_553,Individual,Employed census usually resident population count aged 15 years and over,2013,Count,"Industry, by usual residence address",Retail Trade,"Subject pop: Employed census usually resident population count aged 15 years and over, Year: 2013, Measure: Count, Var1: Industry, by usual residence address (Retail Trade)"
2023 Census totals by topic for individuals by statistical area 1 (SA1) - part 2,VAR_2_554,VAR_2_554,Individual,Employed census usually resident population count aged 15 years and over,2013,Count,"Industry, by usual residence address",Accommodation and Food Services,"Subject pop: Employed census usually resident population count aged 15 years and over, Year: 2013, Measure: Count, Var1: Industry, by usual residence address (Accommodation and Food Services)"
2023 Census totals by topic for individuals by statistical area 1 (SA1) - part 2,VAR_2_555,VAR_2_555,Individual,Employed census usually resident population count aged 15 years and over,2013,Count,"Industry, by usual residence address","Transport, Postal and Warehousing","Subject pop: Employed census usually resident population count aged 15 years and over, Year: 2013, Measure: Count, Var1: Industry, by usual residence address (Transport, Postal and Warehousing)"
2023 Census totals by topic for individuals by statistical area 1 (SA1) - part 2,VAR_2_556,VAR_2_556,Individual,Employed census usually resident population count aged 15 years and over,2013,Count,"Industry, by usual residence address",Information Media and Telecommunications,"Subject pop: Employed census usually resident population count aged 15 years and over, Year: 2013, Measure: Count, Var1: Industry, by usual residence address (Information Media and Telecommunications)"
2023 Census totals by topic for individuals by statistical area 1 (SA1) - part 2,VAR_2_557,VAR_2_557,Individual,Employed census usually resident population count aged 15 years and over,2013,Count,"Industry, by usual residence address",Financial and Insurance Services,"Subject pop: Employed census usually resident population count aged 15 years and over, Year: 2013, Measure: Count, Var1: Industry, by usual residence address (Financial and Insurance Services)"
2023 Census totals by topic for individuals by statistical area 1 (SA1) - part 2,VAR_2_558,VAR_2_558,Individual,Employed census usually resident population count aged 15 years and over,2013,Count,"Industry, by usual residence address","Rental, Hiring and Real Estate Services","Subject pop: Employed census usually resident population count aged 15 years and over, Year: 2013, Measure: Count, Var1: Industry, by usual residence address (Rental, Hiring and Real Estate Services)"
2023 Census totals by topic for individuals by statistical area 1 (SA1) - part 2,VAR_2_559,VAR_2_559,Individual,Employed census usually resident population count aged 15 years and over,2013,Count,"Industry, by usual residence address","Professional, Scientific and Technical Services","Subject pop: Employed census usually resident population count aged 15 years and over, Year: 2013, Measure: Count, Var1: Industry, by usual residence address (Professional, Scientific and Technical Services)"
2023 Census totals by topic for individuals by statistical area 1 (SA1) - part 2,VAR_2_560,VAR_2_560,Individual,Employed census usually resident population count aged 15 years and over,2013,Count,"Industry, by usual residence address",Administrative and Support Services,"Subject pop: Employed census usually resident population count aged 15 years and over, Year: 2013, Measure: Count, Var1: Industry, by usual residence address (Administrative and Support Services)"
2023 Census totals by topic for individuals by statistical area 1 (SA1) - part 2,VAR_2_561,VAR_2_561,Individual,Employed census usually resident population count aged 15 years and over,2013,Count,"Industry, by usual residence address",Public Administration and Safety,"Subject pop: Employed census usually resident population count aged 15 years and over, Year: 2013, Measure: Count, Var1: Industry, by usual residence address (Public Administration and Safety)"
2023 Census totals by topic for individuals by statistical area 1 (SA1) - part 2,VAR_2_562,VAR_2_562,Individual,Employed census usually resident population count aged 15 years and over,2013,Count,"Industry, by usual residence address",Education and Training,"Subject pop: Employed census usually resident population count aged 15 years and over, Year: 2013, Measure: Count, Var1: Industry, by usual residence address (Education and Training)"
2023 Census totals by topic for individuals by statistical area 1 (SA1) - part 2,VAR_2_563,VAR_2_563,Individual,Employed census usually resident population count aged 15 years and over,2013,Count,"Industry, by usual residence address",Health Care and Social Assistance,"Subject pop: Employed census usually resident population count aged 15 years and over, Year: 2013, Measure: Count, Var1: Industry, by usual residence address (Health Care and Social Assistance)"
2023 Census totals by topic for individuals by statistical area 1 (SA1) - part 2,VAR_2_564,VAR_2_564,Individual,Employed census usually resident population count aged 15 years and over,2013,Count,"Industry, by usual residence address",Arts and Recreation Services,"Subject pop: Employed census usually resident population count aged 15 years and over, Year: 2013, Measure: Count, Var1: Industry, by usual residence address (Arts and Recreation Services)"
2023 Census totals by topic for individuals by statistical area 1 (SA1) - part 2,VAR_2_565,VAR_2_565,Individual,Employed census usually resident population count aged 15 years and over,2013,Count,"Industry, by usual residence address",Other Services,"Subject pop: Employed census usually resident population count aged 15 years and over, Year: 2013, Measure: Count, Var1: Industry, by usual residence address (Other Services)"
2023 Census totals by topic for individuals by statistical area 1 (SA1) - part 2,VAR_2_566,VAR_2_566,Individual,Employed census usually resident population count aged 15 years and over,2013,Count,"Industry, by usual residence address",Not Elsewhere Included,"Subject pop: Employed census usually resident population count aged 15 years and over, Year: 2013, Measure: Count, Var1: Industry, by usual residence address (Not Elsewhere Included)"
2023 Census totals by topic for individuals by statistical area 1 (SA1) - part 2,VAR_2_567,VAR_2_567,Individual,Employed census usually resident population count aged 15 years and over,2013,Count,"Industry, by usual residence address",Total,"Subject pop: Employed census usually resident population count aged 15 years and over, Year: 2013, Measure: Count, Var1: Industry, by usual residence address (Total)"
2023 Census totals by topic for individuals by statistical area 1 (SA1) - part 2,VAR_2_568,VAR_2_568,Individual,Employed census usually resident population count aged 15 years and over,2013,Count,"Industry, by usual residence address",Total stated,"Subject pop: Employed census usually resident population count aged 15 years and over, Year: 2013, Measure: Count, Var1: Industry, by usual residence address (Total stated)"
2023 Census totals by topic for individuals by statistical area 1 (SA1) - part 2,VAR_2_569,VAR_2_569,Individual,Employed census usually resident population count aged 15 years and over,2018,Count,"Industry, by usual residence address","Agriculture, Forestry and Fishing","Subject pop: Employed census usually resident population count aged 15 years and over, Year: 2018, Measure: Count, Var1: Industry, by usual residence address (Agriculture, Forestry and Fishing)"
2023 Census totals by topic for individuals by statistical area 1 (SA1) - part 2,VAR_2_570,VAR_2_570,Individual,Employed census usually resident population count aged 15 years and over,2018,Count,"Industry, by usual residence address",Mining,"Subject pop: Employed census usually resident population count aged 15 years and over, Year: 2018, Measure: Count, Var1: Industry, by usual residence address (Mining)"
2023 Census totals by topic for individuals by statistical area 1 (SA1) - part 2,VAR_2_571,VAR_2_571,Individual,Employed census usually resident population count aged 15 years and over,2018,Count,"Industry, by usual residence address",Manufacturing,"Subject pop: Employed census usually resident population count aged 15 years and over, Year: 2018, Measure: Count, Var1: Industry, by usual residence address (Manufacturing)"
2023 Census totals by topic for individuals by statistical area 1 (SA1) - part 2,VAR_2_572,VAR_2_572,Individual,Employed census usually resident population count aged 15 years and over,2018,Count,"Industry, by usual residence address","Electricity, Gas, Water and Waste Services","Subject pop: Employed census usually resident population count aged 15 years and over, Year: 2018, Measure: Count, Var1: Industry, by usual residence address (Electricity, Gas, Water and Waste Services)"
2023 Census totals by topic for individuals by statistical area 1 (SA1) - part 2,VAR_2_573,VAR_2_573,Individual,Employed census usually resident population count aged 15 years and over,2018,Count,"Industry, by usual residence address",Construction,"Subject pop: Employed census usually resident population count aged 15 years and over, Year: 2018, Measure: Count, Var1: Industry, by usual residence address (Construction)"
2023 Census totals by topic for individuals by statistical area 1 (SA1) - part 2,VAR_2_574,VAR_2_574,Individual,Employed census usually resident population count aged 15 years and over,2018,Count,"Industry, by usual residence address",Wholesale Trade,"Subject pop: Employed census usually resident population count aged 15 years and over, Year: 2018, Measure: Count, Var1: Industry, by usual residence address (Wholesale Trade)"
2023 Census totals by topic for individuals by statistical area 1 (SA1) - part 2,VAR_2_575,VAR_2_575,Individual,Employed census usually resident population count aged 15 years and over,2018,Count,"Industry, by usual residence address",Retail Trade,"Subject pop: Employed census usually resident population count aged 15 years and over, Year: 2018, Measure: Count, Var1: Industry, by usual residence address (Retail Trade)"
2023 Census totals by topic for individuals by statistical area 1 (SA1) - part 2,VAR_2_576,VAR_2_576,Individual,Employed census usually resident population count aged 15 years and over,2018,Count,"Industry, by usual residence address",Accommodation and Food Services,"Subject pop: Employed census usually resident population count aged 15 years and over, Year: 2018, Measure: Count, Var1: Industry, by usual residence address (Accommodation and Food Services)"
2023 Census totals by topic for individuals by statistical area 1 (SA1) - part 2,VAR_2_577,VAR_2_577,Individual,Employed census usually resident population count aged 15 years and over,2018,Count,"Industry, by usual residence address","Transport, Postal and Warehousing","Subject pop: Employed census usually resident population count aged 15 years and over, Year: 2018, Measure: Count, Var1: Industry, by usual residence address (Transport, Postal and Warehousing)"
2023 Census totals by topic for individuals by statistical area 1 (SA1) - part 2,VAR_2_578,VAR_2_578,Individual,Employed census usually resident population count aged 15 years and over,2018,Count,"Industry, by usual residence address",Information Media and Telecommunications,"Subject pop: Employed census usually resident population count aged 15 years and over, Year: 2018, Measure: Count, Var1: Industry, by usual residence address (Information Media and Telecommunications)"
2023 Census totals by topic for individuals by statistical area 1 (SA1) - part 2,VAR_2_579,VAR_2_579,Individual,Employed census usually resident population count aged 15 years and over,2018,Count,"Industry, by usual residence address",Financial and Insurance Services,"Subject pop: Employed census usually resident population count aged 15 years and over, Year: 2018, Measure: Count, Var1: Industry, by usual residence address (Financial and Insurance Services)"
2023 Census totals by topic for individuals by statistical area 1 (SA1) - part 2,VAR_2_580,VAR_2_580,Individual,Employed census usually resident population count aged 15 years and over,2018,Count,"Industry, by usual residence address","Rental, Hiring and Real Estate Services","Subject pop: Employed census usually resident population count aged 15 years and over, Year: 2018, Measure: Count, Var1: Industry, by usual residence address (Rental, Hiring and Real Estate Services)"
2023 Census totals by topic for individuals by statistical area 1 (SA1) - part 2,VAR_2_581,VAR_2_581,Individual,Employed census usually resident population count aged 15 years and over,2018,Count,"Industry, by usual residence address","Professional, Scientific and Technical Services","Subject pop: Employed census usually resident population count aged 15 years and over, Year: 2018, Measure: Count, Var1: Industry, by usual residence address (Professional, Scientific and Technical Services)"
2023 Census totals by topic for individuals by statistical area 1 (SA1) - part 2,VAR_2_582,VAR_2_582,Individual,Employed census usually resident population count aged 15 years and over,2018,Count,"Industry, by usual residence address",Administrative and Support Services,"Subject pop: Employed census usually resident population count aged 15 years and over, Year: 2018, Measure: Count, Var1: Industry, by usual residence address (Administrative and Support Services)"
2023 Census totals by topic for individuals by statistical area 1 (SA1) - part 2,VAR_2_583,VAR_2_583,Individual,Employed census usually resident population count aged 15 years and over,2018,Count,"Industry, by usual residence address",Public Administration and Safety,"Subject pop: Employed census usually resident population count aged 15 years and over, Year: 2018, Measure: Count, Var1: Industry, by usual residence address (Public Administration and Safety)"
2023 Census totals by topic for individuals by statistical area 1 (SA1) - part 2,VAR_2_584,VAR_2_584,Individual,Employed census usually resident population count aged 15 years and over,2018,Count,"Industry, by usual residence address",Education and Training,"Subject pop: Employed census usually resident population count aged 15 years and over, Year: 2018, Measure: Count, Var1: Industry, by usual residence address (Education and Training)"
2023 Census totals by topic for individuals by statistical area 1 (SA1) - part 2,VAR_2_585,VAR_2_585,Individual,Employed census usually resident population count aged 15 years and over,2018,Count,"Industry, by usual residence address",Health Care and Social Assistance,"Subject pop: Employed census usually resident population count aged 15 years and over, Year: 2018, Measure: Count, Var1: Industry, by usual residence address (Health Care and Social Assistance)"
2023 Census totals by topic for individuals by statistical area 1 (SA1) - part 2,VAR_2_586,VAR_2_586,Individual,Employed census usually resident population count aged 15 years and over,2018,Count,"Industry, by usual residence address",Arts and Recreation Services,"Subject pop: Employed census usually resident population count aged 15 years and over, Year: 2018, Measure: Count, Var1: Industry, by usual residence address (Arts and Recreation Services)"
2023 Census totals by topic for individuals by statistical area 1 (SA1) - part 2,VAR_2_587,VAR_2_587,Individual,Employed census usually resident population count aged 15 years and over,2018,Count,"Industry, by usual residence address",Other Services,"Subject pop: Employed census usually resident population count aged 15 years and over, Year: 2018, Measure: Count, Var1: Industry, by usual residence address (Other Services)"
2023 Census totals by topic for individuals by statistical area 1 (SA1) - part 2,VAR_2_588,VAR_2_588,Individual,Employed census usually resident population count aged 15 years and over,2018,Count,"Industry, by usual residence address",Not Elsewhere Included,"Subject pop: Employed census usually resident population count aged 15 years and over, Year: 2018, Measure: Count, Var1: Industry, by usual residence address (Not Elsewhere Included)"
2023 Census totals by topic for individuals by statistical area 1 (SA1) - part 2,VAR_2_589,VAR_2_589,Individual,Employed census usually resident population count aged 15 years and over,2018,Count,"Industry, by usual residence address",Total,"Subject pop: Employed census usually resident population count aged 15 years and over, Year: 2018, Measure: Count, Var1: Industry, by usual residence address (Total)"
2023 Census totals by topic for individuals by statistical area 1 (SA1) - part 2,VAR_2_590,VAR_2_590,Individual,Employed census usually resident population count aged 15 years and over,2018,Count,"Industry, by usual residence address",Total stated,"Subject pop: Employed census usually resident population count aged 15 years and over, Year: 2018, Measure: Count, Var1: Industry, by usual residence address (Total stated)"
2023 Census totals by topic for individuals by statistical area 1 (SA1) - part 2,VAR_2_591,VAR_2_591,Individual,Employed census usually resident population count aged 15 years and over,2023,Count,"Industry, by usual residence address","Agriculture, Forestry and Fishing","Subject pop: Employed census usually resident population count aged 15 years and over, Year: 2023, Measure: Count, Var1: Industry, by usual residence address (Agriculture, Forestry and Fishing)"
2023 Census totals by topic for individuals by statistical area 1 (SA1) - part 2,VAR_2_592,VAR_2_592,Individual,Employed census usually resident population count aged 15 years and over,2023,Count,"Industry, by usual residence address",Mining,"Subject pop: Employed census usually resident population count aged 15 years and over, Year: 2023, Measure: Count, Var1: Industry, by usual residence address (Mining)"
2023 Census totals by topic for individuals by statistical area 1 (SA1) - part 2,VAR_2_593,VAR_2_593,Individual,Employed census usually resident population count aged 15 years and over,2023,Count,"Industry, by usual residence address",Manufacturing,"Subject pop: Employed census usually resident population count aged 15 years and over, Year: 2023, Measure: Count, Var1: Industry, by usual residence address (Manufacturing)"
2023 Census totals by topic for individuals by statistical area 1 (SA1) - part 2,VAR_2_594,VAR_2_594,Individual,Employed census usually resident population count aged 15 years and over,2023,Count,"Industry, by usual residence address","Electricity, Gas, Water and Waste Services","Subject pop: Employed census usually resident population count aged 15 years and over, Year: 2023, Measure: Count, Var1: Industry, by usual residence address (Electricity, Gas, Water and Waste Services)"
2023 Census totals by topic for individuals by statistical area 1 (SA1) - part 2,VAR_2_595,VAR_2_595,Individual,Employed census usually resident population count aged 15 years and over,2023,Count,"Industry, by usual residence address",Construction,"Subject pop: Employed census usually resident population count aged 15 years and over, Year: 2023, Measure: Count, Var1: Industry, by usual residence address (Construction)"
2023 Census totals by topic for individuals by statistical area 1 (SA1) - part 2,VAR_2_596,VAR_2_596,Individual,Employed census usually resident population count aged 15 years and over,2023,Count,"Industry, by usual residence address",Wholesale Trade,"Subject pop: Employed census usually resident population count aged 15 years and over, Year: 2023, Measure: Count, Var1: Industry, by usual residence address (Wholesale Trade)"
2023 Census totals by topic for individuals by statistical area 1 (SA1) - part 2,VAR_2_597,VAR_2_597,Individual,Employed census usually resident population count aged 15 years and over,2023,Count,"Industry, by usual residence address",Retail Trade,"Subject pop: Employed census usually resident population count aged 15 years and over, Year: 2023, Measure: Count, Var1: Industry, by usual residence address (Retail Trade)"
2023 Census totals by topic for individuals by statistical area 1 (SA1) - part 2,VAR_2_598,VAR_2_598,Individual,Employed census usually resident population count aged 15 years and over,2023,Count,"Industry, by usual residence address",Accommodation and Food Services,"Subject pop: Employed census usually resident population count aged 15 years and over, Year: 2023, Measure: Count, Var1: Industry, by usual residence address (Accommodation and Food Services)"
2023 Census totals by topic for individuals by statistical area 1 (SA1) - part 2,VAR_2_599,VAR_2_599,Individual,Employed census usually resident population count aged 15 years and over,2023,Count,"Industry, by usual residence address","Transport, Postal and Warehousing","Subject pop: Employed census usually resident population count aged 15 years and over, Year: 2023, Measure: Count, Var1: Industry, by usual residence address (Transport, Postal and Warehousing)"
2023 Census totals by topic for individuals by statistical area 1 (SA1) - part 2,VAR_2_600,VAR_2_600,Individual,Employed census usually resident population count aged 15 years and over,2023,Count,"Industry, by usual residence address",Information Media and Telecommunications,"Subject pop: Employed census usually resident population count aged 15 years and over, Year: 2023, Measure: Count, Var1: Industry, by usual residence address (Information Media and Telecommunications)"
2023 Census totals by topic for individuals by statistical area 1 (SA1) - part 2,VAR_2_601,VAR_2_601,Individual,Employed census usually resident population count aged 15 years and over,2023,Count,"Industry, by usual residence address",Financial and Insurance Services,"Subject pop: Employed census usually resident population count aged 15 years and over, Year: 2023, Measure: Count, Var1: Industry, by usual residence address (Financial and Insurance Services)"
2023 Census totals by topic for individuals by statistical area 1 (SA1) - part 2,VAR_2_602,VAR_2_602,Individual,Employed census usually resident population count aged 15 years and over,2023,Count,"Industry, by usual residence address","Rental, Hiring and Real Estate Services","Subject pop: Employed census usually resident population count aged 15 years and over, Year: 2023, Measure: Count, Var1: Industry, by usual residence address (Rental, Hiring and Real Estate Services)"
2023 Census totals by topic for individuals by statistical area 1 (SA1) - part 2,VAR_2_603,VAR_2_603,Individual,Employed census usually resident population count aged 15 years and over,2023,Count,"Industry, by usual residence address","Professional, Scientific and Technical Services","Subject pop: Employed census usually resident population count aged 15 years and over, Year: 2023, Measure: Count, Var1: Industry, by usual residence address (Professional, Scientific and Technical Services)"
2023 Census totals by topic for individuals by statistical area 1 (SA1) - part 2,VAR_2_604,VAR_2_604,Individual,Employed census usually resident population count aged 15 years and over,2023,Count,"Industry, by usual residence address",Administrative and Support Services,"Subject pop: Employed census usually resident population count aged 15 years and over, Year: 2023, Measure: Count, Var1: Industry, by usual residence address (Administrative and Support Services)"
2023 Census totals by topic for individuals by statistical area 1 (SA1) - part 2,VAR_2_605,VAR_2_605,Individual,Employed census usually resident population count aged 15 years and over,2023,Count,"Industry, by usual residence address",Public Administration and Safety,"Subject pop: Employed census usually resident population count aged 15 years and over, Year: 2023, Measure: Count, Var1: Industry, by usual residence address (Public Administration and Safety)"
2023 Census totals by topic for individuals by statistical area 1 (SA1) - part 2,VAR_2_606,VAR_2_606,Individual,Employed census usually resident population count aged 15 years and over,2023,Count,"Industry, by usual residence address",Education and Training,"Subject pop: Employed census usually resident population count aged 15 years and over, Year: 2023, Measure: Count, Var1: Industry, by usual residence address (Education and Training)"
2023 Census totals by topic for individuals by statistical area 1 (SA1) - part 2,VAR_2_607,VAR_2_607,Individual,Employed census usually resident population count aged 15 years and over,2023,Count,"Industry, by usual residence address",Health Care and Social Assistance,"Subject pop: Employed census usually resident population count aged 15 years and over, Year: 2023, Measure: Count, Var1: Industry, by usual residence address (Health Care and Social Assistance)"
2023 Census totals by topic for individuals by statistical area 1 (SA1) - part 2,VAR_2_608,VAR_2_608,Individual,Employed census usually resident population count aged 15 years and over,2023,Count,"Industry, by usual residence address",Arts and Recreation Services,"Subject pop: Employed census usually resident population count aged 15 years and over, Year: 2023, Measure: Count, Var1: Industry, by usual residence address (Arts and Recreation Services)"
2023 Census totals by topic for individuals by statistical area 1 (SA1) - part 2,VAR_2_609,VAR_2_609,Individual,Employed census usually resident population count aged 15 years and over,2023,Count,"Industry, by usual residence address",Other Services,"Subject pop: Employed census usually resident population count aged 15 years and over, Year: 2023, Measure: Count, Var1: Industry, by usual residence address (Other Services)"
2023 Census totals by topic for individuals by statistical area 1 (SA1) - part 2,VAR_2_610,VAR_2_610,Individual,Employed census usually resident population count aged 15 years and over,2023,Count,"Industry, by usual residence address",Not Elsewhere Included,"Subject pop: Employed census usually resident population count aged 15 years and over, Year: 2023, Measure: Count, Var1: Industry, by usual residence address (Not Elsewhere Included)"
2023 Census totals by topic for individuals by statistical area 1 (SA1) - part 2,VAR_2_611,VAR_2_611,Individual,Employed census usually resident population count aged 15 years and over,2023,Count,"Industry, by usual residence address",Total,"Subject pop: Employed census usually resident population count aged 15 years and over, Year: 2023, Measure: Count, Var1: Industry, by usual residence address (Total)"
2023 Census totals by topic for individuals by statistical area 1 (SA1) - part 2,VAR_2_612,VAR_2_612,Individual,Employed census usually resident population count aged 15 years and over,2023,Count,"Industry, by usual residence address",Total stated,"Subject pop: Employed census usually resident population count aged 15 years and over, Year: 2023, Measure: Count, Var1: Industry, by usual residence address (Total stated)"
2023 Census totals by topic for individuals by statistical area 1 (SA1) - part 2,VAR_2_613,VAR_2_613,Individual,Employed census usually resident population count aged 15 years and over,2013,Count,"Industry, by workplace address","Agriculture, Forestry and Fishing","Subject pop: Employed census usually resident population count aged 15 years and over, Year: 2013, Measure: Count, Var1: Industry, by workplace address (Agriculture, Forestry and Fishing)"
2023 Census totals by topic for individuals by statistical area 1 (SA1) - part 2,VAR_2_614,VAR_2_614,Individual,Employed census usually resident population count aged 15 years and over,2013,Count,"Industry, by workplace address",Mining,"Subject pop: Employed census usually resident population count aged 15 years and over, Year: 2013, Measure: Count, Var1: Industry, by workplace address (Mining)"
2023 Census totals by topic for individuals by statistical area 1 (SA1) - part 2,VAR_2_615,VAR_2_615,Individual,Employed census usually resident population count aged 15 years and over,2013,Count,"Industry, by workplace address",Manufacturing,"Subject pop: Employed census usually resident population count aged 15 years and over, Year: 2013, Measure: Count, Var1: Industry, by workplace address (Manufacturing)"
2023 Census totals by topic for individuals by statistical area 1 (SA1) - part 2,VAR_2_616,VAR_2_616,Individual,Employed census usually resident population count aged 15 years and over,2013,Count,"Industry, by workplace address","Electricity, Gas, Water and Waste Services","Subject pop: Employed census usually resident population count aged 15 years and over, Year: 2013, Measure: Count, Var1: Industry, by workplace address (Electricity, Gas, Water and Waste Services)"
2023 Census totals by topic for individuals by statistical area 1 (SA1) - part 2,VAR_2_617,VAR_2_617,Individual,Employed census usually resident population count aged 15 years and over,2013,Count,"Industry, by workplace address",Construction,"Subject pop: Employed census usually resident population count aged 15 years and over, Year: 2013, Measure: Count, Var1: Industry, by workplace address (Construction)"
2023 Census totals by topic for individuals by statistical area 1 (SA1) - part 2,VAR_2_618,VAR_2_618,Individual,Employed census usually resident population count aged 15 years and over,2013,Count,"Industry, by workplace address",Wholesale Trade,"Subject pop: Employed census usually resident population count aged 15 years and over, Year: 2013, Measure: Count, Var1: Industry, by workplace address (Wholesale Trade)"
2023 Census totals by topic for individuals by statistical area 1 (SA1) - part 2,VAR_2_619,VAR_2_619,Individual,Employed census usually resident population count aged 15 years and over,2013,Count,"Industry, by workplace address",Retail Trade,"Subject pop: Employed census usually resident population count aged 15 years and over, Year: 2013, Measure: Count, Var1: Industry, by workplace address (Retail Trade)"
2023 Census totals by topic for individuals by statistical area 1 (SA1) - part 2,VAR_2_620,VAR_2_620,Individual,Employed census usually resident population count aged 15 years and over,2013,Count,"Industry, by workplace address",Accommodation and Food Services,"Subject pop: Employed census usually resident population count aged 15 years and over, Year: 2013, Measure: Count, Var1: Industry, by workplace address (Accommodation and Food Services)"
2023 Census totals by topic for individuals by statistical area 1 (SA1) - part 2,VAR_2_621,VAR_2_621,Individual,Employed census usually resident population count aged 15 years and over,2013,Count,"Industry, by workplace address","Transport, Postal and Warehousing","Subject pop: Employed census usually resident population count aged 15 years and over, Year: 2013, Measure: Count, Var1: Industry, by workplace address (Transport, Postal and Warehousing)"
2023 Census totals by topic for individuals by statistical area 1 (SA1) - part 2,VAR_2_622,VAR_2_622,Individual,Employed census usually resident population count aged 15 years and over,2013,Count,"Industry, by workplace address",Information Media and Telecommunications,"Subject pop: Employed census usually resident population count aged 15 years and over, Year: 2013, Measure: Count, Var1: Industry, by workplace address (Information Media and Telecommunications)"
2023 Census totals by topic for individuals by statistical area 1 (SA1) - part 2,VAR_2_623,VAR_2_623,Individual,Employed census usually resident population count aged 15 years and over,2013,Count,"Industry, by workplace address",Financial and Insurance Services,"Subject pop: Employed census usually resident population count aged 15 years and over, Year: 2013, Measure: Count, Var1: Industry, by workplace address (Financial and Insurance Services)"
2023 Census totals by topic for individuals by statistical area 1 (SA1) - part 2,VAR_2_624,VAR_2_624,Individual,Employed census usually resident population count aged 15 years and over,2013,Count,"Industry, by workplace address","Rental, Hiring and Real Estate Services","Subject pop: Employed census usually resident population count aged 15 years and over, Year: 2013, Measure: Count, Var1: Industry, by workplace address (Rental, Hiring and Real Estate Services)"
2023 Census totals by topic for individuals by statistical area 1 (SA1) - part 2,VAR_2_625,VAR_2_625,Individual,Employed census usually resident population count aged 15 years and over,2013,Count,"Industry, by workplace address","Professional, Scientific and Technical Services","Subject pop: Employed census usually resident population count aged 15 years and over, Year: 2013, Measure: Count, Var1: Industry, by workplace address (Professional, Scientific and Technical Services)"
2023 Census totals by topic for individuals by statistical area 1 (SA1) - part 2,VAR_2_626,VAR_2_626,Individual,Employed census usually resident population count aged 15 years and over,2013,Count,"Industry, by workplace address",Administrative and Support Services,"Subject pop: Employed census usually resident population count aged 15 years and over, Year: 2013, Measure: Count, Var1: Industry, by workplace address (Administrative and Support Services)"
2023 Census totals by topic for individuals by statistical area 1 (SA1) - part 2,VAR_2_627,VAR_2_627,Individual,Employed census usually resident population count aged 15 years and over,2013,Count,"Industry, by workplace address",Public Administration and Safety,"Subject pop: Employed census usually resident population count aged 15 years and over, Year: 2013, Measure: Count, Var1: Industry, by workplace address (Public Administration and Safety)"
2023 Census totals by topic for individuals by statistical area 1 (SA1) - part 2,VAR_2_628,VAR_2_628,Individual,Employed census usually resident population count aged 15 years and over,2013,Count,"Industry, by workplace address",Education and Training,"Subject pop: Employed census usually resident population count aged 15 years and over, Year: 2013, Measure: Count, Var1: Industry, by workplace address (Education and Training)"
2023 Census totals by topic for individuals by statistical area 1 (SA1) - part 2,VAR_2_629,VAR_2_629,Individual,Employed census usually resident population count aged 15 years and over,2013,Count,"Industry, by workplace address",Health Care and Social Assistance,"Subject pop: Employed census usually resident population count aged 15 years and over, Year: 2013, Measure: Count, Var1: Industry, by workplace address (Health Care and Social Assistance)"
2023 Census totals by topic for individuals by statistical area 1 (SA1) - part 2,VAR_2_630,VAR_2_630,Individual,Employed census usually resident population count aged 15 years and over,2013,Count,"Industry, by workplace address",Arts and Recreation Services,"Subject pop: Employed census usually resident population count aged 15 years and over, Year: 2013, Measure: Count, Var1: Industry, by workplace address (Arts and Recreation Services)"
2023 Census totals by topic for individuals by statistical area 1 (SA1) - part 2,VAR_2_631,VAR_2_631,Individual,Employed census usually resident population count aged 15 years and over,2013,Count,"Industry, by workplace address",Other Services,"Subject pop: Employed census usually resident population count aged 15 years and over, Year: 2013, Measure: Count, Var1: Industry, by workplace address (Other Services)"
2023 Census totals by topic for individuals by statistical area 1 (SA1) - part 2,VAR_2_632,VAR_2_632,Individual,Employed census usually resident population count aged 15 years and over,2013,Count,"Industry, by workplace address",Not Elsewhere Included,"Subject pop: Employed census usually resident population count aged 15 years and over, Year: 2013, Measure: Count, Var1: Industry, by workplace address (Not Elsewhere Included)"
2023 Census totals by topic for individuals by statistical area 1 (SA1) - part 2,VAR_2_633,VAR_2_633,Individual,Employed census usually resident population count aged 15 years and over,2013,Count,"Industry, by workplace address",Total,"Subject pop: Employed census usually resident population count aged 15 years and over, Year: 2013, Measure: Count, Var1: Industry, by workplace address (Total)"
2023 Census totals by topic for individuals by statistical area 1 (SA1) - part 2,VAR_2_634,VAR_2_634,Individual,Employed census usually resident population count aged 15 years and over,2013,Count,"Industry, by workplace address",Total stated,"Subject pop: Employed census usually resident population count aged 15 years and over, Year: 2013, Measure: Count, Var1: Industry, by workplace address (Total stated)"
2023 Census totals by topic for individuals by statistical area 1 (SA1) - part 2,VAR_2_635,VAR_2_635,Individual,Employed census usually resident population count aged 15 years and over,2018,Count,"Industry, by workplace address","Agriculture, Forestry and Fishing","Subject pop: Employed census usually resident population count aged 15 years and over, Year: 2018, Measure: Count, Var1: Industry, by workplace address (Agriculture, Forestry and Fishing)"
2023 Census totals by topic for individuals by statistical area 1 (SA1) - part 2,VAR_2_636,VAR_2_636,Individual,Employed census usually resident population count aged 15 years and over,2018,Count,"Industry, by workplace address",Mining,"Subject pop: Employed census usually resident population count aged 15 years and over, Year: 2018, Measure: Count, Var1: Industry, by workplace address (Mining)"
2023 Census totals by topic for individuals by statistical area 1 (SA1) - part 2,VAR_2_637,VAR_2_637,Individual,Employed census usually resident population count aged 15 years and over,2018,Count,"Industry, by workplace address",Manufacturing,"Subject pop: Employed census usually resident population count aged 15 years and over, Year: 2018, Measure: Count, Var1: Industry, by workplace address (Manufacturing)"
2023 Census totals by topic for individuals by statistical area 1 (SA1) - part 2,VAR_2_638,VAR_2_638,Individual,Employed census usually resident population count aged 15 years and over,2018,Count,"Industry, by workplace address","Electricity, Gas, Water and Waste Services","Subject pop: Employed census usually resident population count aged 15 years and over, Year: 2018, Measure: Count, Var1: Industry, by workplace address (Electricity, Gas, Water and Waste Services)"
2023 Census totals by topic for individuals by statistical area 1 (SA1) - part 2,VAR_2_639,VAR_2_639,Individual,Employed census usually resident population count aged 15 years and over,2018,Count,"Industry, by workplace address",Construction,"Subject pop: Employed census usually resident population count aged 15 years and over, Year: 2018, Measure: Count, Var1: Industry, by workplace address (Construction)"
2023 Census totals by topic for individuals by statistical area 1 (SA1) - part 2,VAR_2_640,VAR_2_640,Individual,Employed census usually resident population count aged 15 years and over,2018,Count,"Industry, by workplace address",Wholesale Trade,"Subject pop: Employed census usually resident population count aged 15 years and over, Year: 2018, Measure: Count, Var1: Industry, by workplace address (Wholesale Trade)"
2023 Census totals by topic for individuals by statistical area 1 (SA1) - part 2,VAR_2_641,VAR_2_641,Individual,Employed census usually resident population count aged 15 years and over,2018,Count,"Industry, by workplace address",Retail Trade,"Subject pop: Employed census usually resident population count aged 15 years and over, Year: 2018, Measure: Count, Var1: Industry, by workplace address (Retail Trade)"
2023 Census totals by topic for individuals by statistical area 1 (SA1) - part 2,VAR_2_642,VAR_2_642,Individual,Employed census usually resident population count aged 15 years and over,2018,Count,"Industry, by workplace address",Accommodation and Food Services,"Subject pop: Employed census usually resident population count aged 15 years and over, Year: 2018, Measure: Count, Var1: Industry, by workplace address (Accommodation and Food Services)"
2023 Census totals by topic for individuals by statistical area 1 (SA1) - part 2,VAR_2_643,VAR_2_643,Individual,Employed census usually resident population count aged 15 years and over,2018,Count,"Industry, by workplace address","Transport, Postal and Warehousing","Subject pop: Employed census usually resident population count aged 15 years and over, Year: 2018, Measure: Count, Var1: Industry, by workplace address (Transport, Postal and Warehousing)"
2023 Census totals by topic for individuals by statistical area 1 (SA1) - part 2,VAR_2_644,VAR_2_644,Individual,Employed census usually resident population count aged 15 years and over,2018,Count,"Industry, by workplace address",Information Media and Telecommunications,"Subject pop: Employed census usually resident population count aged 15 years and over, Year: 2018, Measure: Count, Var1: Industry, by workplace address (Information Media and Telecommunications)"
2023 Census totals by topic for individuals by statistical area 1 (SA1) - part 2,VAR_2_645,VAR_2_645,Individual,Employed census usually resident population count aged 15 years and over,2018,Count,"Industry, by workplace address",Financial and Insurance Services,"Subject pop: Employed census usually resident population count aged 15 years and over, Year: 2018, Measure: Count, Var1: Industry, by workplace address (Financial and Insurance Services)"
2023 Census totals by topic for individuals by statistical area 1 (SA1) - part 2,VAR_2_646,VAR_2_646,Individual,Employed census usually resident population count aged 15 years and over,2018,Count,"Industry, by workplace address","Rental, Hiring and Real Estate Services","Subject pop: Employed census usually resident population count aged 15 years and over, Year: 2018, Measure: Count, Var1: Industry, by workplace address (Rental, Hiring and Real Estate Services)"
2023 Census totals by topic for individuals by statistical area 1 (SA1) - part 2,VAR_2_647,VAR_2_647,Individual,Employed census usually resident population count aged 15 years and over,2018,Count,"Industry, by workplace address","Professional, Scientific and Technical Services","Subject pop: Employed census usually resident population count aged 15 years and over, Year: 2018, Measure: Count, Var1: Industry, by workplace address (Professional, Scientific and Technical Services)"
2023 Census totals by topic for individuals by statistical area 1 (SA1) - part 2,VAR_2_648,VAR_2_648,Individual,Employed census usually resident population count aged 15 years and over,2018,Count,"Industry, by workplace address",Administrative and Support Services,"Subject pop: Employed census usually resident population count aged 15 years and over, Year: 2018, Measure: Count, Var1: Industry, by workplace address (Administrative and Support Services)"
2023 Census totals by topic for individuals by statistical area 1 (SA1) - part 2,VAR_2_649,VAR_2_649,Individual,Employed census usually resident population count aged 15 years and over,2018,Count,"Industry, by workplace address",Public Administration and Safety,"Subject pop: Employed census usually resident population count aged 15 years and over, Year: 2018, Measure: Count, Var1: Industry, by workplace address (Public Administration and Safety)"
2023 Census totals by topic for individuals by statistical area 1 (SA1) - part 2,VAR_2_650,VAR_2_650,Individual,Employed census usually resident population count aged 15 years and over,2018,Count,"Industry, by workplace address",Education and Training,"Subject pop: Employed census usually resident population count aged 15 years and over, Year: 2018, Measure: Count, Var1: Industry, by workplace address (Education and Training)"
2023 Census totals by topic for individuals by statistical area 1 (SA1) - part 2,VAR_2_651,VAR_2_651,Individual,Employed census usually resident population count aged 15 years and over,2018,Count,"Industry, by workplace address",Health Care and Social Assistance,"Subject pop: Employed census usually resident population count aged 15 years and over, Year: 2018, Measure: Count, Var1: Industry, by workplace address (Health Care and Social Assistance)"
2023 Census totals by topic for individuals by statistical area 1 (SA1) - part 2,VAR_2_652,VAR_2_652,Individual,Employed census usually resident population count aged 15 years and over,2018,Count,"Industry, by workplace address",Arts and Recreation Services,"Subject pop: Employed census usually resident population count aged 15 years and over, Year: 2018, Measure: Count, Var1: Industry, by workplace address (Arts and Recreation Services)"
2023 Census totals by topic for individuals by statistical area 1 (SA1) - part 2,VAR_2_653,VAR_2_653,Individual,Employed census usually resident population count aged 15 years and over,2018,Count,"Industry, by workplace address",Other Services,"Subject pop: Employed census usually resident population count aged 15 years and over, Year: 2018, Measure: Count, Var1: Industry, by workplace address (Other Services)"
2023 Census totals by topic for individuals by statistical area 1 (SA1) - part 2,VAR_2_654,VAR_2_654,Individual,Employed census usually resident population count aged 15 years and over,2018,Count,"Industry, by workplace address",Not Elsewhere Included,"Subject pop: Employed census usually resident population count aged 15 years and over, Year: 2018, Measure: Count, Var1: Industry, by workplace address (Not Elsewhere Included)"
2023 Census totals by topic for individuals by statistical area 1 (SA1) - part 2,VAR_2_655,VAR_2_655,Individual,Employed census usually resident population count aged 15 years and over,2018,Count,"Industry, by workplace address",Total,"Subject pop: Employed census usually resident population count aged 15 years and over, Year: 2018, Measure: Count, Var1: Industry, by workplace address (Total)"
2023 Census totals by topic for individuals by statistical area 1 (SA1) - part 2,VAR_2_656,VAR_2_656,Individual,Employed census usually resident population count aged 15 years and over,2018,Count,"Industry, by workplace address",Total stated,"Subject pop: Employed census usually resident population count aged 15 years and over, Year: 2018, Measure: Count, Var1: Industry, by workplace address (Total stated)"
2023 Census totals by topic for individuals by statistical area 1 (SA1) - part 2,VAR_2_657,VAR_2_657,Individual,Employed census usually resident population count aged 15 years and over,2023,Count,"Industry, by workplace address","Agriculture, Forestry and Fishing","Subject pop: Employed census usually resident population count aged 15 years and over, Year: 2023, Measure: Count, Var1: Industry, by workplace address (Agriculture, Forestry and Fishing)"
2023 Census totals by topic for individuals by statistical area 1 (SA1) - part 2,VAR_2_658,VAR_2_658,Individual,Employed census usually resident population count aged 15 years and over,2023,Count,"Industry, by workplace address",Mining,"Subject pop: Employed census usually resident population count aged 15 years and over, Year: 2023, Measure: Count, Var1: Industry, by workplace address (Mining)"
2023 Census totals by topic for individuals by statistical area 1 (SA1) - part 2,VAR_2_659,VAR_2_659,Individual,Employed census usually resident population count aged 15 years and over,2023,Count,"Industry, by workplace address",Manufacturing,"Subject pop: Employed census usually resident population count aged 15 years and over, Year: 2023, Measure: Count, Var1: Industry, by workplace address (Manufacturing)"
2023 Census totals by topic for individuals by statistical area 1 (SA1) - part 2,VAR_2_660,VAR_2_660,Individual,Employed census usually resident population count aged 15 years and over,2023,Count,"Industry, by workplace address","Electricity, Gas, Water and Waste Services","Subject pop: Employed census usually resident population count aged 15 years and over, Year: 2023, Measure: Count, Var1: Industry, by workplace address (Electricity, Gas, Water and Waste Services)"
2023 Census totals by topic for individuals by statistical area 1 (SA1) - part 2,VAR_2_661,VAR_2_661,Individual,Employed census usually resident population count aged 15 years and over,2023,Count,"Industry, by workplace address",Construction,"Subject pop: Employed census usually resident population count aged 15 years and over, Year: 2023, Measure: Count, Var1: Industry, by workplace address (Construction)"
2023 Census totals by topic for individuals by statistical area 1 (SA1) - part 2,VAR_2_662,VAR_2_662,Individual,Employed census usually resident population count aged 15 years and over,2023,Count,"Industry, by workplace address",Wholesale Trade,"Subject pop: Employed census usually resident population count aged 15 years and over, Year: 2023, Measure: Count, Var1: Industry, by workplace address (Wholesale Trade)"
2023 Census totals by topic for individuals by statistical area 1 (SA1) - part 2,VAR_2_663,VAR_2_663,Individual,Employed census usually resident population count aged 15 years and over,2023,Count,"Industry, by workplace address",Retail Trade,"Subject pop: Employed census usually resident population count aged 15 years and over, Year: 2023, Measure: Count, Var1: Industry, by workplace address (Retail Trade)"
2023 Census totals by topic for individuals by statistical area 1 (SA1) - part 2,VAR_2_664,VAR_2_664,Individual,Employed census usually resident population count aged 15 years and over,2023,Count,"Industry, by workplace address",Accommodation and Food Services,"Subject pop: Employed census usually resident population count aged 15 years and over, Year: 2023, Measure: Count, Var1: Industry, by workplace address (Accommodation and Food Services)"
2023 Census totals by topic for individuals by statistical area 1 (SA1) - part 2,VAR_2_665,VAR_2_665,Individual,Employed census usually resident population count aged 15 years and over,2023,Count,"Industry, by workplace address","Transport, Postal and Warehousing","Subject pop: Employed census usually resident population count aged 15 years and over, Year: 2023, Measure: Count, Var1: Industry, by workplace address (Transport, Postal and Warehousing)"
2023 Census totals by topic for individuals by statistical area 1 (SA1) - part 2,VAR_2_666,VAR_2_666,Individual,Employed census usually resident population count aged 15 years and over,2023,Count,"Industry, by workplace address",Information Media and Telecommunications,"Subject pop: Employed census usually resident population count aged 15 years and over, Year: 2023, Measure: Count, Var1: Industry, by workplace address (Information Media and Telecommunications)"
2023 Census totals by topic for individuals by statistical area 1 (SA1) - part 2,VAR_2_667,VAR_2_667,Individual,Employed census usually resident population count aged 15 years and over,2023,Count,"Industry, by workplace address",Financial and Insurance Services,"Subject pop: Employed census usually resident population count aged 15 years and over, Year: 2023, Measure: Count, Var1: Industry, by workplace address (Financial and Insurance Services)"
2023 Census totals by topic for individuals by statistical area 1 (SA1) - part 2,VAR_2_668,VAR_2_668,Individual,Employed census usually resident population count aged 15 years and over,2023,Count,"Industry, by workplace address","Rental, Hiring and Real Estate Services","Subject pop: Employed census usually resident population count aged 15 years and over, Year: 2023, Measure: Count, Var1: Industry, by workplace address (Rental, Hiring and Real Estate Services)"
2023 Census totals by topic for individuals by statistical area 1 (SA1) - part 2,VAR_2_669,VAR_2_669,Individual,Employed census usually resident population count aged 15 years and over,2023,Count,"Industry, by workplace address","Professional, Scientific and Technical Services","Subject pop: Employed census usually resident population count aged 15 years and over, Year: 2023, Measure: Count, Var1: Industry, by workplace address (Professional, Scientific and Technical Services)"
2023 Census totals by topic for individuals by statistical area 1 (SA1) - part 2,VAR_2_670,VAR_2_670,Individual,Employed census usually resident population count aged 15 years and over,2023,Count,"Industry, by workplace address",Administrative and Support Services,"Subject pop: Employed census usually resident population count aged 15 years and over, Year: 2023, Measure: Count, Var1: Industry, by workplace address (Administrative and Support Services)"
2023 Census totals by topic for individuals by statistical area 1 (SA1) - part 2,VAR_2_671,VAR_2_671,Individual,Employed census usually resident population count aged 15 years and over,2023,Count,"Industry, by workplace address",Public Administration and Safety,"Subject pop: Employed census usually resident population count aged 15 years and over, Year: 2023, Measure: Count, Var1: Industry, by workplace address (Public Administration and Safety)"
2023 Census totals by topic for individuals by statistical area 1 (SA1) - part 2,VAR_2_672,VAR_2_672,Individual,Employed census usually resident population count aged 15 years and over,2023,Count,"Industry, by workplace address",Education and Training,"Subject pop: Employed census usually resident population count aged 15 years and over, Year: 2023, Measure: Count, Var1: Industry, by workplace address (Education and Training)"
2023 Census totals by topic for individuals by statistical area 1 (SA1) - part 2,VAR_2_673,VAR_2_673,Individual,Employed census usually resident population count aged 15 years and over,2023,Count,"Industry, by workplace address",Health Care and Social Assistance,"Subject pop: Employed census usually resident population count aged 15 years and over, Year: 2023, Measure: Count, Var1: Industry, by workplace address (Health Care and Social Assistance)"
2023 Census totals by topic for individuals by statistical area 1 (SA1) - part 2,VAR_2_674,VAR_2_674,Individual,Employed census usually resident population count aged 15 years and over,2023,Count,"Industry, by workplace address",Arts and Recreation Services,"Subject pop: Employed census usually resident population count aged 15 years and over, Year: 2023, Measure: Count, Var1: Industry, by workplace address (Arts and Recreation Services)"
2023 Census totals by topic for individuals by statistical area 1 (SA1) - part 2,VAR_2_675,VAR_2_675,Individual,Employed census usually resident population count aged 15 years and over,2023,Count,"Industry, by workplace address",Other Services,"Subject pop: Employed census usually resident population count aged 15 years and over, Year: 2023, Measure: Count, Var1: Industry, by workplace address (Other Services)"
2023 Census totals by topic for individuals by statistical area 1 (SA1) - part 2,VAR_2_676,VAR_2_676,Individual,Employed census usually resident population count aged 15 years and over,2023,Count,"Industry, by workplace address",Not Elsewhere Included,"Subject pop: Employed census usually resident population count aged 15 years and over, Year: 2023, Measure: Count, Var1: Industry, by workplace address (Not Elsewhere Included)"
2023 Census totals by topic for individuals by statistical area 1 (SA1) - part 2,VAR_2_677,VAR_2_677,Individual,Employed census usually resident population count aged 15 years and over,2023,Count,"Industry, by workplace address",Total,"Subject pop: Employed census usually resident population count aged 15 years and over, Year: 2023, Measure: Count, Var1: Industry, by workplace address (Total)"
2023 Census totals by topic for individuals by statistical area 1 (SA1) - part 2,VAR_2_678,VAR_2_678,Individual,Employed census usually resident population count aged 15 years and over,2023,Count,"Industry, by workplace address",Total stated,"Subject pop: Employed census usually resident population count aged 15 years and over, Year: 2023, Measure: Count, Var1: Industry, by workplace address (Total stated)"
2023 Census totals by topic for individuals by statistical area 1 (SA1) - part 2,VAR_2_679,VAR_2_679,Individual,Employed census usually resident population count aged 15 years and over,2013,Count,"Occupation, by usual residence address",Managers,"Subject pop: Employed census usually resident population count aged 15 years and over, Year: 2013, Measure: Count, Var1: Occupation, by usual residence address (Managers)"
2023 Census totals by topic for individuals by statistical area 1 (SA1) - part 2,VAR_2_680,VAR_2_680,Individual,Employed census usually resident population count aged 15 years and over,2013,Count,"Occupation, by usual residence address",Professionals,"Subject pop: Employed census usually resident population count aged 15 years and over, Year: 2013, Measure: Count, Var1: Occupation, by usual residence address (Professionals)"
2023 Census totals by topic for individuals by statistical area 1 (SA1) - part 2,VAR_2_681,VAR_2_681,Individual,Employed census usually resident population count aged 15 years and over,2013,Count,"Occupation, by usual residence address",Technicians and Trades Workers,"Subject pop: Employed census usually resident population count aged 15 years and over, Year: 2013, Measure: Count, Var1: Occupation, by usual residence address (Technicians and Trades Workers)"
2023 Census totals by topic for individuals by statistical area 1 (SA1) - part 2,VAR_2_682,VAR_2_682,Individual,Employed census usually resident population count aged 15 years and over,2013,Count,"Occupation, by usual residence address",Community and Personal Service Workers,"Subject pop: Employed census usually resident population count aged 15 years and over, Year: 2013, Measure: Count, Var1: Occupation, by usual residence address (Community and Personal Service Workers)"
2023 Census totals by topic for individuals by statistical area 1 (SA1) - part 2,VAR_2_683,VAR_2_683,Individual,Employed census usually resident population count aged 15 years and over,2013,Count,"Occupation, by usual residence address",Clerical and Administrative Workers,"Subject pop: Employed census usually resident population count aged 15 years and over, Year: 2013, Measure: Count, Var1: Occupation, by usual residence address (Clerical and Administrative Workers)"
2023 Census totals by topic for individuals by statistical area 1 (SA1) - part 2,VAR_2_684,VAR_2_684,Individual,Employed census usually resident population count aged 15 years and over,2013,Count,"Occupation, by usual residence address",Sales Workers,"Subject pop: Employed census usually resident population count aged 15 years and over, Year: 2013, Measure: Count, Var1: Occupation, by usual residence address (Sales Workers)"
2023 Census totals by topic for individuals by statistical area 1 (SA1) - part 2,VAR_2_685,VAR_2_685,Individual,Employed census usually resident population count aged 15 years and over,2013,Count,"Occupation, by usual residence address",Machinery Operators and Drivers,"Subject pop: Employed census usually resident population count aged 15 years and over, Year: 2013, Measure: Count, Var1: Occupation, by usual residence address (Machinery Operators and Drivers)"
2023 Census totals by topic for individuals by statistical area 1 (SA1) - part 2,VAR_2_686,VAR_2_686,Individual,Employed census usually resident population count aged 15 years and over,2013,Count,"Occupation, by usual residence address",Labourers,"Subject pop: Employed census usually resident population count aged 15 years and over, Year: 2013, Measure: Count, Var1: Occupation, by usual residence address (Labourers)"
2023 Census totals by topic for individuals by statistical area 1 (SA1) - part 2,VAR_2_687,VAR_2_687,Individual,Employed census usually resident population count aged 15 years and over,2013,Count,"Occupation, by usual residence address",Residual Categories (Operational Codes only),"Subject pop: Employed census usually resident population count aged 15 years and over, Year: 2013, Measure: Count, Var1: Occupation, by usual residence address (Residual Categories (Operational Codes only))"
2023 Census totals by topic for individuals by statistical area 1 (SA1) - part 2,VAR_2_688,VAR_2_688,Individual,Employed census usually resident population count aged 15 years and over,2013,Count,"Occupation, by usual residence address",Total,"Subject pop: Employed census usually resident population count aged 15 years and over, Year: 2013, Measure: Count, Var1: Occupation, by usual residence address (Total)"
2023 Census totals by topic for individuals by statistical area 1 (SA1) - part 2,VAR_2_689,VAR_2_689,Individual,Employed census usually resident population count aged 15 years and over,2013,Count,"Occupation, by usual residence address",Total stated,"Subject pop: Employed census usually resident population count aged 15 years and over, Year: 2013, Measure: Count, Var1: Occupation, by usual residence address (Total stated)"
2023 Census totals by topic for individuals by statistical area 1 (SA1) - part 2,VAR_2_690,VAR_2_690,Individual,Employed census usually resident population count aged 15 years and over,2018,Count,"Occupation, by usual residence address",Managers,"Subject pop: Employed census usually resident population count aged 15 years and over, Year: 2018, Measure: Count, Var1: Occupation, by usual residence address (Managers)"
2023 Census totals by topic for individuals by statistical area 1 (SA1) - part 2,VAR_2_691,VAR_2_691,Individual,Employed census usually resident population count aged 15 years and over,2018,Count,"Occupation, by usual residence address",Professionals,"Subject pop: Employed census usually resident population count aged 15 years and over, Year: 2018, Measure: Count, Var1: Occupation, by usual residence address (Professionals)"
2023 Census totals by topic for individuals by statistical area 1 (SA1) - part 2,VAR_2_692,VAR_2_692,Individual,Employed census usually resident population count aged 15 years and over,2018,Count,"Occupation, by usual residence address",Technicians and Trades Workers,"Subject pop: Employed census usually resident population count aged 15 years and over, Year: 2018, Measure: Count, Var1: Occupation, by usual residence address (Technicians and Trades Workers)"
2023 Census totals by topic for individuals by statistical area 1 (SA1) - part 2,VAR_2_693,VAR_2_693,Individual,Employed census usually resident population count aged 15 years and over,2018,Count,"Occupation, by usual residence address",Community and Personal Service Workers,"Subject pop: Employed census usually resident population count aged 15 years and over, Year: 2018, Measure: Count, Var1: Occupation, by usual residence address (Community and Personal Service Workers)"
2023 Census totals by topic for individuals by statistical area 1 (SA1) - part 2,VAR_2_694,VAR_2_694,Individual,Employed census usually resident population count aged 15 years and over,2018,Count,"Occupation, by usual residence address",Clerical and Administrative Workers,"Subject pop: Employed census usually resident population count aged 15 years and over, Year: 2018, Measure: Count, Var1: Occupation, by usual residence address (Clerical and Administrative Workers)"
2023 Census totals by topic for individuals by statistical area 1 (SA1) - part 2,VAR_2_695,VAR_2_695,Individual,Employed census usually resident population count aged 15 years and over,2018,Count,"Occupation, by usual residence address",Sales Workers,"Subject pop: Employed census usually resident population count aged 15 years and over, Year: 2018, Measure: Count, Var1: Occupation, by usual residence address (Sales Workers)"
2023 Census totals by topic for individuals by statistical area 1 (SA1) - part 2,VAR_2_696,VAR_2_696,Individual,Employed census usually resident population count aged 15 years and over,2018,Count,"Occupation, by usual residence address",Machinery Operators and Drivers,"Subject pop: Employed census usually resident population count aged 15 years and over, Year: 2018, Measure: Count, Var1: Occupation, by usual residence address (Machinery Operators and Drivers)"
2023 Census totals by topic for individuals by statistical area 1 (SA1) - part 2,VAR_2_697,VAR_2_697,Individual,Employed census usually resident population count aged 15 years and over,2018,Count,"Occupation, by usual residence address",Labourers,"Subject pop: Employed census usually resident population count aged 15 years and over, Year: 2018, Measure: Count, Var1: Occupation, by usual residence address (Labourers)"
2023 Census totals by topic for individuals by statistical area 1 (SA1) - part 2,VAR_2_698,VAR_2_698,Individual,Employed census usually resident population count aged 15 years and over,2018,Count,"Occupation, by usual residence address",Residual Categories (Operational Codes only),"Subject pop: Employed census usually resident population count aged 15 years and over, Year: 2018, Measure: Count, Var1: Occupation, by usual residence address (Residual Categories (Operational Codes only))"
2023 Census totals by topic for individuals by statistical area 1 (SA1) - part 2,VAR_2_699,VAR_2_699,Individual,Employed census usually resident population count aged 15 years and over,2018,Count,"Occupation, by usual residence address",Total,"Subject pop: Employed census usually resident population count aged 15 years and over, Year: 2018, Measure: Count, Var1: Occupation, by usual residence address (Total)"
2023 Census totals by topic for individuals by statistical area 1 (SA1) - part 2,VAR_2_700,VAR_2_700,Individual,Employed census usually resident population count aged 15 years and over,2018,Count,"Occupation, by usual residence address",Total stated,"Subject pop: Employed census usually resident population count aged 15 years and over, Year: 2018, Measure: Count, Var1: Occupation, by usual residence address (Total stated)"
2023 Census totals by topic for individuals by statistical area 1 (SA1) - part 2,VAR_2_701,VAR_2_701,Individual,Employed census usually resident population count aged 15 years and over,2023,Count,"Occupation, by usual residence address",Managers,"Subject pop: Employed census usually resident population count aged 15 years and over, Year: 2023, Measure: Count, Var1: Occupation, by usual residence address (Managers)"
2023 Census totals by topic for individuals by statistical area 1 (SA1) - part 2,VAR_2_702,VAR_2_702,Individual,Employed census usually resident population count aged 15 years and over,2023,Count,"Occupation, by usual residence address",Professionals,"Subject pop: Employed census usually resident population count aged 15 years and over, Year: 2023, Measure: Count, Var1: Occupation, by usual residence address (Professionals)"
2023 Census totals by topic for individuals by statistical area 1 (SA1) - part 2,VAR_2_703,VAR_2_703,Individual,Employed census usually resident population count aged 15 years and over,2023,Count,"Occupation, by usual residence address",Technicians and Trades Workers,"Subject pop: Employed census usually resident population count aged 15 years and over, Year: 2023, Measure: Count, Var1: Occupation, by usual residence address (Technicians and Trades Workers)"
2023 Census totals by topic for individuals by statistical area 1 (SA1) - part 2,VAR_2_704,VAR_2_704,Individual,Employed census usually resident population count aged 15 years and over,2023,Count,"Occupation, by usual residence address",Community and Personal Service Workers,"Subject pop: Employed census usually resident population count aged 15 years and over, Year: 2023, Measure: Count, Var1: Occupation, by usual residence address (Community and Personal Service Workers)"
2023 Census totals by topic for individuals by statistical area 1 (SA1) - part 2,VAR_2_705,VAR_2_705,Individual,Employed census usually resident population count aged 15 years and over,2023,Count,"Occupation, by usual residence address",Clerical and Administrative Workers,"Subject pop: Employed census usually resident population count aged 15 years and over, Year: 2023, Measure: Count, Var1: Occupation, by usual residence address (Clerical and Administrative Workers)"
2023 Census totals by topic for individuals by statistical area 1 (SA1) - part 2,VAR_2_706,VAR_2_706,Individual,Employed census usually resident population count aged 15 years and over,2023,Count,"Occupation, by usual residence address",Sales Workers,"Subject pop: Employed census usually resident population count aged 15 years and over, Year: 2023, Measure: Count, Var1: Occupation, by usual residence address (Sales Workers)"
2023 Census totals by topic for individuals by statistical area 1 (SA1) - part 2,VAR_2_707,VAR_2_707,Individual,Employed census usually resident population count aged 15 years and over,2023,Count,"Occupation, by usual residence address",Machinery Operators and Drivers,"Subject pop: Employed census usually resident population count aged 15 years and over, Year: 2023, Measure: Count, Var1: Occupation, by usual residence address (Machinery Operators and Drivers)"
2023 Census totals by topic for individuals by statistical area 1 (SA1) - part 2,VAR_2_708,VAR_2_708,Individual,Employed census usually resident population count aged 15 years and over,2023,Count,"Occupation, by usual residence address",Labourers,"Subject pop: Employed census usually resident population count aged 15 years and over, Year: 2023, Measure: Count, Var1: Occupation, by usual residence address (Labourers)"
2023 Census totals by topic for individuals by statistical area 1 (SA1) - part 2,VAR_2_709,VAR_2_709,Individual,Employed census usually resident population count aged 15 years and over,2023,Count,"Occupation, by usual residence address",Residual Categories (Operational Codes only),"Subject pop: Employed census usually resident population count aged 15 years and over, Year: 2023, Measure: Count, Var1: Occupation, by usual residence address (Residual Categories (Operational Codes only))"
2023 Census totals by topic for individuals by statistical area 1 (SA1) - part 2,VAR_2_710,VAR_2_710,Individual,Employed census usually resident population count aged 15 years and over,2023,Count,"Occupation, by usual residence address",Total,"Subject pop: Employed census usually resident population count aged 15 years and over, Year: 2023, Measure: Count, Var1: Occupation, by usual residence address (Total)"
2023 Census totals by topic for individuals by statistical area 1 (SA1) - part 2,VAR_2_711,VAR_2_711,Individual,Employed census usually resident population count aged 15 years and over,2023,Count,"Occupation, by usual residence address",Total stated,"Subject pop: Employed census usually resident population count aged 15 years and over, Year: 2023, Measure: Count, Var1: Occupation, by usual residence address (Total stated)"
2023 Census totals by topic for individuals by statistical area 1 (SA1) - part 2,VAR_2_712,VAR_2_712,Individual,Employed census usually resident population count aged 15 years and over,2013,Count,"Occupation, by workplace address",Managers,"Subject pop: Employed census usually resident population count aged 15 years and over, Year: 2013, Measure: Count, Var1: Occupation, by workplace address (Managers)"
2023 Census totals by topic for individuals by statistical area 1 (SA1) - part 2,VAR_2_713,VAR_2_713,Individual,Employed census usually resident population count aged 15 years and over,2013,Count,"Occupation, by workplace address",Professionals,"Subject pop: Employed census usually resident population count aged 15 years and over, Year: 2013, Measure: Count, Var1: Occupation, by workplace address (Professionals)"
2023 Census totals by topic for individuals by statistical area 1 (SA1) - part 2,VAR_2_714,VAR_2_714,Individual,Employed census usually resident population count aged 15 years and over,2013,Count,"Occupation, by workplace address",Technicians and Trades Workers,"Subject pop: Employed census usually resident population count aged 15 years and over, Year: 2013, Measure: Count, Var1: Occupation, by workplace address (Technicians and Trades Workers)"
2023 Census totals by topic for individuals by statistical area 1 (SA1) - part 2,VAR_2_715,VAR_2_715,Individual,Employed census usually resident population count aged 15 years and over,2013,Count,"Occupation, by workplace address",Community and Personal Service Workers,"Subject pop: Employed census usually resident population count aged 15 years and over, Year: 2013, Measure: Count, Var1: Occupation, by workplace address (Community and Personal Service Workers)"
2023 Census totals by topic for individuals by statistical area 1 (SA1) - part 2,VAR_2_716,VAR_2_716,Individual,Employed census usually resident population count aged 15 years and over,2013,Count,"Occupation, by workplace address",Clerical and Administrative Workers,"Subject pop: Employed census usually resident population count aged 15 years and over, Year: 2013, Measure: Count, Var1: Occupation, by workplace address (Clerical and Administrative Workers)"
2023 Census totals by topic for individuals by statistical area 1 (SA1) - part 2,VAR_2_717,VAR_2_717,Individual,Employed census usually resident population count aged 15 years and over,2013,Count,"Occupation, by workplace address",Sales Workers,"Subject pop: Employed census usually resident population count aged 15 years and over, Year: 2013, Measure: Count, Var1: Occupation, by workplace address (Sales Workers)"
2023 Census totals by topic for individuals by statistical area 1 (SA1) - part 2,VAR_2_718,VAR_2_718,Individual,Employed census usually resident population count aged 15 years and over,2013,Count,"Occupation, by workplace address",Machinery Operators and Drivers,"Subject pop: Employed census usually resident population count aged 15 years and over, Year: 2013, Measure: Count, Var1: Occupation, by workplace address (Machinery Operators and Drivers)"
2023 Census totals by topic for individuals by statistical area 1 (SA1) - part 2,VAR_2_719,VAR_2_719,Individual,Employed census usually resident population count aged 15 years and over,2013,Count,"Occupation, by workplace address",Labourers,"Subject pop: Employed census usually resident population count aged 15 years and over, Year: 2013, Measure: Count, Var1: Occupation, by workplace address (Labourers)"
2023 Census totals by topic for individuals by statistical area 1 (SA1) - part 2,VAR_2_720,VAR_2_720,Individual,Employed census usually resident population count aged 15 years and over,2013,Count,"Occupation, by workplace address",Residual Categories (Operational Codes only),"Subject pop: Employed census usually resident population count aged 15 years and over, Year: 2013, Measure: Count, Var1: Occupation, by workplace address (Residual Categories (Operational Codes only))"
2023 Census totals by topic for individuals by statistical area 1 (SA1) - part 2,VAR_2_721,VAR_2_721,Individual,Employed census usually resident population count aged 15 years and over,2013,Count,"Occupation, by workplace address",Total,"Subject pop: Employed census usually resident population count aged 15 years and over, Year: 2013, Measure: Count, Var1: Occupation, by workplace address (Total)"
2023 Census totals by topic for individuals by statistical area 1 (SA1) - part 2,VAR_2_722,VAR_2_722,Individual,Employed census usually resident population count aged 15 years and over,2013,Count,"Occupation, by workplace address",Total stated,"Subject pop: Employed census usually resident population count aged 15 years and over, Year: 2013, Measure: Count, Var1: Occupation, by workplace address (Total stated)"
2023 Census totals by topic for individuals by statistical area 1 (SA1) - part 2,VAR_2_723,VAR_2_723,Individual,Employed census usually resident population count aged 15 years and over,2018,Count,"Occupation, by workplace address",Managers,"Subject pop: Employed census usually resident population count aged 15 years and over, Year: 2018, Measure: Count, Var1: Occupation, by workplace address (Managers)"
2023 Census totals by topic for individuals by statistical area 1 (SA1) - part 2,VAR_2_724,VAR_2_724,Individual,Employed census usually resident population count aged 15 years and over,2018,Count,"Occupation, by workplace address",Professionals,"Subject pop: Employed census usually resident population count aged 15 years and over, Year: 2018, Measure: Count, Var1: Occupation, by workplace address (Professionals)"
2023 Census totals by topic for individuals by statistical area 1 (SA1) - part 2,VAR_2_725,VAR_2_725,Individual,Employed census usually resident population count aged 15 years and over,2018,Count,"Occupation, by workplace address",Technicians and Trades Workers,"Subject pop: Employed census usually resident population count aged 15 years and over, Year: 2018, Measure: Count, Var1: Occupation, by workplace address (Technicians and Trades Workers)"
2023 Census totals by topic for individuals by statistical area 1 (SA1) - part 2,VAR_2_726,VAR_2_726,Individual,Employed census usually resident population count aged 15 years and over,2018,Count,"Occupation, by workplace address",Community and Personal Service Workers,"Subject pop: Employed census usually resident population count aged 15 years and over, Year: 2018, Measure: Count, Var1: Occupation, by workplace address (Community and Personal Service Workers)"
2023 Census totals by topic for individuals by statistical area 1 (SA1) - part 2,VAR_2_727,VAR_2_727,Individual,Employed census usually resident population count aged 15 years and over,2018,Count,"Occupation, by workplace address",Clerical and Administrative Workers,"Subject pop: Employed census usually resident population count aged 15 years and over, Year: 2018, Measure: Count, Var1: Occupation, by workplace address (Clerical and Administrative Workers)"
2023 Census totals by topic for individuals by statistical area 1 (SA1) - part 2,VAR_2_728,VAR_2_728,Individual,Employed census usually resident population count aged 15 years and over,2018,Count,"Occupation, by workplace address",Sales Workers,"Subject pop: Employed census usually resident population count aged 15 years and over, Year: 2018, Measure: Count, Var1: Occupation, by workplace address (Sales Workers)"
2023 Census totals by topic for individuals by statistical area 1 (SA1) - part 2,VAR_2_729,VAR_2_729,Individual,Employed census usually resident population count aged 15 years and over,2018,Count,"Occupation, by workplace address",Machinery Operators and Drivers,"Subject pop: Employed census usually resident population count aged 15 years and over, Year: 2018, Measure: Count, Var1: Occupation, by workplace address (Machinery Operators and Drivers)"
2023 Census totals by topic for individuals by statistical area 1 (SA1) - part 2,VAR_2_730,VAR_2_730,Individual,Employed census usually resident population count aged 15 years and over,2018,Count,"Occupation, by workplace address",Labourers,"Subject pop: Employed census usually resident population count aged 15 years and over, Year: 2018, Measure: Count, Var1: Occupation, by workplace address (Labourers)"
2023 Census totals by topic for individuals by statistical area 1 (SA1) - part 2,VAR_2_731,VAR_2_731,Individual,Employed census usually resident population count aged 15 years and over,2018,Count,"Occupation, by workplace address",Residual Categories (Operational Codes only),"Subject pop: Employed census usually resident population count aged 15 years and over, Year: 2018, Measure: Count, Var1: Occupation, by workplace address (Residual Categories (Operational Codes only))"
2023 Census totals by topic for individuals by statistical area 1 (SA1) - part 2,VAR_2_732,VAR_2_732,Individual,Employed census usually resident population count aged 15 years and over,2018,Count,"Occupation, by workplace address",Total,"Subject pop: Employed census usually resident population count aged 15 years and over, Year: 2018, Measure: Count, Var1: Occupation, by workplace address (Total)"
2023 Census totals by topic for individuals by statistical area 1 (SA1) - part 2,VAR_2_733,VAR_2_733,Individual,Employed census usually resident population count aged 15 years and over,2018,Count,"Occupation, by workplace address",Total stated,"Subject pop: Employed census usually resident population count aged 15 years and over, Year: 2018, Measure: Count, Var1: Occupation, by workplace address (Total stated)"
2023 Census totals by topic for individuals by statistical area 1 (SA1) - part 2,VAR_2_734,VAR_2_734,Individual,Employed census usually resident population count aged 15 years and over,2023,Count,"Occupation, by workplace address",Managers,"Subject pop: Employed census usually resident population count aged 15 years and over, Year: 2023, Measure: Count, Var1: Occupation, by workplace address (Managers)"
2023 Census totals by topic for individuals by statistical area 1 (SA1) - part 2,VAR_2_735,VAR_2_735,Individual,Employed census usually resident population count aged 15 years and over,2023,Count,"Occupation, by workplace address",Professionals,"Subject pop: Employed census usually resident population count aged 15 years and over, Year: 2023, Measure: Count, Var1: Occupation, by workplace address (Professionals)"
2023 Census totals by topic for individuals by statistical area 1 (SA1) - part 2,VAR_2_736,VAR_2_736,Individual,Employed census usually resident population count aged 15 years and over,2023,Count,"Occupation, by workplace address",Technicians and Trades Workers,"Subject pop: Employed census usually resident population count aged 15 years and over, Year: 2023, Measure: Count, Var1: Occupation, by workplace address (Technicians and Trades Workers)"
2023 Census totals by topic for individuals by statistical area 1 (SA1) - part 2,VAR_2_737,VAR_2_737,Individual,Employed census usually resident population count aged 15 years and over,2023,Count,"Occupation, by workplace address",Community and Personal Service Workers,"Subject pop: Employed census usually resident population count aged 15 years and over, Year: 2023, Measure: Count, Var1: Occupation, by workplace address (Community and Personal Service Workers)"
2023 Census totals by topic for individuals by statistical area 1 (SA1) - part 2,VAR_2_738,VAR_2_738,Individual,Employed census usually resident population count aged 15 years and over,2023,Count,"Occupation, by workplace address",Clerical and Administrative Workers,"Subject pop: Employed census usually resident population count aged 15 years and over, Year: 2023, Measure: Count, Var1: Occupation, by workplace address (Clerical and Administrative Workers)"
2023 Census totals by topic for individuals by statistical area 1 (SA1) - part 2,VAR_2_739,VAR_2_739,Individual,Employed census usually resident population count aged 15 years and over,2023,Count,"Occupation, by workplace address",Sales Workers,"Subject pop: Employed census usually resident population count aged 15 years and over, Year: 2023, Measure: Count, Var1: Occupation, by workplace address (Sales Workers)"
2023 Census totals by topic for individuals by statistical area 1 (SA1) - part 2,VAR_2_740,VAR_2_740,Individual,Employed census usually resident population count aged 15 years and over,2023,Count,"Occupation, by workplace address",Machinery Operators and Drivers,"Subject pop: Employed census usually resident population count aged 15 years and over, Year: 2023, Measure: Count, Var1: Occupation, by workplace address (Machinery Operators and Drivers)"
2023 Census totals by topic for individuals by statistical area 1 (SA1) - part 2,VAR_2_741,VAR_2_741,Individual,Employed census usually resident population count aged 15 years and over,2023,Count,"Occupation, by workplace address",Labourers,"Subject pop: Employed census usually resident population count aged 15 years and over, Year: 2023, Measure: Count, Var1: Occupation, by workplace address (Labourers)"
2023 Census totals by topic for individuals by statistical area 1 (SA1) - part 2,VAR_2_742,VAR_2_742,Individual,Employed census usually resident population count aged 15 years and over,2023,Count,"Occupation, by workplace address",Residual Categories (Operational Codes only),"Subject pop: Employed census usually resident population count aged 15 years and over, Year: 2023, Measure: Count, Var1: Occupation, by workplace address (Residual Categories (Operational Codes only))"
2023 Census totals by topic for individuals by statistical area 1 (SA1) - part 2,VAR_2_743,VAR_2_743,Individual,Employed census usually resident population count aged 15 years and over,2023,Count,"Occupation, by workplace address",Total,"Subject pop: Employed census usually resident population count aged 15 years and over, Year: 2023, Measure: Count, Var1: Occupation, by workplace address (Total)"
2023 Census totals by topic for individuals by statistical area 1 (SA1) - part 2,VAR_2_744,VAR_2_744,Individual,Employed census usually resident population count aged 15 years and over,2023,Count,"Occupation, by workplace address",Total stated,"Subject pop: Employed census usually resident population count aged 15 years and over, Year: 2023, Measure: Count, Var1: Occupation, by workplace address (Total stated)"
2023 Census totals by topic for individuals by statistical area 1 (SA1) - part 2,VAR_2_745,VAR_2_745,Individual,Employed census usually resident population count aged 15 years and over,2013,Count,"Main means of travel to work, by usual residence address",Work at home,"Subject pop: Employed census usually resident population count aged 15 years and over, Year: 2013, Measure: Count, Var1: Main means of travel to work, by usual residence address (Work at home)"
2023 Census totals by topic for individuals by statistical area 1 (SA1) - part 2,VAR_2_746,VAR_2_746,Individual,Employed census usually resident population count aged 15 years and over,2013,Count,"Main means of travel to work, by usual residence address",Did not go to work today,"Subject pop: Employed census usually resident population count aged 15 years and over, Year: 2013, Measure: Count, Var1: Main means of travel to work, by usual residence address (Did not go to work today)"
2023 Census totals by topic for individuals by statistical area 1 (SA1) - part 2,VAR_2_747,VAR_2_747,Individual,Employed census usually resident population count aged 15 years and over,2013,Count,"Main means of travel to work, by usual residence address","Drive a private car, truck or van","Subject pop: Employed census usually resident population count aged 15 years and over, Year: 2013, Measure: Count, Var1: Main means of travel to work, by usual residence address (Drive a private car, truck or van)"
2023 Census totals by topic for individuals by statistical area 1 (SA1) - part 2,VAR_2_748,VAR_2_748,Individual,Employed census usually resident population count aged 15 years and over,2013,Count,"Main means of travel to work, by usual residence address","Drive a company car, truck or van","Subject pop: Employed census usually resident population count aged 15 years and over, Year: 2013, Measure: Count, Var1: Main means of travel to work, by usual residence address (Drive a company car, truck or van)"
2023 Census totals by topic for individuals by statistical area 1 (SA1) - part 2,VAR_2_749,VAR_2_749,Individual,Employed census usually resident population count aged 15 years and over,2013,Count,"Main means of travel to work, by usual residence address","Passenger in a car, truck, van or company bus","Subject pop: Employed census usually resident population count aged 15 years and over, Year: 2013, Measure: Count, Var1: Main means of travel to work, by usual residence address (Passenger in a car, truck, van or company bus)"
2023 Census totals by topic for individuals by statistical area 1 (SA1) - part 2,VAR_2_750,VAR_2_750,Individual,Employed census usually resident population count aged 15 years and over,2013,Count,"Main means of travel to work, by usual residence address",Public bus,"Subject pop: Employed census usually resident population count aged 15 years and over, Year: 2013, Measure: Count, Var1: Main means of travel to work, by usual residence address (Public bus)"
2023 Census totals by topic for individuals by statistical area 1 (SA1) - part 2,VAR_2_751,VAR_2_751,Individual,Employed census usually resident population count aged 15 years and over,2013,Count,"Main means of travel to work, by usual residence address",Train,"Subject pop: Employed census usually resident population count aged 15 years and over, Year: 2013, Measure: Count, Var1: Main means of travel to work, by usual residence address (Train)"
2023 Census totals by topic for individuals by statistical area 1 (SA1) - part 2,VAR_2_752,VAR_2_752,Individual,Employed census usually resident population count aged 15 years and over,2013,Count,"Main means of travel to work, by usual residence address",Bicycle,"Subject pop: Employed census usually resident population count aged 15 years and over, Year: 2013, Measure: Count, Var1: Main means of travel to work, by usual residence address (Bicycle)"
2023 Census totals by topic for individuals by statistical area 1 (SA1) - part 2,VAR_2_753,VAR_2_753,Individual,Employed census usually resident population count aged 15 years and over,2013,Count,"Main means of travel to work, by usual residence address",Walk or jog,"Subject pop: Employed census usually resident population count aged 15 years and over, Year: 2013, Measure: Count, Var1: Main means of travel to work, by usual residence address (Walk or jog)"
2023 Census totals by topic for individuals by statistical area 1 (SA1) - part 2,VAR_2_754,VAR_2_754,Individual,Employed census usually resident population count aged 15 years and over,2013,Count,"Main means of travel to work, by usual residence address",Ferry,"Subject pop: Employed census usually resident population count aged 15 years and over, Year: 2013, Measure: Count, Var1: Main means of travel to work, by usual residence address (Ferry)"
2023 Census totals by topic for individuals by statistical area 1 (SA1) - part 2,VAR_2_755,VAR_2_755,Individual,Employed census usually resident population count aged 15 years and over,2013,Count,"Main means of travel to work, by usual residence address",Other,"Subject pop: Employed census usually resident population count aged 15 years and over, Year: 2013, Measure: Count, Var1: Main means of travel to work, by usual residence address (Other)"
2023 Census totals by topic for individuals by statistical area 1 (SA1) - part 2,VAR_2_756,VAR_2_756,Individual,Employed census usually resident population count aged 15 years and over,2013,Count,"Main means of travel to work, by usual residence address",Not elsewhere included,"Subject pop: Employed census usually resident population count aged 15 years and over, Year: 2013, Measure: Count, Var1: Main means of travel to work, by usual residence address (Not elsewhere included)"
2023 Census totals by topic for individuals by statistical area 1 (SA1) - part 2,VAR_2_757,VAR_2_757,Individual,Employed census usually resident population count aged 15 years and over,2013,Count,"Main means of travel to work, by usual residence address",Total,"Subject pop: Employed census usually resident population count aged 15 years and over, Year: 2013, Measure: Count, Var1: Main means of travel to work, by usual residence address (Total)"
2023 Census totals by topic for individuals by statistical area 1 (SA1) - part 2,VAR_2_758,VAR_2_758,Individual,Employed census usually resident population count aged 15 years and over,2013,Count,"Main means of travel to work, by usual residence address",Total stated,"Subject pop: Employed census usually resident population count aged 15 years and over, Year: 2013, Measure: Count, Var1: Main means of travel to work, by usual residence address (Total stated)"
2023 Census totals by topic for individuals by statistical area 1 (SA1) - part 2,VAR_2_759,VAR_2_759,Individual,Employed census usually resident population count aged 15 years and over,2018,Count,"Main means of travel to work, by usual residence address",Work at home,"Subject pop: Employed census usually resident population count aged 15 years and over, Year: 2018, Measure: Count, Var1: Main means of travel to work, by usual residence address (Work at home)"
2023 Census totals by topic for individuals by statistical area 1 (SA1) - part 2,VAR_2_760,VAR_2_760,Individual,Employed census usually resident population count aged 15 years and over,2018,Count,"Main means of travel to work, by usual residence address",Did not go to work today,"Subject pop: Employed census usually resident population count aged 15 years and over, Year: 2018, Measure: Count, Var1: Main means of travel to work, by usual residence address (Did not go to work today)"
2023 Census totals by topic for individuals by statistical area 1 (SA1) - part 2,VAR_2_761,VAR_2_761,Individual,Employed census usually resident population count aged 15 years and over,2018,Count,"Main means of travel to work, by usual residence address","Drive a private car, truck or van","Subject pop: Employed census usually resident population count aged 15 years and over, Year: 2018, Measure: Count, Var1: Main means of travel to work, by usual residence address (Drive a private car, truck or van)"
2023 Census totals by topic for individuals by statistical area 1 (SA1) - part 2,VAR_2_762,VAR_2_762,Individual,Employed census usually resident population count aged 15 years and over,2018,Count,"Main means of travel to work, by usual residence address","Drive a company car, truck or van","Subject pop: Employed census usually resident population count aged 15 years and over, Year: 2018, Measure: Count, Var1: Main means of travel to work, by usual residence address (Drive a company car, truck or van)"
2023 Census totals by topic for individuals by statistical area 1 (SA1) - part 2,VAR_2_763,VAR_2_763,Individual,Employed census usually resident population count aged 15 years and over,2018,Count,"Main means of travel to work, by usual residence address","Passenger in a car, truck, van or company bus","Subject pop: Employed census usually resident population count aged 15 years and over, Year: 2018, Measure: Count, Var1: Main means of travel to work, by usual residence address (Passenger in a car, truck, van or company bus)"
2023 Census totals by topic for individuals by statistical area 1 (SA1) - part 2,VAR_2_764,VAR_2_764,Individual,Employed census usually resident population count aged 15 years and over,2018,Count,"Main means of travel to work, by usual residence address",Public bus,"Subject pop: Employed census usually resident population count aged 15 years and over, Year: 2018, Measure: Count, Var1: Main means of travel to work, by usual residence address (Public bus)"
2023 Census totals by topic for individuals by statistical area 1 (SA1) - part 2,VAR_2_765,VAR_2_765,Individual,Employed census usually resident population count aged 15 years and over,2018,Count,"Main means of travel to work, by usual residence address",Train,"Subject pop: Employed census usually resident population count aged 15 years and over, Year: 2018, Measure: Count, Var1: Main means of travel to work, by usual residence address (Train)"
2023 Census totals by topic for individuals by statistical area 1 (SA1) - part 2,VAR_2_766,VAR_2_766,Individual,Employed census usually resident population count aged 15 years and over,2018,Count,"Main means of travel to work, by usual residence address",Bicycle,"Subject pop: Employed census usually resident population count aged 15 years and over, Year: 2018, Measure: Count, Var1: Main means of travel to work, by usual residence address (Bicycle)"
2023 Census totals by topic for individuals by statistical area 1 (SA1) - part 2,VAR_2_767,VAR_2_767,Individual,Employed census usually resident population count aged 15 years and over,2018,Count,"Main means of travel to work, by usual residence address",Walk or jog,"Subject pop: Employed census usually resident population count aged 15 years and over, Year: 2018, Measure: Count, Var1: Main means of travel to work, by usual residence address (Walk or jog)"
2023 Census totals by topic for individuals by statistical area 1 (SA1) - part 2,VAR_2_768,VAR_2_768,Individual,Employed census usually resident population count aged 15 years and over,2018,Count,"Main means of travel to work, by usual residence address",Ferry,"Subject pop: Employed census usually resident population count aged 15 years and over, Year: 2018, Measure: Count, Var1: Main means of travel to work, by usual residence address (Ferry)"
2023 Census totals by topic for individuals by statistical area 1 (SA1) - part 2,VAR_2_769,VAR_2_769,Individual,Employed census usually resident population count aged 15 years and over,2018,Count,"Main means of travel to work, by usual residence address",Other,"Subject pop: Employed census usually resident population count aged 15 years and over, Year: 2018, Measure: Count, Var1: Main means of travel to work, by usual residence address (Other)"
2023 Census totals by topic for individuals by statistical area 1 (SA1) - part 2,VAR_2_770,VAR_2_770,Individual,Employed census usually resident population count aged 15 years and over,2018,Count,"Main means of travel to work, by usual residence address",Not elsewhere included,"Subject pop: Employed census usually resident population count aged 15 years and over, Year: 2018, Measure: Count, Var1: Main means of travel to work, by usual residence address (Not elsewhere included)"
2023 Census totals by topic for individuals by statistical area 1 (SA1) - part 2,VAR_2_771,VAR_2_771,Individual,Employed census usually resident population count aged 15 years and over,2018,Count,"Main means of travel to work, by usual residence address",Total,"Subject pop: Employed census usually resident population count aged 15 years and over, Year: 2018, Measure: Count, Var1: Main means of travel to work, by usual residence address (Total)"
2023 Census totals by topic for individuals by statistical area 1 (SA1) - part 2,VAR_2_772,VAR_2_772,Individual,Employed census usually resident population count aged 15 years and over,2018,Count,"Main means of travel to work, by usual residence address",Total stated,"Subject pop: Employed census usually resident population count aged 15 years and over, Year: 2018, Measure: Count, Var1: Main means of travel to work, by usual residence address (Total stated)"
2023 Census totals by topic for individuals by statistical area 1 (SA1) - part 2,VAR_2_773,VAR_2_773,Individual,Employed census usually resident population count aged 15 years and over,2023,Count,"Main means of travel to work, by usual residence address",Work at home,"Subject pop: Employed census usually resident population count aged 15 years and over, Year: 2023, Measure: Count, Var1: Main means of travel to work, by usual residence address (Work at home)"
2023 Census totals by topic for individuals by statistical area 1 (SA1) - part 2,VAR_2_774,VAR_2_774,Individual,Employed census usually resident population count aged 15 years and over,2023,Count,"Main means of travel to work, by usual residence address",Did not go to work today,"Subject pop: Employed census usually resident population count aged 15 years and over, Year: 2023, Measure: Count, Var1: Main means of travel to work, by usual residence address (Did not go to work today)"
2023 Census totals by topic for individuals by statistical area 1 (SA1) - part 2,VAR_2_775,VAR_2_775,Individual,Employed census usually resident population count aged 15 years and over,2023,Count,"Main means of travel to work, by usual residence address","Drive a private car, truck or van","Subject pop: Employed census usually resident population count aged 15 years and over, Year: 2023, Measure: Count, Var1: Main means of travel to work, by usual residence address (Drive a private car, truck or van)"
2023 Census totals by topic for individuals by statistical area 1 (SA1) - part 2,VAR_2_776,VAR_2_776,Individual,Employed census usually resident population count aged 15 years and over,2023,Count,"Main means of travel to work, by usual residence address","Drive a company car, truck or van","Subject pop: Employed census usually resident population count aged 15 years and over, Year: 2023, Measure: Count, Var1: Main means of travel to work, by usual residence address (Drive a company car, truck or van)"
2023 Census totals by topic for individuals by statistical area 1 (SA1) - part 2,VAR_2_777,VAR_2_777,Individual,Employed census usually resident population count aged 15 years and over,2023,Count,"Main means of travel to work, by usual residence address","Passenger in a car, truck, van or company bus","Subject pop: Employed census usually resident population count aged 15 years and over, Year: 2023, Measure: Count, Var1: Main means of travel to work, by usual residence address (Passenger in a car, truck, van or company bus)"
2023 Census totals by topic for individuals by statistical area 1 (SA1) - part 2,VAR_2_778,VAR_2_778,Individual,Employed census usually resident population count aged 15 years and over,2023,Count,"Main means of travel to work, by usual residence address",Public bus,"Subject pop: Employed census usually resident population count aged 15 years and over, Year: 2023, Measure: Count, Var1: Main means of travel to work, by usual residence address (Public bus)"
2023 Census totals by topic for individuals by statistical area 1 (SA1) - part 2,VAR_2_779,VAR_2_779,Individual,Employed census usually resident population count aged 15 years and over,2023,Count,"Main means of travel to work, by usual residence address",Train,"Subject pop: Employed census usually resident population count aged 15 years and over, Year: 2023, Measure: Count, Var1: Main means of travel to work, by usual residence address (Train)"
2023 Census totals by topic for individuals by statistical area 1 (SA1) - part 2,VAR_2_780,VAR_2_780,Individual,Employed census usually resident population count aged 15 years and over,2023,Count,"Main means of travel to work, by usual residence address",Bicycle,"Subject pop: Employed census usually resident population count aged 15 years and over, Year: 2023, Measure: Count, Var1: Main means of travel to work, by usual residence address (Bicycle)"
2023 Census totals by topic for individuals by statistical area 1 (SA1) - part 2,VAR_2_781,VAR_2_781,Individual,Employed census usually resident population count aged 15 years and over,2023,Count,"Main means of travel to work, by usual residence address",Walk or jog,"Subject pop: Employed census usually resident population count aged 15 years and over, Year: 2023, Measure: Count, Var1: Main means of travel to work, by usual residence address (Walk or jog)"
2023 Census totals by topic for individuals by statistical area 1 (SA1) - part 2,VAR_2_782,VAR_2_782,Individual,Employed census usually resident population count aged 15 years and over,2023,Count,"Main means of travel to work, by usual residence address",Ferry,"Subject pop: Employed census usually resident population count aged 15 years and over, Year: 2023, Measure: Count, Var1: Main means of travel to work, by usual residence address (Ferry)"
2023 Census totals by topic for individuals by statistical area 1 (SA1) - part 2,VAR_2_783,VAR_2_783,Individual,Employed census usually resident population count aged 15 years and over,2023,Count,"Main means of travel to work, by usual residence address",Other,"Subject pop: Employed census usually resident population count aged 15 years and over, Year: 2023, Measure: Count, Var1: Main means of travel to work, by usual residence address (Other)"
2023 Census totals by topic for individuals by statistical area 1 (SA1) - part 2,VAR_2_784,VAR_2_784,Individual,Employed census usually resident population count aged 15 years and over,2023,Count,"Main means of travel to work, by usual residence address",Not elsewhere included,"Subject pop: Employed census usually resident population count aged 15 years and over, Year: 2023, Measure: Count, Var1: Main means of travel to work, by usual residence address (Not elsewhere included)"
2023 Census totals by topic for individuals by statistical area 1 (SA1) - part 2,VAR_2_785,VAR_2_785,Individual,Employed census usually resident population count aged 15 years and over,2023,Count,"Main means of travel to work, by usual residence address",Total,"Subject pop: Employed census usually resident population count aged 15 years and over, Year: 2023, Measure: Count, Var1: Main means of travel to work, by usual residence address (Total)"
2023 Census totals by topic for individuals by statistical area 1 (SA1) - part 2,VAR_2_786,VAR_2_786,Individual,Employed census usually resident population count aged 15 years and over,2023,Count,"Main means of travel to work, by usual residence address",Total stated,"Subject pop: Employed census usually resident population count aged 15 years and over, Year: 2023, Measure: Count, Var1: Main means of travel to work, by usual residence address (Total stated)"
2023 Census totals by topic for individuals by statistical area 1 (SA1) - part 2,VAR_2_787,VAR_2_787,Individual,Employed census usually resident population count aged 15 years and over,2013,Count,"Main means of travel to work, by workplace address",Work at home,"Subject pop: Employed census usually resident population count aged 15 years and over, Year: 2013, Measure: Count, Var1: Main means of travel to work, by workplace address (Work at home)"
2023 Census totals by topic for individuals by statistical area 1 (SA1) - part 2,VAR_2_788,VAR_2_788,Individual,Employed census usually resident population count aged 15 years and over,2013,Count,"Main means of travel to work, by workplace address",Did not go to work today,"Subject pop: Employed census usually resident population count aged 15 years and over, Year: 2013, Measure: Count, Var1: Main means of travel to work, by workplace address (Did not go to work today)"
2023 Census totals by topic for individuals by statistical area 1 (SA1) - part 2,VAR_2_789,VAR_2_789,Individual,Employed census usually resident population count aged 15 years and over,2013,Count,"Main means of travel to work, by workplace address","Drive a private car, truck or van","Subject pop: Employed census usually resident population count aged 15 years and over, Year: 2013, Measure: Count, Var1: Main means of travel to work, by workplace address (Drive a private car, truck or van)"
2023 Census totals by topic for individuals by statistical area 1 (SA1) - part 2,VAR_2_790,VAR_2_790,Individual,Employed census usually resident population count aged 15 years and over,2013,Count,"Main means of travel to work, by workplace address","Drive a company car, truck or van","Subject pop: Employed census usually resident population count aged 15 years and over, Year: 2013, Measure: Count, Var1: Main means of travel to work, by workplace address (Drive a company car, truck or van)"
2023 Census totals by topic for individuals by statistical area 1 (SA1) - part 2,VAR_2_791,VAR_2_791,Individual,Employed census usually resident population count aged 15 years and over,2013,Count,"Main means of travel to work, by workplace address","Passenger in a car, truck, van or company bus","Subject pop: Employed census usually resident population count aged 15 years and over, Year: 2013, Measure: Count, Var1: Main means of travel to work, by workplace address (Passenger in a car, truck, van or company bus)"
2023 Census totals by topic for individuals by statistical area 1 (SA1) - part 2,VAR_2_792,VAR_2_792,Individual,Employed census usually resident population count aged 15 years and over,2013,Count,"Main means of travel to work, by workplace address",Public bus,"Subject pop: Employed census usually resident population count aged 15 years and over, Year: 2013, Measure: Count, Var1: Main means of travel to work, by workplace address (Public bus)"
2023 Census totals by topic for individuals by statistical area 1 (SA1) - part 2,VAR_2_793,VAR_2_793,Individual,Employed census usually resident population count aged 15 years and over,2013,Count,"Main means of travel to work, by workplace address",Train,"Subject pop: Employed census usually resident population count aged 15 years and over, Year: 2013, Measure: Count, Var1: Main means of travel to work, by workplace address (Train)"
2023 Census totals by topic for individuals by statistical area 1 (SA1) - part 2,VAR_2_794,VAR_2_794,Individual,Employed census usually resident population count aged 15 years and over,2013,Count,"Main means of travel to work, by workplace address",Bicycle,"Subject pop: Employed census usually resident population count aged 15 years and over, Year: 2013, Measure: Count, Var1: Main means of travel to work, by workplace address (Bicycle)"
2023 Census totals by topic for individuals by statistical area 1 (SA1) - part 2,VAR_2_795,VAR_2_795,Individual,Employed census usually resident population count aged 15 years and over,2013,Count,"Main means of travel to work, by workplace address",Walk or jog,"Subject pop: Employed census usually resident population count aged 15 years and over, Year: 2013, Measure: Count, Var1: Main means of travel to work, by workplace address (Walk or jog)"
2023 Census totals by topic for individuals by statistical area 1 (SA1) - part 2,VAR_2_796,VAR_2_796,Individual,Employed census usually resident population count aged 15 years and over,2013,Count,"Main means of travel to work, by workplace address",Ferry,"Subject pop: Employed census usually resident population count aged 15 years and over, Year: 2013, Measure: Count, Var1: Main means of travel to work, by workplace address (Ferry)"
2023 Census totals by topic for individuals by statistical area 1 (SA1) - part 2,VAR_2_797,VAR_2_797,Individual,Employed census usually resident population count aged 15 years and over,2013,Count,"Main means of travel to work, by workplace address",Other,"Subject pop: Employed census usually resident population count aged 15 years and over, Year: 2013, Measure: Count, Var1: Main means of travel to work, by workplace address (Other)"
2023 Census totals by topic for individuals by statistical area 1 (SA1) - part 2,VAR_2_798,VAR_2_798,Individual,Employed census usually resident population count aged 15 years and over,2013,Count,"Main means of travel to work, by workplace address",Not elsewhere included,"Subject pop: Employed census usually resident population count aged 15 years and over, Year: 2013, Measure: Count, Var1: Main means of travel to work, by workplace address (Not elsewhere included)"
2023 Census totals by topic for individuals by statistical area 1 (SA1) - part 2,VAR_2_799,VAR_2_799,Individual,Employed census usually resident population count aged 15 years and over,2013,Count,"Main means of travel to work, by workplace address",Total,"Subject pop: Employed census usually resident population count aged 15 years and over, Year: 2013, Measure: Count, Var1: Main means of travel to work, by workplace address (Total)"
2023 Census totals by topic for individuals by statistical area 1 (SA1) - part 2,VAR_2_800,VAR_2_800,Individual,Employed census usually resident population count aged 15 years and over,2013,Count,"Main means of travel to work, by workplace address",Total stated,"Subject pop: Employed census usually resident population count aged 15 years and over, Year: 2013, Measure: Count, Var1: Main means of travel to work, by workplace address (Total stated)"
2023 Census totals by topic for individuals by statistical area 1 (SA1) - part 2,VAR_2_801,VAR_2_801,Individual,Employed census usually resident population count aged 15 years and over,2018,Count,"Main means of travel to work, by workplace address",Work at home,"Subject pop: Employed census usually resident population count aged 15 years and over, Year: 2018, Measure: Count, Var1: Main means of travel to work, by workplace address (Work at home)"
2023 Census totals by topic for individuals by statistical area 1 (SA1) - part 2,VAR_2_802,VAR_2_802,Individual,Employed census usually resident population count aged 15 years and over,2018,Count,"Main means of travel to work, by workplace address",Did not go to work today,"Subject pop: Employed census usually resident population count aged 15 years and over, Year: 2018, Measure: Count, Var1: Main means of travel to work, by workplace address (Did not go to work today)"
2023 Census totals by topic for individuals by statistical area 1 (SA1) - part 2,VAR_2_803,VAR_2_803,Individual,Employed census usually resident population count aged 15 years and over,2018,Count,"Main means of travel to work, by workplace address","Drive a private car, truck or van","Subject pop: Employed census usually resident population count aged 15 years and over, Year: 2018, Measure: Count, Var1: Main means of travel to work, by workplace address (Drive a private car, truck or van)"
2023 Census totals by topic for individuals by statistical area 1 (SA1) - part 2,VAR_2_804,VAR_2_804,Individual,Employed census usually resident population count aged 15 years and over,2018,Count,"Main means of travel to work, by workplace address","Drive a company car, truck or van","Subject pop: Employed census usually resident population count aged 15 years and over, Year: 2018, Measure: Count, Var1: Main means of travel to work, by workplace address (Drive a company car, truck or van)"
2023 Census totals by topic for individuals by statistical area 1 (SA1) - part 2,VAR_2_805,VAR_2_805,Individual,Employed census usually resident population count aged 15 years and over,2018,Count,"Main means of travel to work, by workplace address","Passenger in a car, truck, van or company bus","Subject pop: Employed census usually resident population count aged 15 years and over, Year: 2018, Measure: Count, Var1: Main means of travel to work, by workplace address (Passenger in a car, truck, van or company bus)"
2023 Census totals by topic for individuals by statistical area 1 (SA1) - part 2,VAR_2_806,VAR_2_806,Individual,Employed census usually resident population count aged 15 years and over,2018,Count,"Main means of travel to work, by workplace address",Public bus,"Subject pop: Employed census usually resident population count aged 15 years and over, Year: 2018, Measure: Count, Var1: Main means of travel to work, by workplace address (Public bus)"
2023 Census totals by topic for individuals by statistical area 1 (SA1) - part 2,VAR_2_807,VAR_2_807,Individual,Employed census usually resident population count aged 15 years and over,2018,Count,"Main means of travel to work, by workplace address",Train,"Subject pop: Employed census usually resident population count aged 15 years and over, Year: 2018, Measure: Count, Var1: Main means of travel to work, by workplace address (Train)"
2023 Census totals by topic for individuals by statistical area 1 (SA1) - part 2,VAR_2_808,VAR_2_808,Individual,Employed census usually resident population count aged 15 years and over,2018,Count,"Main means of travel to work, by workplace address",Bicycle,"Subject pop: Employed census usually resident population count aged 15 years and over, Year: 2018, Measure: Count, Var1: Main means of travel to work, by workplace address (Bicycle)"
2023 Census totals by topic for individuals by statistical area 1 (SA1) - part 2,VAR_2_809,VAR_2_809,Individual,Employed census usually resident population count aged 15 years and over,2018,Count,"Main means of travel to work, by workplace address",Walk or jog,"Subject pop: Employed census usually resident population count aged 15 years and over, Year: 2018, Measure: Count, Var1: Main means of travel to work, by workplace address (Walk or jog)"
2023 Census totals by topic for individuals by statistical area 1 (SA1) - part 2,VAR_2_810,VAR_2_810,Individual,Employed census usually resident population count aged 15 years and over,2018,Count,"Main means of travel to work, by workplace address",Ferry,"Subject pop: Employed census usually resident population count aged 15 years and over, Year: 2018, Measure: Count, Var1: Main means of travel to work, by workplace address (Ferry)"
2023 Census totals by topic for individuals by statistical area 1 (SA1) - part 2,VAR_2_811,VAR_2_811,Individual,Employed census usually resident population count aged 15 years and over,2018,Count,"Main means of travel to work, by workplace address",Other,"Subject pop: Employed census usually resident population count aged 15 years and over, Year: 2018, Measure: Count, Var1: Main means of travel to work, by workplace address (Other)"
2023 Census totals by topic for individuals by statistical area 1 (SA1) - part 2,VAR_2_812,VAR_2_812,Individual,Employed census usually resident population count aged 15 years and over,2018,Count,"Main means of travel to work, by workplace address",Not elsewhere included,"Subject pop: Employed census usually resident population count aged 15 years and over, Year: 2018, Measure: Count, Var1: Main means of travel to work, by workplace address (Not elsewhere included)"
2023 Census totals by topic for individuals by statistical area 1 (SA1) - part 2,VAR_2_813,VAR_2_813,Individual,Employed census usually resident population count aged 15 years and over,2018,Count,"Main means of travel to work, by workplace address",Total,"Subject pop: Employed census usually resident population count aged 15 years and over, Year: 2018, Measure: Count, Var1: Main means of travel to work, by workplace address (Total)"
2023 Census totals by topic for individuals by statistical area 1 (SA1) - part 2,VAR_2_814,VAR_2_814,Individual,Employed census usually resident population count aged 15 years and over,2018,Count,"Main means of travel to work, by workplace address",Total stated,"Subject pop: Employed census usually resident population count aged 15 years and over, Year: 2018, Measure: Count, Var1: Main means of travel to work, by workplace address (Total stated)"
2023 Census totals by topic for individuals by statistical area 1 (SA1) - part 2,VAR_2_815,VAR_2_815,Individual,Employed census usually resident population count aged 15 years and over,2023,Count,"Main means of travel to work, by workplace address",Work at home,"Subject pop: Employed census usually resident population count aged 15 years and over, Year: 2023, Measure: Count, Var1: Main means of travel to work, by workplace address (Work at home)"
2023 Census totals by topic for individuals by statistical area 1 (SA1) - part 2,VAR_2_816,VAR_2_816,Individual,Employed census usually resident population count aged 15 years and over,2023,Count,"Main means of travel to work, by workplace address",Did not go to work today,"Subject pop: Employed census usually resident population count aged 15 years and over, Year: 2023, Measure: Count, Var1: Main means of travel to work, by workplace address (Did not go to work today)"
2023 Census totals by topic for individuals by statistical area 1 (SA1) - part 2,VAR_2_817,VAR_2_817,Individual,Employed census usually resident population count aged 15 years and over,2023,Count,"Main means of travel to work, by workplace address","Drive a private car, truck or van","Subject pop: Employed census usually resident population count aged 15 years and over, Year: 2023, Measure: Count, Var1: Main means of travel to work, by workplace address (Drive a private car, truck or van)"
2023 Census totals by topic for individuals by statistical area 1 (SA1) - part 2,VAR_2_818,VAR_2_818,Individual,Employed census usually resident population count aged 15 years and over,2023,Count,"Main means of travel to work, by workplace address","Drive a company car, truck or van","Subject pop: Employed census usually resident population count aged 15 years and over, Year: 2023, Measure: Count, Var1: Main means of travel to work, by workplace address (Drive a company car, truck or van)"
2023 Census totals by topic for individuals by statistical area 1 (SA1) - part 2,VAR_2_819,VAR_2_819,Individual,Employed census usually resident population count aged 15 years and over,2023,Count,"Main means of travel to work, by workplace address","Passenger in a car, truck, van or company bus","Subject pop: Employed census usually resident population count aged 15 years and over, Year: 2023, Measure: Count, Var1: Main means of travel to work, by workplace address (Passenger in a car, truck, van or company bus)"
2023 Census totals by topic for individuals by statistical area 1 (SA1) - part 2,VAR_2_820,VAR_2_820,Individual,Employed census usually resident population count aged 15 years and over,2023,Count,"Main means of travel to work, by workplace address",Public bus,"Subject pop: Employed census usually resident population count aged 15 years and over, Year: 2023, Measure: Count, Var1: Main means of travel to work, by workplace address (Public bus)"
2023 Census totals by topic for individuals by statistical area 1 (SA1) - part 2,VAR_2_821,VAR_2_821,Individual,Employed census usually resident population count aged 15 years and over,2023,Count,"Main means of travel to work, by workplace address",Train,"Subject pop: Employed census usually resident population count aged 15 years and over, Year: 2023, Measure: Count, Var1: Main means of travel to work, by workplace address (Train)"
2023 Census totals by topic for individuals by statistical area 1 (SA1) - part 2,VAR_2_822,VAR_2_822,Individual,Employed census usually resident population count aged 15 years and over,2023,Count,"Main means of travel to work, by workplace address",Bicycle,"Subject pop: Employed census usually resident population count aged 15 years and over, Year: 2023, Measure: Count, Var1: Main means of travel to work, by workplace address (Bicycle)"
2023 Census totals by topic for individuals by statistical area 1 (SA1) - part 2,VAR_2_823,VAR_2_823,Individual,Employed census usually resident population count aged 15 years and over,2023,Count,"Main means of travel to work, by workplace address",Walk or jog,"Subject pop: Employed census usually resident population count aged 15 years and over, Year: 2023, Measure: Count, Var1: Main means of travel to work, by workplace address (Walk or jog)"
2023 Census totals by topic for individuals by statistical area 1 (SA1) - part 2,VAR_2_824,VAR_2_824,Individual,Employed census usually resident population count aged 15 years and over,2023,Count,"Main means of travel to work, by workplace address",Ferry,"Subject pop: Employed census usually resident population count aged 15 years and over, Year: 2023, Measure: Count, Var1: Main means of travel to work, by workplace address (Ferry)"
2023 Census totals by topic for individuals by statistical area 1 (SA1) - part 2,VAR_2_825,VAR_2_825,Individual,Employed census usually resident population count aged 15 years and over,2023,Count,"Main means of travel to work, by workplace address",Other,"Subject pop: Employed census usually resident population count aged 15 years and over, Year: 2023, Measure: Count, Var1: Main means of travel to work, by workplace address (Other)"
2023 Census totals by topic for individuals by statistical area 1 (SA1) - part 2,VAR_2_826,VAR_2_826,Individual,Employed census usually resident population count aged 15 years and over,2023,Count,"Main means of travel to work, by workplace address",Not elsewhere included,"Subject pop: Employed census usually resident population count aged 15 years and over, Year: 2023, Measure: Count, Var1: Main means of travel to work, by workplace address (Not elsewhere included)"
2023 Census totals by topic for individuals by statistical area 1 (SA1) - part 2,VAR_2_827,VAR_2_827,Individual,Employed census usually resident population count aged 15 years and over,2023,Count,"Main means of travel to work, by workplace address",Total,"Subject pop: Employed census usually resident population count aged 15 years and over, Year: 2023, Measure: Count, Var1: Main means of travel to work, by workplace address (Total)"
2023 Census totals by topic for individuals by statistical area 1 (SA1) - part 2,VAR_2_828,VAR_2_828,Individual,Employed census usually resident population count aged 15 years and over,2023,Count,"Main means of travel to work, by workplace address",Total stated,"Subject pop: Employed census usually resident population count aged 15 years and over, Year: 2023, Measure: Count, Var1: Main means of travel to work, by workplace address (Total stated)"
2023 Census totals by topic for individuals by statistical area 1 (SA1) - part 2,VAR_2_829,VAR_2_829,Individual,Employed census usually resident population count aged 15 years and over,2013,Count,Sector of ownership,Central Government,"Subject pop: Employed census usually resident population count aged 15 years and over, Year: 2013, Measure: Count, Var1: Sector of ownership (Central Government)"
2023 Census totals by topic for individuals by statistical area 1 (SA1) - part 2,VAR_2_830,VAR_2_830,Individual,Employed census usually resident population count aged 15 years and over,2013,Count,Sector of ownership,Local Government,"Subject pop: Employed census usually resident population count aged 15 years and over, Year: 2013, Measure: Count, Var1: Sector of ownership (Local Government)"
2023 Census totals by topic for individuals by statistical area 1 (SA1) - part 2,VAR_2_831,VAR_2_831,Individual,Employed census usually resident population count aged 15 years and over,2013,Count,Sector of ownership,Private,"Subject pop: Employed census usually resident population count aged 15 years and over, Year: 2013, Measure: Count, Var1: Sector of ownership (Private)"
2023 Census totals by topic for individuals by statistical area 1 (SA1) - part 2,VAR_2_832,VAR_2_832,Individual,Employed census usually resident population count aged 15 years and over,2013,Count,Sector of ownership,Not Stated,"Subject pop: Employed census usually resident population count aged 15 years and over, Year: 2013, Measure: Count, Var1: Sector of ownership (Not Stated)"
2023 Census totals by topic for individuals by statistical area 1 (SA1) - part 2,VAR_2_833,VAR_2_833,Individual,Employed census usually resident population count aged 15 years and over,2013,Count,Sector of ownership,Total,"Subject pop: Employed census usually resident population count aged 15 years and over, Year: 2013, Measure: Count, Var1: Sector of ownership (Total)"
2023 Census totals by topic for individuals by statistical area 1 (SA1) - part 2,VAR_2_834,VAR_2_834,Individual,Employed census usually resident population count aged 15 years and over,2013,Count,Sector of ownership,Total stated,"Subject pop: Employed census usually resident population count aged 15 years and over, Year: 2013, Measure: Count, Var1: Sector of ownership (Total stated)"
2023 Census totals by topic for individuals by statistical area 1 (SA1) - part 2,VAR_2_835,VAR_2_835,Individual,Employed census usually resident population count aged 15 years and over,2018,Count,Sector of ownership,Central Government,"Subject pop: Employed census usually resident population count aged 15 years and over, Year: 2018, Measure: Count, Var1: Sector of ownership (Central Government)"
2023 Census totals by topic for individuals by statistical area 1 (SA1) - part 2,VAR_2_836,VAR_2_836,Individual,Employed census usually resident population count aged 15 years and over,2018,Count,Sector of ownership,Local Government,"Subject pop: Employed census usually resident population count aged 15 years and over, Year: 2018, Measure: Count, Var1: Sector of ownership (Local Government)"
2023 Census totals by topic for individuals by statistical area 1 (SA1) - part 2,VAR_2_837,VAR_2_837,Individual,Employed census usually resident population count aged 15 years and over,2018,Count,Sector of ownership,Private,"Subject pop: Employed census usually resident population count aged 15 years and over, Year: 2018, Measure: Count, Var1: Sector of ownership (Private)"
2023 Census totals by topic for individuals by statistical area 1 (SA1) - part 2,VAR_2_838,VAR_2_838,Individual,Employed census usually resident population count aged 15 years and over,2018,Count,Sector of ownership,Not Stated,"Subject pop: Employed census usually resident population count aged 15 years and over, Year: 2018, Measure: Count, Var1: Sector of ownership (Not Stated)"
2023 Census totals by topic for individuals by statistical area 1 (SA1) - part 2,VAR_2_839,VAR_2_839,Individual,Employed census usually resident population count aged 15 years and over,2018,Count,Sector of ownership,Total,"Subject pop: Employed census usually resident population count aged 15 years and over, Year: 2018, Measure: Count, Var1: Sector of ownership (Total)"
2023 Census totals by topic for individuals by statistical area 1 (SA1) - part 2,VAR_2_840,VAR_2_840,Individual,Employed census usually resident population count aged 15 years and over,2018,Count,Sector of ownership,Total stated,"Subject pop: Employed census usually resident population count aged 15 years and over, Year: 2018, Measure: Count, Var1: Sector of ownership (Total stated)"
2023 Census totals by topic for individuals by statistical area 1 (SA1) - part 2,VAR_2_841,VAR_2_841,Individual,Employed census usually resident population count aged 15 years and over,2023,Count,Sector of ownership,Central Government,"Subject pop: Employed census usually resident population count aged 15 years and over, Year: 2023, Measure: Count, Var1: Sector of ownership (Central Government)"
2023 Census totals by topic for individuals by statistical area 1 (SA1) - part 2,VAR_2_842,VAR_2_842,Individual,Employed census usually resident population count aged 15 years and over,2023,Count,Sector of ownership,Local Government,"Subject pop: Employed census usually resident population count aged 15 years and over, Year: 2023, Measure: Count, Var1: Sector of ownership (Local Government)"
2023 Census totals by topic for individuals by statistical area 1 (SA1) - part 2,VAR_2_843,VAR_2_843,Individual,Employed census usually resident population count aged 15 years and over,2023,Count,Sector of ownership,Private,"Subject pop: Employed census usually resident population count aged 15 years and over, Year: 2023, Measure: Count, Var1: Sector of ownership (Private)"
2023 Census totals by topic for individuals by statistical area 1 (SA1) - part 2,VAR_2_844,VAR_2_844,Individual,Employed census usually resident population count aged 15 years and over,2023,Count,Sector of ownership,Not Stated,"Subject pop: Employed census usually resident population count aged 15 years and over, Year: 2023, Measure: Count, Var1: Sector of ownership (Not Stated)"
2023 Census totals by topic for individuals by statistical area 1 (SA1) - part 2,VAR_2_845,VAR_2_845,Individual,Employed census usually resident population count aged 15 years and over,2023,Count,Sector of ownership,Total,"Subject pop: Employed census usually resident population count aged 15 years and over, Year: 2023, Measure: Count, Var1: Sector of ownership (Total)"
2023 Census totals by topic for individuals by statistical area 1 (SA1) - part 2,VAR_2_846,VAR_2_846,Individual,Employed census usually resident population count aged 15 years and over,2023,Count,Sector of ownership,Total stated,"Subject pop: Employed census usually resident population count aged 15 years and over, Year: 2023, Measure: Count, Var1: Sector of ownership (Total stated)"
2023 Census totals by topic for individuals by statistical area 1 (SA1) - part 2,VAR_2_847,VAR_2_847,Individual,Census usually resident population count,2018,Count,Individual unit data source,Census individual form,"Subject pop: Census usually resident population count, Year: 2018, Measure: Count, Var1: Individual unit data source (Census individual form)"
2023 Census totals by topic for individuals by statistical area 1 (SA1) - part 2,VAR_2_848,VAR_2_848,Individual,Census usually resident population count,2018,Count,Individual unit data source,Individuals on the household listing only,"Subject pop: Census usually resident population count, Year: 2018, Measure: Count, Var1: Individual unit data source (Individuals on the household listing only)"
2023 Census totals by topic for individuals by statistical area 1 (SA1) - part 2,VAR_2_849,VAR_2_849,Individual,Census usually resident population count,2018,Count,Individual unit data source,Admin enumeration,"Subject pop: Census usually resident population count, Year: 2018, Measure: Count, Var1: Individual unit data source (Admin enumeration)"
2023 Census totals by topic for individuals by statistical area 1 (SA1) - part 2,VAR_2_850,VAR_2_850,Individual,Census usually resident population count,2018,Count,Individual unit data source,Total,"Subject pop: Census usually resident population count, Year: 2018, Measure: Count, Var1: Individual unit data source (Total)"
2023 Census totals by topic for individuals by statistical area 1 (SA1) - part 2,VAR_2_851,VAR_2_851,Individual,Census usually resident population count,2023,Count,Individual unit data source,Census individual form,"Subject pop: Census usually resident population count, Year: 2023, Measure: Count, Var1: Individual unit data source (Census individual form)"
2023 Census totals by topic for individuals by statistical area 1 (SA1) - part 2,VAR_2_852,VAR_2_852,Individual,Census usually resident population count,2023,Count,Individual unit data source,Individuals on the household listing only,"Subject pop: Census usually resident population count, Year: 2023, Measure: Count, Var1: Individual unit data source (Individuals on the household listing only)"
2023 Census totals by topic for individuals by statistical area 1 (SA1) - part 2,VAR_2_853,VAR_2_853,Individual,Census usually resident population count,2023,Count,Individual unit data source,Admin enumeration,"Subject pop: Census usually resident population count, Year: 2023, Measure: Count, Var1: Individual unit data source (Admin enumeration)"
2023 Census totals by topic for individuals by statistical area 1 (SA1) - part 2,VAR_2_854,VAR_2_854,Individual,Census usually resident population count,2023,Count,Individual unit data source,Total,"Subject pop: Census usually resident population count, Year: 2023, Measure: Count, Var1: Individual unit data source (Total)"
2023 Census totals by topic for individuals by statistical area 1 (SA1) - part 2,AREA_SQ_KM,AREA_SQ_KM,,,,,,,Area square kilometres
2023 Census totals by topic for individuals by statistical area 1 (SA1) - part 2,LAND_AREA_SQ_KM,LAND_AREA_,,,,,,,Land area square kilometres
