residence_sa2,NZDep_Decile,scenario,car_commuters_out,od_charged_commuters,od_trapped_commuters,od_charged_share,od_burden
127200,8.0,1a,78.0,0,0,0.0,no_charge
117300,7.0,1a,189.0,0,0,0.0,no_charge
116701,3.0,1a,894.0,60,60,0.0671,no_charge
118100,5.0,1a,666.0,36,27,0.0541,no_charge
117400,4.0,1a,402.0,9,9,0.0224,no_charge
160401,6.0,1a,834.0,21,21,0.0252,no_charge
165400,1.0,1a,603.0,6,6,0.01,no_charge
134500,7.0,1a,84.0,0,0,0.0,no_charge
153600,9.0,1a,396.0,0,0,0.0,no_charge
153200,9.0,1a,216.0,6,6,0.0278,no_charge
154202,9.0,1a,477.0,0,0,0.0,no_charge
154201,9.0,1a,582.0,9,9,0.0155,no_charge
112102,1.0,1a,0.0,0,0,0.0,no_charge
166400,2.0,1a,423.0,0,0,0.0,no_charge
162300,5.0,1a,153.0,0,0,0.0,no_charge
155401,6.0,1a,462.0,6,6,0.013,no_charge
116000,3.0,1a,204.0,0,0,0.0,no_charge
147900,10.0,1a,60.0,0,0,0.0,no_charge
134800,8.0,1a,0.0,0,0,0.0,no_charge
133100,8.0,1a,396.0,57,57,0.1439,no_charge
132002,6.0,1a,387.0,54,54,0.1395,no_charge
132001,8.0,1a,480.0,63,63,0.1312,no_charge
130601,8.0,1a,726.0,105,105,0.1446,no_charge
135000,8.0,1a,834.0,96,96,0.1151,no_charge
131700,9.0,1a,708.0,66,66,0.0932,no_charge
116801,3.0,1a,762.0,48,48,0.063,no_charge
149901,7.0,1a,636.0,0,0,0.0,no_charge
138100,5.0,1a,537.0,102,39,0.1899,no_charge
156901,5.0,1a,1074.0,42,42,0.0391,no_charge
129400,4.0,1a,453.0,48,36,0.106,no_charge
121001,5.0,1a,873.0,36,36,0.0412,no_charge
122101,4.0,1a,696.0,51,51,0.0733,no_charge
121401,4.0,1a,468.0,21,21,0.0449,no_charge
122400,8.0,1a,729.0,57,57,0.0782,no_charge
123900,1.0,1a,606.0,60,45,0.099,no_charge
121800,3.0,1a,681.0,48,33,0.0705,no_charge
129300,4.0,1a,501.0,42,6,0.0838,no_charge
120101,5.0,1a,84.0,9,9,0.1071,no_charge
122802,5.0,1a,600.0,48,18,0.08,no_charge
122801,7.0,1a,402.0,15,9,0.0373,no_charge
124401,5.0,1a,795.0,72,33,0.0906,no_charge
126500,4.0,1a,450.0,42,0,0.0933,no_charge
125202,1.0,1a,237.0,12,6,0.0506,no_charge
127400,1.0,1a,531.0,99,18,0.1864,no_charge
125201,2.0,1a,408.0,63,9,0.1544,no_charge
137202,6.0,1a,519.0,63,63,0.1214,no_charge
139501,6.0,1a,363.0,33,33,0.0909,no_charge
137201,7.0,1a,423.0,27,27,0.0638,no_charge
138600,6.0,1a,396.0,51,51,0.1288,no_charge
138901,4.0,1a,519.0,60,60,0.1156,no_charge
166301,3.0,1a,462.0,0,0,0.0,no_charge
154600,,1a,0.0,0,0,0.0,no_charge
152900,4.0,1a,498.0,12,12,0.0241,no_charge
152201,4.0,1a,846.0,30,30,0.0355,no_charge
156000,7.0,1a,6.0,0,0,0.0,no_charge
158602,2.0,1a,546.0,24,24,0.044,no_charge
118300,5.0,1a,579.0,24,24,0.0415,no_charge
118700,3.0,1a,582.0,42,42,0.0722,no_charge
118200,4.0,1a,921.0,45,45,0.0489,no_charge
166200,4.0,1a,273.0,0,0,0.0,no_charge
148300,5.0,1a,333.0,0,0,0.0,no_charge
149701,5.0,1a,567.0,0,0,0.0,no_charge
146400,3.0,1a,564.0,9,9,0.016,no_charge
149702,6.0,1a,312.0,0,0,0.0,no_charge
158800,10.0,1a,684.0,15,15,0.0219,no_charge
152500,4.0,1a,294.0,0,0,0.0,no_charge
122200,1.0,1a,537.0,69,69,0.1285,no_charge
165600,2.0,1a,387.0,0,0,0.0,no_charge
110400,5.0,1a,690.0,15,15,0.0217,no_charge
123701,1.0,1a,441.0,72,63,0.1633,no_charge
123702,2.0,1a,327.0,51,30,0.156,no_charge
157500,8.0,1a,747.0,30,30,0.0402,no_charge
126300,2.0,1a,579.0,75,60,0.1295,no_charge
134000,1.0,1a,171.0,18,18,0.1053,no_charge
159401,3.0,1a,315.0,0,0,0.0,no_charge
159700,10.0,1a,276.0,0,0,0.0,no_charge
158700,10.0,1a,552.0,0,0,0.0,no_charge
159500,10.0,1a,570.0,12,12,0.0211,no_charge
162901,2.0,1a,282.0,6,6,0.0213,no_charge
157702,10.0,1a,459.0,0,0,0.0,no_charge
157701,10.0,1a,450.0,0,0,0.0,no_charge
157901,9.0,1a,609.0,6,6,0.0099,no_charge
165901,4.0,1a,660.0,0,0,0.0,no_charge
115501,1.0,1a,342.0,27,27,0.0789,no_charge
153400,1.0,1a,1104.0,39,39,0.0353,no_charge
131802,1.0,1a,0.0,0,0,0.0,no_charge
161900,9.0,1a,375.0,0,0,0.0,no_charge
161800,2.0,1a,891.0,15,15,0.0168,no_charge
113402,7.0,1a,261.0,0,0,0.0,no_charge
115601,3.0,1a,255.0,6,6,0.0235,no_charge
113500,3.0,1a,234.0,6,6,0.0256,no_charge
154701,2.0,1a,309.0,18,18,0.0583,no_charge
155301,2.0,1a,342.0,12,12,0.0351,no_charge
133000,1.0,1a,333.0,30,24,0.0901,no_charge
154101,8.0,1a,603.0,0,0,0.0,no_charge
110900,3.0,1a,291.0,6,6,0.0206,no_charge
158002,2.0,1a,507.0,12,12,0.0237,no_charge
158001,8.0,1a,522.0,0,0,0.0,no_charge
164302,9.0,1a,111.0,0,0,0.0,no_charge
164602,2.0,1a,96.0,0,0,0.0,no_charge
164301,5.0,1a,99.0,0,0,0.0,no_charge
152300,8.0,1a,21.0,0,0,0.0,no_charge
148000,3.0,1a,342.0,0,0,0.0,no_charge
136200,3.0,1a,192.0,57,0,0.2969,no_charge
136001,4.0,1a,516.0,84,0,0.1628,no_charge
136900,5.0,1a,264.0,72,0,0.2727,no_charge
143301,3.0,1a,594.0,75,75,0.1263,no_charge
144400,2.0,1a,675.0,78,78,0.1156,no_charge
144800,3.0,1a,516.0,60,60,0.1163,no_charge
144201,6.0,1a,0.0,0,0,0.0,no_charge
140200,5.0,1a,570.0,57,27,0.1,no_charge
140800,4.0,1a,726.0,111,102,0.1529,no_charge
141500,5.0,1a,528.0,87,72,0.1648,no_charge
138700,6.0,1a,456.0,57,18,0.125,no_charge
141700,3.0,1a,408.0,78,78,0.1912,no_charge
116900,4.0,1a,729.0,36,36,0.0494,no_charge
148401,2.0,1a,447.0,6,6,0.0134,no_charge
149400,9.0,1a,804.0,30,30,0.0373,no_charge
148200,10.0,1a,525.0,6,6,0.0114,no_charge
148600,10.0,1a,648.0,0,0,0.0,no_charge
155801,10.0,1a,438.0,0,0,0.0,no_charge
123600,4.0,1a,759.0,72,33,0.0949,no_charge
122600,4.0,1a,465.0,12,12,0.0258,no_charge
123400,5.0,1a,771.0,63,18,0.0817,no_charge
131801,6.0,1a,381.0,81,0,0.2126,no_charge
132900,8.0,1a,471.0,39,39,0.0828,no_charge
117500,4.0,1a,678.0,30,30,0.0442,no_charge
131500,7.0,1a,591.0,75,75,0.1269,no_charge
130902,4.0,1a,492.0,24,24,0.0488,no_charge
130801,9.0,1a,399.0,30,30,0.0752,no_charge
130100,7.0,1a,645.0,54,54,0.0837,no_charge
129600,8.0,1a,738.0,60,60,0.0813,no_charge
130901,7.0,1a,570.0,54,54,0.0947,no_charge
145800,9.0,1a,933.0,111,111,0.119,no_charge
144700,9.0,1a,720.0,60,45,0.0833,no_charge
137100,9.0,1a,435.0,21,21,0.0483,no_charge
162400,4.0,1a,627.0,0,0,0.0,no_charge
128902,8.0,1a,348.0,12,12,0.0345,no_charge
128901,7.0,1a,384.0,36,36,0.0938,no_charge
129501,8.0,1a,564.0,48,48,0.0851,no_charge
144001,1.0,1a,681.0,141,141,0.207,no_charge
145102,4.0,1a,234.0,24,24,0.1026,no_charge
145101,2.0,1a,612.0,84,72,0.1373,no_charge
124000,6.0,1a,939.0,60,24,0.0639,no_charge
124600,6.0,1a,435.0,15,6,0.0345,no_charge
122700,6.0,1a,786.0,57,51,0.0725,no_charge
123300,4.0,1a,894.0,42,33,0.047,no_charge
123100,6.0,1a,636.0,42,21,0.066,no_charge
153100,3.0,1a,516.0,6,6,0.0116,no_charge
158502,6.0,1a,564.0,15,15,0.0266,no_charge
158501,8.0,1a,300.0,0,0,0.0,no_charge
136100,6.0,1a,84.0,6,0,0.0714,no_charge
136002,4.0,1a,126.0,21,0,0.1667,no_charge
153000,10.0,1a,369.0,6,6,0.0163,no_charge
137300,6.0,1a,174.0,6,6,0.0345,no_charge
138000,4.0,1a,459.0,42,42,0.0915,no_charge
119100,1.0,1a,705.0,39,39,0.0553,no_charge
119400,1.0,1a,390.0,30,30,0.0769,no_charge
118900,1.0,1a,804.0,63,51,0.0784,no_charge
142202,3.0,1a,375.0,42,24,0.112,no_charge
142201,4.0,1a,315.0,27,9,0.0857,no_charge
143800,5.0,1a,666.0,81,81,0.1216,no_charge
132800,3.0,1a,639.0,120,0,0.1878,no_charge
133500,4.0,1a,195.0,36,0,0.1846,no_charge
131600,3.0,1a,486.0,108,24,0.2222,no_charge
132100,7.0,1a,447.0,105,0,0.2349,no_charge
115700,1.0,1a,579.0,9,9,0.0155,no_charge
116200,3.0,1a,465.0,12,12,0.0258,no_charge
148800,5.0,1a,348.0,12,12,0.0345,no_charge
149300,7.0,1a,645.0,21,21,0.0326,no_charge
147800,2.0,1a,606.0,15,15,0.0248,no_charge
164500,7.0,1a,555.0,0,0,0.0,no_charge
150000,10.0,1a,672.0,6,6,0.0089,no_charge
151200,10.0,1a,600.0,6,6,0.01,no_charge
163902,4.0,1a,117.0,0,0,0.0,no_charge
112800,3.0,1a,288.0,0,0,0.0,no_charge
128800,3.0,1a,894.0,93,27,0.104,no_charge
112401,6.0,1a,687.0,0,0,0.0,no_charge
112301,4.0,1a,288.0,0,0,0.0,no_charge
127500,9.0,1a,111.0,15,15,0.1351,no_charge
128401,8.0,1a,924.0,60,60,0.0649,no_charge
124301,9.0,1a,594.0,45,45,0.0758,no_charge
125100,6.0,1a,0.0,0,0,0.0,no_charge
125701,8.0,1a,570.0,48,48,0.0842,no_charge
124900,9.0,1a,597.0,51,51,0.0854,no_charge
126701,9.0,1a,219.0,0,0,0.0,no_charge
127900,8.0,1a,354.0,27,27,0.0763,no_charge
124700,4.0,1a,195.0,6,6,0.0308,no_charge
127801,9.0,1a,426.0,24,24,0.0563,no_charge
126702,8.0,1a,471.0,36,36,0.0764,no_charge
129700,1.0,1a,471.0,180,33,0.3822,no_charge
151301,6.0,1a,873.0,30,30,0.0344,no_charge
126200,4.0,1a,867.0,75,21,0.0865,no_charge
125600,6.0,1a,684.0,54,18,0.0789,no_charge
125800,3.0,1a,747.0,102,27,0.1365,no_charge
159600,7.0,1a,552.0,9,9,0.0163,no_charge
160300,7.0,1a,615.0,9,9,0.0146,no_charge
142901,5.0,1a,456.0,48,48,0.1053,no_charge
142002,5.0,1a,201.0,15,15,0.0746,no_charge
143600,2.0,1a,639.0,57,57,0.0892,no_charge
158300,6.0,1a,1083.0,33,33,0.0305,no_charge
162500,3.0,1a,447.0,15,15,0.0336,no_charge
133400,9.0,1a,78.0,0,0,0.0,no_charge
132700,8.0,1a,27.0,0,0,0.0,no_charge
133800,8.0,1a,21.0,0,0,0.0,no_charge
119201,3.0,1a,285.0,24,24,0.0842,no_charge
120201,1.0,1a,735.0,72,72,0.098,no_charge
120202,1.0,1a,1272.0,96,96,0.0755,no_charge
120203,1.0,1a,612.0,69,69,0.1127,no_charge
159202,10.0,1a,546.0,24,24,0.044,no_charge
159101,9.0,1a,588.0,0,0,0.0,no_charge
159201,10.0,1a,366.0,0,0,0.0,no_charge
152000,4.0,1a,825.0,27,27,0.0327,no_charge
152400,4.0,1a,900.0,15,15,0.0167,no_charge
150400,5.0,1a,993.0,39,39,0.0393,no_charge
154500,6.0,1a,399.0,0,0,0.0,no_charge
165200,2.0,1a,285.0,0,0,0.0,no_charge
119301,,1a,0.0,0,0,0.0,no_charge
110800,6.0,1a,378.0,6,6,0.0159,no_charge
159801,2.0,1a,291.0,0,0,0.0,no_charge
163400,1.0,1a,666.0,27,27,0.0405,no_charge
134302,7.0,1a,21.0,6,0,0.2857,no_charge
134301,5.0,1a,42.0,6,0,0.1429,no_charge
111601,1.0,1a,153.0,0,0,0.0,no_charge
111602,2.0,1a,252.0,0,0,0.0,no_charge
134700,3.0,1a,540.0,72,72,0.1333,no_charge
162701,6.0,1a,384.0,0,0,0.0,no_charge
130500,9.0,1a,489.0,48,48,0.0982,no_charge
131000,9.0,1a,495.0,72,72,0.1455,no_charge
164900,2.0,1a,213.0,0,0,0.0,no_charge
161400,5.0,1a,582.0,18,18,0.0309,no_charge
134400,5.0,1a,564.0,99,0,0.1755,no_charge
113600,2.0,1a,501.0,6,6,0.012,no_charge
141801,1.0,1a,366.0,69,33,0.1885,no_charge
141802,1.0,1a,333.0,93,30,0.2793,no_charge
132501,2.0,1a,324.0,21,21,0.0648,no_charge
116101,6.0,1a,315.0,0,0,0.0,no_charge
114701,5.0,1a,264.0,21,21,0.0795,no_charge
115001,1.0,1a,1278.0,102,102,0.0798,no_charge
115002,1.0,1a,450.0,51,51,0.1133,no_charge
137500,1.0,1a,375.0,51,51,0.136,no_charge
160601,10.0,1a,465.0,0,0,0.0,no_charge
116500,1.0,1a,516.0,30,30,0.0581,no_charge
140901,5.0,1a,546.0,54,54,0.0989,no_charge
140902,3.0,1a,276.0,24,24,0.087,no_charge
111901,4.0,1a,153.0,0,0,0.0,no_charge
120500,3.0,1a,531.0,33,18,0.0621,no_charge
120800,2.0,1a,552.0,27,15,0.0489,no_charge
146800,7.0,1a,585.0,48,48,0.0821,no_charge
146100,6.0,1a,786.0,48,48,0.0611,no_charge
150200,10.0,1a,570.0,12,12,0.0211,no_charge
153301,8.0,1a,495.0,0,0,0.0,no_charge
151600,10.0,1a,624.0,12,12,0.0192,no_charge
147500,8.0,1a,861.0,51,51,0.0592,no_charge
148501,10.0,1a,537.0,9,9,0.0168,no_charge
151000,10.0,1a,684.0,0,0,0.0,no_charge
152800,8.0,1a,813.0,12,12,0.0148,no_charge
148901,10.0,1a,561.0,15,15,0.0267,no_charge
115800,4.0,1a,678.0,18,18,0.0265,no_charge
115200,3.0,1a,444.0,0,0,0.0,no_charge
155500,9.0,1a,153.0,0,0,0.0,no_charge
160100,9.0,1a,705.0,18,18,0.0255,no_charge
160800,10.0,1a,501.0,9,9,0.018,no_charge
160902,10.0,1a,357.0,0,0,0.0,no_charge
160901,9.0,1a,441.0,0,0,0.0,no_charge
157400,1.0,1a,564.0,0,0,0.0,no_charge
120600,8.0,1a,594.0,54,54,0.0909,no_charge
122501,8.0,1a,747.0,57,57,0.0763,no_charge
117003,8.0,1a,15.0,0,0,0.0,no_charge
152101,9.0,1a,657.0,15,15,0.0228,no_charge
152600,9.0,1a,282.0,0,0,0.0,no_charge
151800,10.0,1a,705.0,0,0,0.0,no_charge
120900,8.0,1a,600.0,36,36,0.06,no_charge
122901,8.0,1a,744.0,69,69,0.0927,no_charge
121701,7.0,1a,597.0,63,63,0.1055,no_charge
139300,2.0,1a,471.0,87,39,0.1847,no_charge
128301,9.0,1a,621.0,27,27,0.0435,no_charge
143200,2.0,1a,537.0,69,69,0.1285,no_charge
141900,2.0,1a,444.0,69,24,0.1554,no_charge
150600,1.0,1a,948.0,51,51,0.0538,no_charge
156101,3.0,1a,606.0,21,21,0.0347,no_charge
152700,,1a,12.0,0,0,0.0,no_charge
125900,1.0,1a,219.0,27,6,0.1233,no_charge
125400,4.0,1a,537.0,69,18,0.1285,no_charge
113401,1.0,1a,381.0,0,0,0.0,no_charge
113101,1.0,1a,648.0,27,27,0.0417,no_charge
112902,1.0,1a,219.0,12,12,0.0548,no_charge
113300,1.0,1a,885.0,30,30,0.0339,no_charge
141101,2.0,1a,480.0,114,36,0.2375,no_charge
141102,2.0,1a,273.0,54,27,0.1978,no_charge
157800,3.0,1a,795.0,45,45,0.0566,no_charge
158200,4.0,1a,891.0,33,33,0.037,no_charge
133600,5.0,1a,702.0,120,21,0.1709,no_charge
134200,4.0,1a,639.0,99,66,0.1549,no_charge
132200,7.0,1a,645.0,99,99,0.1535,no_charge
135200,3.0,1a,390.0,57,57,0.1462,no_charge
131900,7.0,1a,402.0,54,54,0.1343,no_charge
139000,4.0,1a,444.0,84,0,0.1892,no_charge
137800,6.0,1a,465.0,69,0,0.1484,no_charge
137701,7.0,1a,123.0,18,0,0.1463,no_charge
139900,3.0,1a,669.0,96,30,0.1435,no_charge
138400,3.0,1a,672.0,144,48,0.2143,no_charge
142101,5.0,1a,765.0,102,102,0.1333,no_charge
140400,8.0,1a,522.0,54,42,0.1034,no_charge
140700,10.0,1a,240.0,0,0,0.0,no_charge
139802,7.0,1a,327.0,33,33,0.1009,no_charge
139700,7.0,1a,669.0,78,30,0.1166,no_charge
140601,9.0,1a,237.0,18,18,0.0759,no_charge
141300,4.0,1a,606.0,66,66,0.1089,no_charge
142301,9.0,1a,459.0,42,42,0.0915,no_charge
139601,6.0,1a,555.0,45,45,0.0811,no_charge
139801,7.0,1a,342.0,39,39,0.114,no_charge
140300,6.0,1a,474.0,66,36,0.1392,no_charge
147201,8.0,1a,522.0,18,18,0.0345,no_charge
146501,7.0,1a,648.0,51,51,0.0787,no_charge
146201,7.0,1a,687.0,51,51,0.0742,no_charge
147202,8.0,1a,561.0,21,21,0.0374,no_charge
147700,,1a,0.0,0,0,0.0,no_charge
146000,5.0,1a,396.0,21,21,0.053,no_charge
145300,6.0,1a,471.0,33,33,0.0701,no_charge
149500,10.0,1a,519.0,18,18,0.0347,no_charge
149100,8.0,1a,774.0,57,57,0.0736,no_charge
146600,7.0,1a,732.0,48,48,0.0656,no_charge
114500,2.0,1a,123.0,0,0,0.0,no_charge
115300,2.0,1a,114.0,6,6,0.0526,no_charge
120000,2.0,1a,351.0,33,33,0.094,no_charge
119500,2.0,1a,414.0,33,33,0.0797,no_charge
130700,2.0,1a,654.0,57,57,0.0872,no_charge
133900,8.0,1a,30.0,0,0,0.0,no_charge
135600,8.0,1a,420.0,45,45,0.1071,no_charge
132300,8.0,1a,495.0,48,48,0.097,no_charge
132600,8.0,1a,450.0,69,69,0.1533,no_charge
134900,8.0,1a,471.0,51,51,0.1083,no_charge
136501,7.0,1a,462.0,48,48,0.1039,no_charge
136502,6.0,1a,300.0,18,18,0.06,no_charge
138302,8.0,1a,393.0,42,42,0.1069,no_charge
136601,7.0,1a,618.0,69,69,0.1117,no_charge
138301,6.0,1a,264.0,27,27,0.1023,no_charge
138501,7.0,1a,222.0,51,0,0.2297,no_charge
138502,3.0,1a,63.0,15,0,0.2381,no_charge
118600,7.0,1a,75.0,0,0,0.0,no_charge
127100,7.0,1a,456.0,57,0,0.125,no_charge
128200,1.0,1a,603.0,99,0,0.1642,no_charge
127300,3.0,1a,465.0,69,0,0.1484,no_charge
128101,3.0,1a,399.0,60,15,0.1504,no_charge
117700,4.0,1a,720.0,30,30,0.0417,no_charge
153700,2.0,1a,597.0,6,6,0.0101,no_charge
153900,2.0,1a,390.0,6,6,0.0154,no_charge
110201,7.0,1a,255.0,0,0,0.0,no_charge
114801,2.0,1a,210.0,0,0,0.0,no_charge
142802,5.0,1a,471.0,54,54,0.1146,no_charge
142801,7.0,1a,375.0,45,45,0.12,no_charge
145000,7.0,1a,603.0,54,54,0.0896,no_charge
144300,7.0,1a,828.0,96,96,0.1159,no_charge
144101,5.0,1a,741.0,66,66,0.0891,no_charge
145500,8.0,1a,150.0,0,0,0.0,no_charge
164001,7.0,1a,726.0,12,12,0.0165,no_charge
140100,7.0,1a,486.0,120,45,0.2469,no_charge
139201,4.0,1a,504.0,120,0,0.2381,no_charge
145200,10.0,1a,420.0,6,6,0.0143,no_charge
130000,1.0,1a,309.0,12,12,0.0388,no_charge
113000,6.0,1a,447.0,6,6,0.0134,no_charge
112701,1.0,1a,783.0,18,18,0.023,no_charge
112901,5.0,1a,456.0,9,9,0.0197,no_charge
112702,1.0,1a,90.0,0,0,0.0,no_charge
158101,5.0,1a,1053.0,57,57,0.0541,no_charge
158601,5.0,1a,780.0,30,30,0.0385,no_charge
157301,4.0,1a,447.0,18,18,0.0403,no_charge
158102,4.0,1a,1038.0,39,39,0.0376,no_charge
158603,2.0,1a,174.0,0,0,0.0,no_charge
150101,10.0,1a,141.0,0,0,0.0,no_charge
150900,9.0,1a,420.0,15,15,0.0357,no_charge
149600,,1a,0.0,0,0,0.0,no_charge
150302,10.0,1a,297.0,15,15,0.0505,no_charge
150301,10.0,1a,252.0,0,0,0.0,no_charge
151900,9.0,1a,618.0,39,39,0.0631,no_charge
151400,10.0,1a,558.0,9,9,0.0161,no_charge
154400,10.0,1a,345.0,0,0,0.0,no_charge
155100,10.0,1a,627.0,0,0,0.0,no_charge
155702,10.0,1a,453.0,0,0,0.0,no_charge
155701,10.0,1a,297.0,0,0,0.0,no_charge
153500,10.0,1a,465.0,0,0,0.0,no_charge
117600,4.0,1a,633.0,30,30,0.0474,no_charge
117800,4.0,1a,384.0,12,0,0.0312,no_charge
136801,7.0,1a,342.0,39,39,0.114,no_charge
135500,7.0,1a,531.0,54,54,0.1017,no_charge
163100,6.0,1a,777.0,6,6,0.0077,no_charge
149800,7.0,1a,801.0,45,45,0.0562,no_charge
150700,7.0,1a,690.0,12,12,0.0174,no_charge
150500,6.0,1a,543.0,24,24,0.0442,no_charge
151500,7.0,1a,771.0,12,12,0.0156,no_charge
148102,6.0,1a,561.0,42,42,0.0749,no_charge
149001,8.0,1a,489.0,6,6,0.0123,no_charge
147100,8.0,1a,708.0,63,33,0.089,no_charge
145400,9.0,1a,0.0,0,0,0.0,no_charge
146700,9.0,1a,21.0,0,0,0.0,no_charge
163200,9.0,1a,639.0,6,6,0.0094,no_charge
163901,9.0,1a,540.0,0,0,0.0,no_charge
163502,10.0,1a,483.0,0,0,0.0,no_charge
164100,10.0,1a,6.0,0,0,0.0,no_charge
163501,10.0,1a,312.0,0,0,0.0,no_charge
163600,10.0,1a,378.0,0,0,0.0,no_charge
163001,9.0,1a,714.0,0,0,0.0,no_charge
163301,9.0,1a,345.0,0,0,0.0,no_charge
162800,8.0,1a,276.0,0,0,0.0,no_charge
154902,8.0,1a,702.0,18,18,0.0256,no_charge
154901,8.0,1a,738.0,21,21,0.0285,no_charge
155602,9.0,1a,693.0,18,18,0.026,no_charge
154001,9.0,1a,783.0,12,12,0.0153,no_charge
155601,9.0,1a,675.0,0,0,0.0,no_charge
154801,9.0,1a,582.0,6,6,0.0103,no_charge
156201,8.0,1a,768.0,6,6,0.0078,no_charge
155901,9.0,1a,654.0,12,12,0.0183,no_charge
154802,9.0,1a,807.0,18,18,0.0223,no_charge
112200,8.0,1a,141.0,0,0,0.0,no_charge
116601,5.0,1a,447.0,24,24,0.0537,no_charge
116300,2.0,1a,99.0,0,0,0.0,no_charge
137400,3.0,1a,459.0,126,0,0.2745,no_charge
136400,5.0,1a,537.0,111,0,0.2067,no_charge
163801,1.0,1a,294.0,0,0,0.0,no_charge
163803,3.0,1a,249.0,0,0,0.0,no_charge
145900,6.0,1a,54.0,0,0,0.0,no_charge
124100,4.0,1a,108.0,6,6,0.0556,no_charge
118501,4.0,1a,372.0,12,12,0.0323,no_charge
118502,5.0,1a,423.0,33,33,0.078,no_charge
129902,5.0,1a,546.0,132,60,0.2418,no_charge
129901,1.0,1a,402.0,123,66,0.306,no_charge
129201,4.0,1a,411.0,87,66,0.2117,no_charge
146301,10.0,1a,222.0,0,0,0.0,no_charge
146302,10.0,1a,267.0,15,15,0.0562,no_charge
156301,2.0,1a,600.0,9,9,0.015,no_charge
131200,3.0,1a,465.0,129,0,0.2774,no_charge
130400,4.0,1a,318.0,93,21,0.2925,no_charge
157000,8.0,1a,543.0,0,0,0.0,no_charge
156500,8.0,1a,918.0,15,15,0.0163,no_charge
156700,8.0,1a,486.0,0,0,0.0,no_charge
111200,3.0,1a,900.0,24,24,0.0267,no_charge
166000,10.0,1a,15.0,0,0,0.0,no_charge
166100,6.0,1a,336.0,0,0,0.0,no_charge
165301,7.0,1a,408.0,0,0,0.0,no_charge
165302,10.0,1a,462.0,6,6,0.013,no_charge
165502,5.0,1a,771.0,6,6,0.0078,no_charge
165501,9.0,1a,924.0,0,0,0.0,no_charge
165001,6.0,1a,309.0,0,0,0.0,no_charge
133301,8.0,1a,87.0,0,0,0.0,no_charge
133200,8.0,1a,12.0,0,0,0.0,no_charge
134100,8.0,1a,57.0,0,0,0.0,no_charge
165101,2.0,1a,681.0,18,18,0.0264,no_charge
161000,8.0,1a,468.0,0,0,0.0,no_charge
161300,10.0,1a,597.0,6,6,0.0101,no_charge
123800,9.0,1a,555.0,48,48,0.0865,no_charge
123000,9.0,1a,651.0,30,30,0.0461,no_charge
125000,8.0,1a,501.0,45,45,0.0898,no_charge
124200,7.0,1a,540.0,33,33,0.0611,no_charge
114000,3.0,1a,834.0,18,18,0.0216,no_charge
113900,2.0,1a,534.0,15,15,0.0281,no_charge
164201,10.0,1a,366.0,0,0,0.0,no_charge
155200,4.0,1a,615.0,15,15,0.0244,no_charge
143100,3.0,1a,825.0,111,111,0.1345,no_charge
142400,1.0,1a,534.0,123,123,0.2303,no_charge
140500,1.0,1a,603.0,132,69,0.2189,no_charge
141000,4.0,1a,687.0,114,51,0.1659,no_charge
141600,1.0,1a,459.0,126,87,0.2745,no_charge
143900,3.0,1a,456.0,60,60,0.1316,no_charge
140000,2.0,1a,744.0,159,102,0.2137,no_charge
139400,2.0,1a,366.0,93,69,0.2541,no_charge
115901,1.0,1a,759.0,66,66,0.087,no_charge
113700,,1a,0.0,0,0,0.0,no_charge
157200,10.0,1a,324.0,0,0,0.0,no_charge
156800,10.0,1a,351.0,0,0,0.0,no_charge
165800,6.0,1a,615.0,0,0,0.0,no_charge
165700,7.0,1a,375.0,0,0,0.0,no_charge
128700,,1a,0.0,0,0,0.0,no_charge
163700,9.0,1a,846.0,12,12,0.0142,no_charge
119000,1.0,1a,537.0,36,36,0.067,no_charge
160000,10.0,1a,765.0,6,6,0.0078,no_charge
159900,10.0,1a,561.0,0,0,0.0,no_charge
121600,7.0,1a,909.0,57,57,0.0627,no_charge
122300,9.0,1a,654.0,45,45,0.0688,no_charge
143400,6.0,1a,486.0,27,27,0.0556,no_charge
142600,5.0,1a,429.0,57,57,0.1329,no_charge
164601,7.0,1a,60.0,0,0,0.0,no_charge
143000,1.0,1a,690.0,105,51,0.1522,no_charge
143500,2.0,1a,870.0,150,48,0.1724,no_charge
142700,1.0,1a,738.0,138,117,0.187,no_charge
144500,6.0,1a,612.0,54,45,0.0882,no_charge
143700,2.0,1a,546.0,75,75,0.1374,no_charge
130200,2.0,1a,267.0,99,0,0.3708,no_charge
137000,8.0,1a,252.0,36,15,0.1429,no_charge
138200,7.0,1a,570.0,78,30,0.1368,no_charge
136300,5.0,1a,639.0,120,18,0.1878,no_charge
137600,5.0,1a,420.0,81,81,0.1929,no_charge
111400,1.0,1a,138.0,0,0,0.0,no_charge
156601,3.0,1a,657.0,27,27,0.0411,no_charge
118400,2.0,1a,909.0,81,81,0.0891,no_charge
154300,1.0,1a,795.0,9,9,0.0113,no_charge
133700,6.0,1a,36.0,0,0,0.0,no_charge
113800,6.0,1a,111.0,0,0,0.0,no_charge
114101,4.0,1a,183.0,12,12,0.0656,no_charge
111700,5.0,1a,807.0,6,6,0.0074,no_charge
153800,2.0,1a,1026.0,48,48,0.0468,no_charge
110700,6.0,1a,489.0,15,15,0.0307,no_charge
135800,7.0,1a,198.0,24,6,0.1212,no_charge
131400,1.0,1a,243.0,33,33,0.1358,no_charge
115100,5.0,1a,570.0,6,6,0.0105,no_charge
114600,3.0,1a,549.0,0,0,0.0,no_charge
114102,1.0,1a,129.0,0,0,0.0,no_charge
145700,1.0,1a,351.0,42,36,0.1197,no_charge
144900,1.0,1a,393.0,69,69,0.1756,no_charge
126100,4.0,1a,486.0,24,24,0.0494,no_charge
126000,3.0,1a,627.0,48,48,0.0766,no_charge
155000,2.0,1a,759.0,0,0,0.0,no_charge
149200,5.0,1a,705.0,21,21,0.0298,no_charge
148101,2.0,1a,390.0,9,9,0.0231,no_charge
121300,6.0,1a,573.0,36,12,0.0628,no_charge
121200,6.0,1a,501.0,24,9,0.0479,no_charge
129101,7.0,1a,678.0,51,51,0.0752,no_charge
129000,8.0,1a,420.0,39,39,0.0929,no_charge
150800,10.0,1a,663.0,9,9,0.0136,no_charge
122001,5.0,1a,777.0,69,69,0.0888,no_charge
121100,3.0,1a,471.0,57,57,0.121,no_charge
147400,8.0,1a,0.0,0,0,0.0,no_charge
135900,9.0,1a,12.0,0,0,0.0,no_charge
135100,9.0,1a,21.0,0,0,0.0,no_charge
135300,9.0,1a,66.0,0,0,0.0,no_charge
162200,6.0,1a,117.0,0,0,0.0,no_charge
162102,4.0,1a,885.0,18,18,0.0203,no_charge
161700,,1a,0.0,0,0,0.0,no_charge
162602,9.0,1a,417.0,15,15,0.036,no_charge
161600,9.0,1a,396.0,0,0,0.0,no_charge
162101,6.0,1a,987.0,30,30,0.0304,no_charge
162601,5.0,1a,435.0,9,9,0.0207,no_charge
162000,10.0,1a,414.0,0,0,0.0,no_charge
126801,4.0,1a,432.0,75,15,0.1736,no_charge
128601,3.0,1a,351.0,42,12,0.1197,no_charge
126601,6.0,1a,468.0,36,6,0.0769,no_charge
164401,6.0,1a,588.0,0,0,0.0,no_charge
147002,9.0,1a,189.0,0,0,0.0,no_charge
147001,10.0,1a,339.0,12,12,0.0354,no_charge
116401,4.0,1a,288.0,9,9,0.0312,no_charge
111500,2.0,1a,297.0,0,0,0.0,no_charge
124500,7.0,1a,630.0,75,75,0.119,no_charge
125300,5.0,1a,507.0,51,51,0.1006,no_charge
123200,6.0,1a,747.0,102,102,0.1365,no_charge
124800,6.0,1a,921.0,132,132,0.1433,no_charge
127002,7.0,1a,609.0,81,81,0.133,no_charge
126401,8.0,1a,567.0,69,69,0.1217,no_charge
127701,8.0,1a,363.0,33,33,0.0909,no_charge
128501,7.0,1a,630.0,51,51,0.081,no_charge
127001,7.0,1a,702.0,69,69,0.0983,no_charge
145600,6.0,1a,726.0,69,69,0.095,no_charge
156400,1.0,1a,1164.0,6,6,0.0052,no_charge
159301,3.0,1a,984.0,21,21,0.0213,no_charge
135700,7.0,1a,18.0,0,0,0.0,no_charge
141201,3.0,1a,291.0,48,27,0.1649,no_charge
142001,6.0,1a,441.0,45,45,0.102,no_charge
115400,2.0,1a,270.0,9,9,0.0333,no_charge
135401,2.0,1a,666.0,54,54,0.0811,no_charge
136700,1.0,1a,795.0,105,105,0.1321,no_charge
117202,2.0,1a,486.0,21,21,0.0432,no_charge
117201,4.0,1a,552.0,18,18,0.0326,no_charge
159000,6.0,1a,753.0,18,18,0.0239,no_charge
121500,5.0,1a,672.0,42,15,0.0625,no_charge
121901,6.0,1a,762.0,51,24,0.0669,no_charge
157101,2.0,1a,810.0,18,18,0.0222,no_charge
158900,1.0,1a,294.0,0,0,0.0,no_charge
163302,3.0,1a,543.0,12,12,0.0221,no_charge
120400,5.0,1a,768.0,36,6,0.0469,no_charge
119901,3.0,1a,528.0,24,9,0.0455,no_charge
132400,6.0,1a,234.0,0,0,0.0,no_charge
114400,3.0,1a,555.0,9,9,0.0162,no_charge
114902,2.0,1a,408.0,0,0,0.0,no_charge
117900,2.0,1a,786.0,33,33,0.042,no_charge
127601,3.0,1a,339.0,12,12,0.0354,no_charge
164603,5.0,1a,414.0,0,0,0.0,no_charge
112600,1.0,1a,330.0,21,21,0.0636,no_charge
142501,3.0,1a,399.0,54,54,0.1353,no_charge
134600,1.0,1a,462.0,72,72,0.1558,no_charge
114201,1.0,1a,177.0,0,0,0.0,no_charge
112101,3.0,1a,282.0,0,0,0.0,no_charge
113201,5.0,1a,303.0,15,15,0.0495,no_charge
123500,6.0,1a,0.0,0,0,0.0,no_charge
118001,4.0,1a,303.0,6,6,0.0198,no_charge
117100,3.0,1a,135.0,12,12,0.0889,no_charge
128000,6.0,1a,93.0,0,0,0.0,no_charge
112500,2.0,1a,318.0,0,0,0.0,no_charge
164700,7.0,1a,249.0,0,0,0.0,no_charge
164800,6.0,1a,369.0,0,0,0.0,no_charge
111300,5.0,1a,921.0,6,6,0.0065,no_charge
111100,4.0,1a,501.0,0,0,0.0,no_charge
131100,8.0,1a,726.0,90,72,0.124,no_charge
161500,5.0,1a,453.0,0,0,0.0,no_charge
161201,10.0,1a,519.0,0,0,0.0,no_charge
161100,4.0,1a,930.0,6,6,0.0065,no_charge
110501,8.0,1a,369.0,0,0,0.0,no_charge
139100,10.0,1a,174.0,12,12,0.069,no_charge
138800,8.0,1a,0.0,0,0,0.0,no_charge
137901,10.0,1a,291.0,33,33,0.1134,no_charge
120301,3.0,1a,687.0,48,48,0.0699,no_charge
120701,3.0,1a,690.0,48,48,0.0696,no_charge
119800,9.0,1a,840.0,45,45,0.0536,no_charge
126901,4.0,1a,777.0,60,60,0.0772,no_charge
118800,,1a,0.0,0,0,0.0,no_charge
119600,6.0,1a,627.0,72,72,0.1148,no_charge
125500,5.0,1a,474.0,57,12,0.1203,no_charge
129800,2.0,1a,378.0,99,27,0.2619,no_charge
130300,3.0,1a,546.0,132,45,0.2418,no_charge
160202,9.0,1a,534.0,6,6,0.0112,no_charge
160501,10.0,1a,420.0,0,0,0.0,no_charge
160700,9.0,1a,708.0,0,0,0.0,no_charge
160201,9.0,1a,366.0,6,6,0.0164,no_charge
114901,4.0,1a,528.0,0,0,0.0,no_charge
117001,2.0,1a,1347.0,105,105,0.078,no_charge
117002,5.0,1a,210.0,27,27,0.1286,no_charge
119700,4.0,1a,186.0,9,9,0.0484,no_charge
158402,10.0,1a,324.0,21,21,0.0648,no_charge
158401,10.0,1a,396.0,9,9,0.0227,no_charge
157600,10.0,1a,36.0,0,0,0.0,no_charge
131300,2.0,1a,63.0,0,0,0.0,no_charge
127200,8.0,1c,78.0,0,0,0.0,no_charge
117300,7.0,1c,189.0,0,0,0.0,no_charge
116701,3.0,1c,894.0,99,99,0.1107,no_charge
118100,5.0,1c,666.0,66,57,0.0991,no_charge
117400,4.0,1c,402.0,9,9,0.0224,no_charge
160401,6.0,1c,834.0,51,51,0.0612,no_charge
165400,1.0,1c,603.0,6,6,0.01,no_charge
134500,7.0,1c,84.0,0,0,0.0,no_charge
153600,9.0,1c,396.0,0,0,0.0,no_charge
153200,9.0,1c,216.0,6,6,0.0278,no_charge
154202,9.0,1c,477.0,9,9,0.0189,no_charge
154201,9.0,1c,582.0,27,27,0.0464,no_charge
112102,1.0,1c,0.0,0,0,0.0,no_charge
166400,2.0,1c,423.0,0,0,0.0,no_charge
162300,5.0,1c,153.0,0,0,0.0,no_charge
155401,6.0,1c,462.0,21,21,0.0455,no_charge
116000,3.0,1c,204.0,0,0,0.0,no_charge
147900,10.0,1c,60.0,0,0,0.0,no_charge
134800,8.0,1c,0.0,0,0,0.0,no_charge
133100,8.0,1c,396.0,96,63,0.2424,no_charge
132002,6.0,1c,387.0,117,66,0.3023,no_charge
132001,8.0,1c,480.0,129,129,0.2688,no_charge
130601,8.0,1c,726.0,183,183,0.2521,no_charge
135000,8.0,1c,834.0,174,174,0.2086,no_charge
131700,9.0,1c,708.0,132,132,0.1864,no_charge
116801,3.0,1c,762.0,93,93,0.122,no_charge
149901,7.0,1c,636.0,0,0,0.0,no_charge
138100,5.0,1c,537.0,228,72,0.4246,no_charge
156901,5.0,1c,1074.0,84,84,0.0782,no_charge
129400,4.0,1c,453.0,87,75,0.1921,no_charge
121001,5.0,1c,873.0,81,81,0.0928,no_charge
122101,4.0,1c,696.0,84,84,0.1207,no_charge
121401,4.0,1c,468.0,27,27,0.0577,no_charge
122400,8.0,1c,729.0,105,105,0.144,no_charge
123900,1.0,1c,606.0,120,105,0.198,no_charge
121800,3.0,1c,681.0,120,105,0.1762,no_charge
129300,4.0,1c,501.0,72,36,0.1437,no_charge
120101,5.0,1c,84.0,9,9,0.1071,no_charge
122802,5.0,1c,600.0,90,54,0.15,no_charge
122801,7.0,1c,402.0,42,36,0.1045,no_charge
124401,5.0,1c,795.0,156,117,0.1962,no_charge
126500,4.0,1c,450.0,87,33,0.1933,no_charge
125202,1.0,1c,237.0,39,33,0.1646,no_charge
127400,1.0,1c,531.0,165,84,0.3107,no_charge
125201,2.0,1c,408.0,117,63,0.2868,no_charge
137202,6.0,1c,519.0,117,117,0.2254,no_charge
139501,6.0,1c,363.0,75,75,0.2066,no_charge
137201,7.0,1c,423.0,69,69,0.1631,no_charge
138600,6.0,1c,396.0,87,87,0.2197,no_charge
138901,4.0,1c,519.0,111,111,0.2139,no_charge
166301,3.0,1c,462.0,0,0,0.0,no_charge
154600,,1c,0.0,0,0,0.0,no_charge
152900,4.0,1c,498.0,27,27,0.0542,no_charge
152201,4.0,1c,846.0,69,69,0.0816,no_charge
156000,7.0,1c,6.0,0,0,0.0,no_charge
158602,2.0,1c,546.0,39,39,0.0714,no_charge
118300,5.0,1c,579.0,54,54,0.0933,no_charge
118700,3.0,1c,582.0,69,69,0.1186,no_charge
118200,4.0,1c,921.0,81,81,0.0879,no_charge
166200,4.0,1c,273.0,0,0,0.0,no_charge
148300,5.0,1c,333.0,12,12,0.036,no_charge
149701,5.0,1c,567.0,15,15,0.0265,no_charge
146400,3.0,1c,564.0,30,30,0.0532,no_charge
149702,6.0,1c,312.0,21,21,0.0673,no_charge
158800,10.0,1c,684.0,21,21,0.0307,no_charge
152500,4.0,1c,294.0,21,21,0.0714,no_charge
122200,1.0,1c,537.0,99,99,0.1844,no_charge
165600,2.0,1c,387.0,0,0,0.0,no_charge
110400,5.0,1c,690.0,15,15,0.0217,no_charge
123701,1.0,1c,441.0,102,93,0.2313,no_charge
123702,2.0,1c,327.0,63,42,0.1927,no_charge
157500,8.0,1c,747.0,57,57,0.0763,no_charge
126300,2.0,1c,579.0,138,123,0.2383,no_charge
134000,1.0,1c,171.0,30,30,0.1754,no_charge
159401,3.0,1c,315.0,6,6,0.019,no_charge
159700,10.0,1c,276.0,0,0,0.0,no_charge
158700,10.0,1c,552.0,6,6,0.0109,no_charge
159500,10.0,1c,570.0,18,18,0.0316,no_charge
162901,2.0,1c,282.0,12,12,0.0426,no_charge
157702,10.0,1c,459.0,0,0,0.0,no_charge
157701,10.0,1c,450.0,0,0,0.0,no_charge
157901,9.0,1c,609.0,27,27,0.0443,no_charge
165901,4.0,1c,660.0,0,0,0.0,no_charge
115501,1.0,1c,342.0,36,36,0.1053,no_charge
153400,1.0,1c,1104.0,93,93,0.0842,no_charge
131802,1.0,1c,0.0,0,0,0.0,no_charge
161900,9.0,1c,375.0,6,6,0.016,no_charge
161800,2.0,1c,891.0,45,45,0.0505,no_charge
113402,7.0,1c,261.0,0,0,0.0,no_charge
115601,3.0,1c,255.0,15,15,0.0588,no_charge
113500,3.0,1c,234.0,12,12,0.0513,no_charge
154701,2.0,1c,309.0,18,18,0.0583,no_charge
155301,2.0,1c,342.0,12,12,0.0351,no_charge
133000,1.0,1c,333.0,66,60,0.1982,no_charge
154101,8.0,1c,603.0,12,12,0.0199,no_charge
110900,3.0,1c,291.0,6,6,0.0206,no_charge
158002,2.0,1c,507.0,27,27,0.0533,no_charge
158001,8.0,1c,522.0,18,18,0.0345,no_charge
164302,9.0,1c,111.0,0,0,0.0,no_charge
164602,2.0,1c,96.0,0,0,0.0,no_charge
164301,5.0,1c,99.0,0,0,0.0,no_charge
152300,8.0,1c,21.0,0,0,0.0,no_charge
148000,3.0,1c,342.0,15,15,0.0439,no_charge
136200,3.0,1c,192.0,87,0,0.4531,no_charge
136001,4.0,1c,516.0,0,0,0.0,no_charge
136900,5.0,1c,264.0,135,0,0.5114,pays_with_alternative
143301,3.0,1c,594.0,174,141,0.2929,no_charge
144400,2.0,1c,675.0,201,165,0.2978,no_charge
144800,3.0,1c,516.0,141,66,0.2733,no_charge
144201,6.0,1c,0.0,0,0,0.0,no_charge
140200,5.0,1c,570.0,174,33,0.3053,no_charge
140800,4.0,1c,726.0,276,102,0.3802,no_charge
141500,5.0,1c,528.0,216,72,0.4091,no_charge
138700,6.0,1c,456.0,162,18,0.3553,no_charge
141700,3.0,1c,408.0,153,93,0.375,no_charge
116900,4.0,1c,729.0,63,63,0.0864,no_charge
148401,2.0,1c,447.0,27,27,0.0604,no_charge
149400,9.0,1c,804.0,63,63,0.0784,no_charge
148200,10.0,1c,525.0,18,18,0.0343,no_charge
148600,10.0,1c,648.0,24,24,0.037,no_charge
155801,10.0,1c,438.0,0,0,0.0,no_charge
123600,4.0,1c,759.0,117,78,0.1542,no_charge
122600,4.0,1c,465.0,39,39,0.0839,no_charge
123400,5.0,1c,771.0,105,60,0.1362,no_charge
131801,6.0,1c,381.0,0,0,0.0,no_charge
132900,8.0,1c,471.0,81,81,0.172,no_charge
117500,4.0,1c,678.0,66,66,0.0973,no_charge
131500,7.0,1c,591.0,120,120,0.203,no_charge
130902,4.0,1c,492.0,66,66,0.1341,no_charge
130801,9.0,1c,399.0,69,69,0.1729,no_charge
130100,7.0,1c,645.0,84,84,0.1302,no_charge
129600,8.0,1c,738.0,123,123,0.1667,no_charge
130901,7.0,1c,570.0,90,90,0.1579,no_charge
145800,9.0,1c,933.0,207,207,0.2219,no_charge
144700,9.0,1c,720.0,126,99,0.175,no_charge
137100,9.0,1c,435.0,69,69,0.1586,no_charge
162400,4.0,1c,627.0,0,0,0.0,no_charge
128902,8.0,1c,348.0,42,42,0.1207,no_charge
128901,7.0,1c,384.0,69,69,0.1797,no_charge
129501,8.0,1c,564.0,93,93,0.1649,no_charge
144001,1.0,1c,681.0,222,222,0.326,no_charge
145102,4.0,1c,234.0,54,54,0.2308,no_charge
145101,2.0,1c,612.0,198,186,0.3235,no_charge
124000,6.0,1c,939.0,114,78,0.1214,no_charge
124600,6.0,1c,435.0,39,30,0.0897,no_charge
122700,6.0,1c,786.0,99,93,0.126,no_charge
123300,4.0,1c,894.0,105,96,0.1174,no_charge
123100,6.0,1c,636.0,72,51,0.1132,no_charge
153100,3.0,1c,516.0,21,21,0.0407,no_charge
158502,6.0,1c,564.0,33,33,0.0585,no_charge
158501,8.0,1c,300.0,0,0,0.0,no_charge
136100,6.0,1c,84.0,0,0,0.0,no_charge
136002,4.0,1c,126.0,0,0,0.0,no_charge
153000,10.0,1c,369.0,12,12,0.0325,no_charge
137300,6.0,1c,174.0,15,15,0.0862,no_charge
138000,4.0,1c,459.0,84,84,0.183,no_charge
119100,1.0,1c,705.0,81,81,0.1149,no_charge
119400,1.0,1c,390.0,54,54,0.1385,no_charge
118900,1.0,1c,804.0,108,96,0.1343,no_charge
142202,3.0,1c,375.0,126,24,0.336,no_charge
142201,4.0,1c,315.0,87,9,0.2762,no_charge
143800,5.0,1c,666.0,207,174,0.3108,no_charge
132800,3.0,1c,639.0,285,0,0.446,no_charge
133500,4.0,1c,195.0,96,0,0.4923,no_charge
131600,3.0,1c,486.0,228,48,0.4691,no_charge
132100,7.0,1c,447.0,234,0,0.5235,pays_with_alternative
115700,1.0,1c,579.0,21,21,0.0363,no_charge
116200,3.0,1c,465.0,12,12,0.0258,no_charge
148800,5.0,1c,348.0,21,21,0.0603,no_charge
149300,7.0,1c,645.0,54,54,0.0837,no_charge
147800,2.0,1c,606.0,36,36,0.0594,no_charge
164500,7.0,1c,555.0,0,0,0.0,no_charge
150000,10.0,1c,672.0,6,6,0.0089,no_charge
151200,10.0,1c,600.0,15,15,0.025,no_charge
163902,4.0,1c,117.0,0,0,0.0,no_charge
112800,3.0,1c,288.0,0,0,0.0,no_charge
128800,3.0,1c,894.0,201,135,0.2248,no_charge
112401,6.0,1c,687.0,9,9,0.0131,no_charge
112301,4.0,1c,288.0,0,0,0.0,no_charge
127500,9.0,1c,111.0,21,21,0.1892,no_charge
128401,8.0,1c,924.0,114,114,0.1234,no_charge
124301,9.0,1c,594.0,69,69,0.1162,no_charge
125100,6.0,1c,0.0,0,0,0.0,no_charge
125701,8.0,1c,570.0,72,72,0.1263,no_charge
124900,9.0,1c,597.0,75,75,0.1256,no_charge
126701,9.0,1c,219.0,9,9,0.0411,no_charge
127900,8.0,1c,354.0,51,51,0.1441,no_charge
124700,4.0,1c,195.0,6,6,0.0308,no_charge
127801,9.0,1c,426.0,51,51,0.1197,no_charge
126702,8.0,1c,471.0,75,75,0.1592,no_charge
129700,1.0,1c,471.0,273,51,0.5796,pays_with_alternative
151301,6.0,1c,873.0,57,57,0.0653,no_charge
126200,4.0,1c,867.0,144,90,0.1661,no_charge
125600,6.0,1c,684.0,108,72,0.1579,no_charge
125800,3.0,1c,747.0,156,81,0.2088,no_charge
159600,7.0,1c,552.0,24,24,0.0435,no_charge
160300,7.0,1c,615.0,21,21,0.0341,no_charge
142901,5.0,1c,456.0,102,102,0.2237,no_charge
142002,5.0,1c,201.0,45,30,0.2239,no_charge
143600,2.0,1c,639.0,147,147,0.23,no_charge
158300,6.0,1c,1083.0,54,54,0.0499,no_charge
162500,3.0,1c,447.0,15,15,0.0336,no_charge
133400,9.0,1c,78.0,0,0,0.0,no_charge
132700,8.0,1c,27.0,0,0,0.0,no_charge
133800,8.0,1c,21.0,0,0,0.0,no_charge
119201,3.0,1c,285.0,33,33,0.1158,no_charge
120201,1.0,1c,735.0,144,144,0.1959,no_charge
120202,1.0,1c,1272.0,201,201,0.158,no_charge
120203,1.0,1c,612.0,141,141,0.2304,no_charge
159202,10.0,1c,546.0,30,30,0.0549,no_charge
159101,9.0,1c,588.0,12,12,0.0204,no_charge
159201,10.0,1c,366.0,0,0,0.0,no_charge
152000,4.0,1c,825.0,72,72,0.0873,no_charge
152400,4.0,1c,900.0,54,54,0.06,no_charge
150400,5.0,1c,993.0,81,81,0.0816,no_charge
154500,6.0,1c,399.0,12,12,0.0301,no_charge
165200,2.0,1c,285.0,0,0,0.0,no_charge
119301,,1c,0.0,0,0,0.0,no_charge
110800,6.0,1c,378.0,6,6,0.0159,no_charge
159801,2.0,1c,291.0,0,0,0.0,no_charge
163400,1.0,1c,666.0,54,54,0.0811,no_charge
134302,7.0,1c,21.0,0,0,0.0,no_charge
134301,5.0,1c,42.0,0,0,0.0,no_charge
111601,1.0,1c,153.0,0,0,0.0,no_charge
111602,2.0,1c,252.0,0,0,0.0,no_charge
134700,3.0,1c,540.0,120,120,0.2222,no_charge
162701,6.0,1c,384.0,0,0,0.0,no_charge
130500,9.0,1c,489.0,93,93,0.1902,no_charge
131000,9.0,1c,495.0,93,93,0.1879,no_charge
164900,2.0,1c,213.0,0,0,0.0,no_charge
161400,5.0,1c,582.0,18,18,0.0309,no_charge
134400,5.0,1c,564.0,234,0,0.4149,no_charge
113600,2.0,1c,501.0,12,12,0.024,no_charge
141801,1.0,1c,366.0,153,117,0.418,no_charge
141802,1.0,1c,333.0,159,96,0.4775,no_charge
132501,2.0,1c,324.0,39,39,0.1204,no_charge
116101,6.0,1c,315.0,6,6,0.019,no_charge
114701,5.0,1c,264.0,21,21,0.0795,no_charge
115001,1.0,1c,1278.0,180,180,0.1408,no_charge
115002,1.0,1c,450.0,90,90,0.2,no_charge
137500,1.0,1c,375.0,96,96,0.256,no_charge
160601,10.0,1c,465.0,6,6,0.0129,no_charge
116500,1.0,1c,516.0,63,63,0.1221,no_charge
140901,5.0,1c,546.0,105,105,0.1923,no_charge
140902,3.0,1c,276.0,57,57,0.2065,no_charge
111901,4.0,1c,153.0,0,0,0.0,no_charge
120500,3.0,1c,531.0,51,36,0.096,no_charge
120800,2.0,1c,552.0,63,51,0.1141,no_charge
146800,7.0,1c,585.0,99,99,0.1692,no_charge
146100,6.0,1c,786.0,90,90,0.1145,no_charge
150200,10.0,1c,570.0,24,24,0.0421,no_charge
153301,8.0,1c,495.0,15,9,0.0303,no_charge
151600,10.0,1c,624.0,21,21,0.0337,no_charge
147500,8.0,1c,861.0,99,99,0.115,no_charge
148501,10.0,1c,537.0,18,18,0.0335,no_charge
151000,10.0,1c,684.0,18,18,0.0263,no_charge
152800,8.0,1c,813.0,48,48,0.059,no_charge
148901,10.0,1c,561.0,24,24,0.0428,no_charge
115800,4.0,1c,678.0,42,42,0.0619,no_charge
115200,3.0,1c,444.0,6,6,0.0135,no_charge
155500,9.0,1c,153.0,0,0,0.0,no_charge
160100,9.0,1c,705.0,27,27,0.0383,no_charge
160800,10.0,1c,501.0,9,9,0.018,no_charge
160902,10.0,1c,357.0,6,6,0.0168,no_charge
160901,9.0,1c,441.0,0,0,0.0,no_charge
157400,1.0,1c,564.0,15,15,0.0266,no_charge
120600,8.0,1c,594.0,105,105,0.1768,no_charge
122501,8.0,1c,747.0,90,90,0.1205,no_charge
117003,8.0,1c,15.0,6,6,0.4,no_charge
152101,9.0,1c,657.0,33,33,0.0502,no_charge
152600,9.0,1c,282.0,0,0,0.0,no_charge
151800,10.0,1c,705.0,24,24,0.034,no_charge
120900,8.0,1c,600.0,54,54,0.09,no_charge
122901,8.0,1c,744.0,102,102,0.1371,no_charge
121701,7.0,1c,597.0,96,96,0.1608,no_charge
139300,2.0,1c,471.0,183,78,0.3885,no_charge
128301,9.0,1c,621.0,72,72,0.1159,no_charge
143200,2.0,1c,537.0,147,123,0.2737,no_charge
141900,2.0,1c,444.0,159,48,0.3581,no_charge
150600,1.0,1c,948.0,75,75,0.0791,no_charge
156101,3.0,1c,606.0,42,42,0.0693,no_charge
152700,,1c,12.0,0,0,0.0,no_charge
125900,1.0,1c,219.0,39,18,0.1781,no_charge
125400,4.0,1c,537.0,108,57,0.2011,no_charge
113401,1.0,1c,381.0,18,18,0.0472,no_charge
113101,1.0,1c,648.0,42,42,0.0648,no_charge
112902,1.0,1c,219.0,12,12,0.0548,no_charge
113300,1.0,1c,885.0,57,57,0.0644,no_charge
141101,2.0,1c,480.0,225,147,0.4688,no_charge
141102,2.0,1c,273.0,126,99,0.4615,no_charge
157800,3.0,1c,795.0,72,72,0.0906,no_charge
158200,4.0,1c,891.0,75,75,0.0842,no_charge
133600,5.0,1c,702.0,234,21,0.3333,no_charge
134200,4.0,1c,639.0,201,90,0.3146,no_charge
132200,7.0,1c,645.0,207,111,0.3209,no_charge
135200,3.0,1c,390.0,126,108,0.3231,no_charge
131900,7.0,1c,402.0,129,75,0.3209,no_charge
139000,4.0,1c,444.0,180,0,0.4054,no_charge
137800,6.0,1c,465.0,174,0,0.3742,no_charge
137701,7.0,1c,123.0,66,0,0.5366,pays_with_alternative
139900,3.0,1c,669.0,231,66,0.3453,no_charge
138400,3.0,1c,672.0,282,87,0.4196,no_charge
142101,5.0,1c,765.0,195,189,0.2549,no_charge
140400,8.0,1c,522.0,108,69,0.2069,no_charge
140700,10.0,1c,240.0,36,9,0.15,no_charge
139802,7.0,1c,327.0,72,72,0.2202,no_charge
139700,7.0,1c,669.0,177,51,0.2646,no_charge
140601,9.0,1c,237.0,66,36,0.2785,no_charge
141300,4.0,1c,606.0,123,123,0.203,no_charge
142301,9.0,1c,459.0,84,84,0.183,no_charge
139601,6.0,1c,555.0,117,117,0.2108,no_charge
139801,7.0,1c,342.0,75,75,0.2193,no_charge
140300,6.0,1c,474.0,153,36,0.3228,no_charge
147201,8.0,1c,522.0,51,51,0.0977,no_charge
146501,7.0,1c,648.0,102,102,0.1574,no_charge
146201,7.0,1c,687.0,111,111,0.1616,no_charge
147202,8.0,1c,561.0,66,66,0.1176,no_charge
147700,,1c,0.0,0,0,0.0,no_charge
146000,5.0,1c,396.0,69,69,0.1742,no_charge
145300,6.0,1c,471.0,93,75,0.1975,no_charge
149500,10.0,1c,519.0,48,48,0.0925,no_charge
149100,8.0,1c,774.0,126,126,0.1628,no_charge
146600,7.0,1c,732.0,102,87,0.1393,no_charge
114500,2.0,1c,123.0,9,9,0.0732,no_charge
115300,2.0,1c,114.0,6,6,0.0526,no_charge
120000,2.0,1c,351.0,51,51,0.1453,no_charge
119500,2.0,1c,414.0,54,54,0.1304,no_charge
130700,2.0,1c,654.0,114,114,0.1743,no_charge
133900,8.0,1c,30.0,0,0,0.0,no_charge
135600,8.0,1c,420.0,90,90,0.2143,no_charge
132300,8.0,1c,495.0,90,90,0.1818,no_charge
132600,8.0,1c,450.0,99,99,0.22,no_charge
134900,8.0,1c,471.0,90,90,0.1911,no_charge
136501,7.0,1c,462.0,81,81,0.1753,no_charge
136502,6.0,1c,300.0,51,51,0.17,no_charge
138302,8.0,1c,393.0,87,87,0.2214,no_charge
136601,7.0,1c,618.0,144,144,0.233,no_charge
138301,6.0,1c,264.0,57,57,0.2159,no_charge
138501,7.0,1c,222.0,0,0,0.0,no_charge
138502,3.0,1c,63.0,0,0,0.0,no_charge
118600,7.0,1c,75.0,0,0,0.0,no_charge
127100,7.0,1c,456.0,90,33,0.1974,no_charge
128200,1.0,1c,603.0,183,57,0.3035,no_charge
127300,3.0,1c,465.0,135,57,0.2903,no_charge
128101,3.0,1c,399.0,105,60,0.2632,no_charge
117700,4.0,1c,720.0,48,48,0.0667,no_charge
153700,2.0,1c,597.0,27,27,0.0452,no_charge
153900,2.0,1c,390.0,21,21,0.0538,no_charge
110201,7.0,1c,255.0,0,0,0.0,no_charge
114801,2.0,1c,210.0,6,6,0.0286,no_charge
142802,5.0,1c,471.0,123,123,0.2611,no_charge
142801,7.0,1c,375.0,87,75,0.232,no_charge
145000,7.0,1c,603.0,126,102,0.209,no_charge
144300,7.0,1c,828.0,201,180,0.2428,no_charge
144101,5.0,1c,741.0,174,147,0.2348,no_charge
145500,8.0,1c,150.0,12,12,0.08,no_charge
164001,7.0,1c,726.0,18,18,0.0248,no_charge
140100,7.0,1c,486.0,210,135,0.4321,no_charge
139201,4.0,1c,504.0,237,9,0.4702,no_charge
145200,10.0,1c,420.0,36,30,0.0857,no_charge
130000,1.0,1c,309.0,45,45,0.1456,no_charge
113000,6.0,1c,447.0,12,12,0.0268,no_charge
112701,1.0,1c,783.0,30,30,0.0383,no_charge
112901,5.0,1c,456.0,21,21,0.0461,no_charge
112702,1.0,1c,90.0,0,0,0.0,no_charge
158101,5.0,1c,1053.0,105,105,0.0997,no_charge
158601,5.0,1c,780.0,57,57,0.0731,no_charge
157301,4.0,1c,447.0,27,27,0.0604,no_charge
158102,4.0,1c,1038.0,87,87,0.0838,no_charge
158603,2.0,1c,174.0,0,0,0.0,no_charge
150101,10.0,1c,141.0,0,0,0.0,no_charge
150900,9.0,1c,420.0,42,42,0.1,no_charge
149600,,1c,0.0,0,0,0.0,no_charge
150302,10.0,1c,297.0,30,30,0.101,no_charge
150301,10.0,1c,252.0,0,0,0.0,no_charge
151900,9.0,1c,618.0,66,66,0.1068,no_charge
151400,10.0,1c,558.0,18,18,0.0323,no_charge
154400,10.0,1c,345.0,0,0,0.0,no_charge
155100,10.0,1c,627.0,0,0,0.0,no_charge
155702,10.0,1c,453.0,0,0,0.0,no_charge
155701,10.0,1c,297.0,0,0,0.0,no_charge
153500,10.0,1c,465.0,0,0,0.0,no_charge
117600,4.0,1c,633.0,48,48,0.0758,no_charge
117800,4.0,1c,384.0,30,18,0.0781,no_charge
136801,7.0,1c,342.0,102,87,0.2982,no_charge
135500,7.0,1c,531.0,174,162,0.3277,no_charge
163100,6.0,1c,777.0,21,21,0.027,no_charge
149800,7.0,1c,801.0,78,78,0.0974,no_charge
150700,7.0,1c,690.0,36,36,0.0522,no_charge
150500,6.0,1c,543.0,48,48,0.0884,no_charge
151500,7.0,1c,771.0,63,63,0.0817,no_charge
148102,6.0,1c,561.0,66,66,0.1176,no_charge
149001,8.0,1c,489.0,36,36,0.0736,no_charge
147100,8.0,1c,708.0,105,75,0.1483,no_charge
145400,9.0,1c,0.0,0,0,0.0,no_charge
146700,9.0,1c,21.0,0,0,0.0,no_charge
163200,9.0,1c,639.0,18,18,0.0282,no_charge
163901,9.0,1c,540.0,0,0,0.0,no_charge
163502,10.0,1c,483.0,9,9,0.0186,no_charge
164100,10.0,1c,6.0,0,0,0.0,no_charge
163501,10.0,1c,312.0,9,9,0.0288,no_charge
163600,10.0,1c,378.0,6,6,0.0159,no_charge
163001,9.0,1c,714.0,6,6,0.0084,no_charge
163301,9.0,1c,345.0,0,0,0.0,no_charge
162800,8.0,1c,276.0,0,0,0.0,no_charge
154902,8.0,1c,702.0,36,36,0.0513,no_charge
154901,8.0,1c,738.0,30,30,0.0407,no_charge
155602,9.0,1c,693.0,18,18,0.026,no_charge
154001,9.0,1c,783.0,51,51,0.0651,no_charge
155601,9.0,1c,675.0,15,15,0.0222,no_charge
154801,9.0,1c,582.0,33,33,0.0567,no_charge
156201,8.0,1c,768.0,24,24,0.0312,no_charge
155901,9.0,1c,654.0,21,21,0.0321,no_charge
154802,9.0,1c,807.0,39,39,0.0483,no_charge
112200,8.0,1c,141.0,0,0,0.0,no_charge
116601,5.0,1c,447.0,30,30,0.0671,no_charge
116300,2.0,1c,99.0,0,0,0.0,no_charge
137400,3.0,1c,459.0,0,0,0.0,no_charge
136400,5.0,1c,537.0,0,0,0.0,no_charge
163801,1.0,1c,294.0,0,0,0.0,no_charge
163803,3.0,1c,249.0,0,0,0.0,no_charge
145900,6.0,1c,54.0,0,0,0.0,no_charge
124100,4.0,1c,108.0,6,6,0.0556,no_charge
118501,4.0,1c,372.0,27,27,0.0726,no_charge
118502,5.0,1c,423.0,39,39,0.0922,no_charge
129902,5.0,1c,546.0,228,78,0.4176,no_charge
129901,1.0,1c,402.0,201,135,0.5,no_charge
129201,4.0,1c,411.0,153,132,0.3723,no_charge
146301,10.0,1c,222.0,15,15,0.0676,no_charge
146302,10.0,1c,267.0,36,36,0.1348,no_charge
156301,2.0,1c,600.0,39,39,0.065,no_charge
131200,3.0,1c,465.0,234,0,0.5032,pays_with_alternative
130400,4.0,1c,318.0,174,30,0.5472,pays_with_alternative
157000,8.0,1c,543.0,12,12,0.0221,no_charge
156500,8.0,1c,918.0,42,42,0.0458,no_charge
156700,8.0,1c,486.0,0,0,0.0,no_charge
111200,3.0,1c,900.0,36,36,0.04,no_charge
166000,10.0,1c,15.0,0,0,0.0,no_charge
166100,6.0,1c,336.0,0,0,0.0,no_charge
165301,7.0,1c,408.0,0,0,0.0,no_charge
165302,10.0,1c,462.0,6,6,0.013,no_charge
165502,5.0,1c,771.0,6,6,0.0078,no_charge
165501,9.0,1c,924.0,9,9,0.0097,no_charge
165001,6.0,1c,309.0,0,0,0.0,no_charge
133301,8.0,1c,87.0,0,0,0.0,no_charge
133200,8.0,1c,12.0,0,0,0.0,no_charge
134100,8.0,1c,57.0,0,0,0.0,no_charge
165101,2.0,1c,681.0,30,30,0.0441,no_charge
161000,8.0,1c,468.0,9,9,0.0192,no_charge
161300,10.0,1c,597.0,27,27,0.0452,no_charge
123800,9.0,1c,555.0,90,90,0.1622,no_charge
123000,9.0,1c,651.0,57,57,0.0876,no_charge
125000,8.0,1c,501.0,90,90,0.1796,no_charge
124200,7.0,1c,540.0,66,66,0.1222,no_charge
114000,3.0,1c,834.0,33,33,0.0396,no_charge
113900,2.0,1c,534.0,42,42,0.0787,no_charge
164201,10.0,1c,366.0,0,0,0.0,no_charge
155200,4.0,1c,615.0,27,27,0.0439,no_charge
143100,3.0,1c,825.0,261,183,0.3164,no_charge
142400,1.0,1c,534.0,237,123,0.4438,no_charge
140500,1.0,1c,603.0,264,117,0.4378,no_charge
141000,4.0,1c,687.0,246,57,0.3581,no_charge
141600,1.0,1c,459.0,237,87,0.5163,no_charge
143900,3.0,1c,456.0,150,150,0.3289,no_charge
140000,2.0,1c,744.0,348,114,0.4677,no_charge
139400,2.0,1c,366.0,174,96,0.4754,no_charge
115901,1.0,1c,759.0,108,108,0.1423,no_charge
113700,,1c,0.0,0,0,0.0,no_charge
157200,10.0,1c,324.0,0,0,0.0,no_charge
156800,10.0,1c,351.0,6,6,0.0171,no_charge
165800,6.0,1c,615.0,0,0,0.0,no_charge
165700,7.0,1c,375.0,0,0,0.0,no_charge
128700,,1c,0.0,0,0,0.0,no_charge
163700,9.0,1c,846.0,24,24,0.0284,no_charge
119000,1.0,1c,537.0,72,72,0.1341,no_charge
160000,10.0,1c,765.0,6,6,0.0078,no_charge
159900,10.0,1c,561.0,0,0,0.0,no_charge
121600,7.0,1c,909.0,117,117,0.1287,no_charge
122300,9.0,1c,654.0,90,90,0.1376,no_charge
143400,6.0,1c,486.0,99,48,0.2037,no_charge
142600,5.0,1c,429.0,117,63,0.2727,no_charge
164601,7.0,1c,60.0,0,0,0.0,no_charge
143000,1.0,1c,690.0,216,162,0.313,no_charge
143500,2.0,1c,870.0,270,132,0.3103,no_charge
142700,1.0,1c,738.0,282,261,0.3821,no_charge
144500,6.0,1c,612.0,135,93,0.2206,no_charge
143700,2.0,1c,546.0,153,126,0.2802,no_charge
130200,2.0,1c,267.0,0,0,0.0,no_charge
137000,8.0,1c,252.0,93,27,0.369,no_charge
138200,7.0,1c,570.0,162,60,0.2842,no_charge
136300,5.0,1c,639.0,243,24,0.3803,no_charge
137600,5.0,1c,420.0,162,150,0.3857,no_charge
111400,1.0,1c,138.0,0,0,0.0,no_charge
156601,3.0,1c,657.0,54,54,0.0822,no_charge
118400,2.0,1c,909.0,114,114,0.1254,no_charge
154300,1.0,1c,795.0,36,36,0.0453,no_charge
133700,6.0,1c,36.0,0,0,0.0,no_charge
113800,6.0,1c,111.0,0,0,0.0,no_charge
114101,4.0,1c,183.0,12,12,0.0656,no_charge
111700,5.0,1c,807.0,6,6,0.0074,no_charge
153800,2.0,1c,1026.0,90,90,0.0877,no_charge
110700,6.0,1c,489.0,33,33,0.0675,no_charge
135800,7.0,1c,198.0,60,6,0.303,no_charge
131400,1.0,1c,243.0,33,33,0.1358,no_charge
115100,5.0,1c,570.0,6,6,0.0105,no_charge
114600,3.0,1c,549.0,9,9,0.0164,no_charge
114102,1.0,1c,129.0,0,0,0.0,no_charge
145700,1.0,1c,351.0,114,108,0.3248,no_charge
144900,1.0,1c,393.0,108,108,0.2748,no_charge
126100,4.0,1c,486.0,48,48,0.0988,no_charge
126000,3.0,1c,627.0,93,93,0.1483,no_charge
155000,2.0,1c,759.0,6,6,0.0079,no_charge
149200,5.0,1c,705.0,66,66,0.0936,no_charge
148101,2.0,1c,390.0,27,27,0.0692,no_charge
121300,6.0,1c,573.0,63,39,0.1099,no_charge
121200,6.0,1c,501.0,45,30,0.0898,no_charge
129101,7.0,1c,678.0,108,108,0.1593,no_charge
129000,8.0,1c,420.0,54,54,0.1286,no_charge
150800,10.0,1c,663.0,21,21,0.0317,no_charge
122001,5.0,1c,777.0,138,138,0.1776,no_charge
121100,3.0,1c,471.0,75,75,0.1592,no_charge
147400,8.0,1c,0.0,0,0,0.0,no_charge
135900,9.0,1c,12.0,0,0,0.0,no_charge
135100,9.0,1c,21.0,0,0,0.0,no_charge
135300,9.0,1c,66.0,0,0,0.0,no_charge
162200,6.0,1c,117.0,0,0,0.0,no_charge
162102,4.0,1c,885.0,42,42,0.0475,no_charge
161700,,1c,0.0,0,0,0.0,no_charge
162602,9.0,1c,417.0,30,30,0.0719,no_charge
161600,9.0,1c,396.0,6,6,0.0152,no_charge
162101,6.0,1c,987.0,75,75,0.076,no_charge
162601,5.0,1c,435.0,21,21,0.0483,no_charge
162000,10.0,1c,414.0,9,9,0.0217,no_charge
126801,4.0,1c,432.0,102,42,0.2361,no_charge
128601,3.0,1c,351.0,84,42,0.2393,no_charge
126601,6.0,1c,468.0,90,60,0.1923,no_charge
164401,6.0,1c,588.0,0,0,0.0,no_charge
147002,9.0,1c,189.0,15,15,0.0794,no_charge
147001,10.0,1c,339.0,33,33,0.0973,no_charge
116401,4.0,1c,288.0,36,36,0.125,no_charge
111500,2.0,1c,297.0,0,0,0.0,no_charge
124500,7.0,1c,630.0,153,153,0.2429,no_charge
125300,5.0,1c,507.0,105,105,0.2071,no_charge
123200,6.0,1c,747.0,207,207,0.2771,no_charge
124800,6.0,1c,921.0,237,237,0.2573,no_charge
127002,7.0,1c,609.0,132,132,0.2167,no_charge
126401,8.0,1c,567.0,123,123,0.2169,no_charge
127701,8.0,1c,363.0,63,63,0.1736,no_charge
128501,7.0,1c,630.0,87,87,0.1381,no_charge
127001,7.0,1c,702.0,138,138,0.1966,no_charge
145600,6.0,1c,726.0,147,120,0.2025,no_charge
156400,1.0,1c,1164.0,18,18,0.0155,no_charge
159301,3.0,1c,984.0,69,69,0.0701,no_charge
135700,7.0,1c,18.0,0,0,0.0,no_charge
141201,3.0,1c,291.0,99,39,0.3402,no_charge
142001,6.0,1c,441.0,90,66,0.2041,no_charge
115400,2.0,1c,270.0,9,9,0.0333,no_charge
135401,2.0,1c,666.0,132,132,0.1982,no_charge
136700,1.0,1c,795.0,189,189,0.2377,no_charge
117202,2.0,1c,486.0,39,39,0.0802,no_charge
117201,4.0,1c,552.0,33,33,0.0598,no_charge
159000,6.0,1c,753.0,36,36,0.0478,no_charge
121500,5.0,1c,672.0,75,48,0.1116,no_charge
121901,6.0,1c,762.0,93,66,0.122,no_charge
157101,2.0,1c,810.0,48,48,0.0593,no_charge
158900,1.0,1c,294.0,15,15,0.051,no_charge
163302,3.0,1c,543.0,42,42,0.0773,no_charge
120400,5.0,1c,768.0,57,27,0.0742,no_charge
119901,3.0,1c,528.0,42,27,0.0795,no_charge
132400,6.0,1c,234.0,0,0,0.0,no_charge
114400,3.0,1c,555.0,9,9,0.0162,no_charge
114902,2.0,1c,408.0,0,0,0.0,no_charge
117900,2.0,1c,786.0,81,81,0.1031,no_charge
127601,3.0,1c,339.0,33,33,0.0973,no_charge
164603,5.0,1c,414.0,6,6,0.0145,no_charge
112600,1.0,1c,330.0,36,36,0.1091,no_charge
142501,3.0,1c,399.0,102,102,0.2556,no_charge
134600,1.0,1c,462.0,129,129,0.2792,no_charge
114201,1.0,1c,177.0,9,9,0.0508,no_charge
112101,3.0,1c,282.0,0,0,0.0,no_charge
113201,5.0,1c,303.0,15,15,0.0495,no_charge
123500,6.0,1c,0.0,0,0,0.0,no_charge
118001,4.0,1c,303.0,12,12,0.0396,no_charge
117100,3.0,1c,135.0,12,12,0.0889,no_charge
128000,6.0,1c,93.0,12,12,0.129,no_charge
112500,2.0,1c,318.0,6,6,0.0189,no_charge
164700,7.0,1c,249.0,0,0,0.0,no_charge
164800,6.0,1c,369.0,0,0,0.0,no_charge
111300,5.0,1c,921.0,6,6,0.0065,no_charge
111100,4.0,1c,501.0,0,0,0.0,no_charge
131100,8.0,1c,726.0,213,171,0.2934,no_charge
161500,5.0,1c,453.0,9,9,0.0199,no_charge
161201,10.0,1c,519.0,0,0,0.0,no_charge
161100,4.0,1c,930.0,27,27,0.029,no_charge
110501,8.0,1c,369.0,0,0,0.0,no_charge
139100,10.0,1c,174.0,36,36,0.2069,no_charge
138800,8.0,1c,0.0,0,0,0.0,no_charge
137901,10.0,1c,291.0,57,57,0.1959,no_charge
120301,3.0,1c,687.0,93,93,0.1354,no_charge
120701,3.0,1c,690.0,96,96,0.1391,no_charge
119800,9.0,1c,840.0,96,96,0.1143,no_charge
126901,4.0,1c,777.0,105,105,0.1351,no_charge
118800,,1c,0.0,0,0,0.0,no_charge
119600,6.0,1c,627.0,129,129,0.2057,no_charge
125500,5.0,1c,474.0,93,48,0.1962,no_charge
129800,2.0,1c,378.0,177,48,0.4683,no_charge
130300,3.0,1c,546.0,267,72,0.489,no_charge
160202,9.0,1c,534.0,12,12,0.0225,no_charge
160501,10.0,1c,420.0,15,15,0.0357,no_charge
160700,9.0,1c,708.0,0,0,0.0,no_charge
160201,9.0,1c,366.0,12,12,0.0328,no_charge
114901,4.0,1c,528.0,6,6,0.0114,no_charge
117001,2.0,1c,1347.0,186,186,0.1381,no_charge
117002,5.0,1c,210.0,51,51,0.2429,no_charge
119700,4.0,1c,186.0,9,9,0.0484,no_charge
158402,10.0,1c,324.0,21,21,0.0648,no_charge
158401,10.0,1c,396.0,9,9,0.0227,no_charge
157600,10.0,1c,36.0,0,0,0.0,no_charge
131300,2.0,1c,63.0,0,0,0.0,no_charge
127200,8.0,2c,78.0,6,6,0.0769,no_charge
117300,7.0,2c,189.0,0,0,0.0,no_charge
116701,3.0,2c,894.0,156,156,0.1745,no_charge
118100,5.0,2c,666.0,102,93,0.1532,no_charge
117400,4.0,2c,402.0,21,21,0.0522,no_charge
160401,6.0,2c,834.0,174,174,0.2086,no_charge
165400,1.0,2c,603.0,51,51,0.0846,no_charge
134500,7.0,2c,84.0,0,0,0.0,no_charge
153600,9.0,2c,396.0,69,69,0.1742,no_charge
153200,9.0,2c,216.0,48,48,0.2222,no_charge
154202,9.0,2c,477.0,99,99,0.2075,no_charge
154201,9.0,2c,582.0,144,132,0.2474,no_charge
112102,1.0,2c,0.0,0,0,0.0,no_charge
166400,2.0,2c,423.0,54,54,0.1277,no_charge
162300,5.0,2c,153.0,12,12,0.0784,no_charge
155401,6.0,2c,462.0,96,96,0.2078,no_charge
116000,3.0,2c,204.0,0,0,0.0,no_charge
147900,10.0,2c,60.0,12,12,0.2,no_charge
134800,8.0,2c,0.0,0,0,0.0,no_charge
133100,8.0,2c,396.0,198,135,0.5,no_charge
132002,6.0,2c,387.0,225,147,0.5814,no_charge
132001,8.0,2c,480.0,225,189,0.4688,no_charge
130601,8.0,2c,726.0,351,330,0.4835,no_charge
135000,8.0,2c,834.0,420,330,0.5036,no_charge
131700,9.0,2c,708.0,279,249,0.3941,no_charge
116801,3.0,2c,762.0,141,141,0.185,no_charge
149901,7.0,2c,636.0,30,30,0.0472,no_charge
138100,5.0,2c,537.0,0,0,0.0,no_charge
156901,5.0,2c,1074.0,246,246,0.2291,no_charge
129400,4.0,2c,453.0,105,93,0.2318,no_charge
121001,5.0,2c,873.0,138,138,0.1581,no_charge
122101,4.0,2c,696.0,120,120,0.1724,no_charge
121401,4.0,2c,468.0,51,51,0.109,no_charge
122400,8.0,2c,729.0,141,141,0.1934,no_charge
123900,1.0,2c,606.0,165,150,0.2723,no_charge
121800,3.0,2c,681.0,165,150,0.2423,no_charge
129300,4.0,2c,501.0,114,78,0.2275,no_charge
120101,5.0,2c,84.0,9,9,0.1071,no_charge
122802,5.0,2c,600.0,120,84,0.2,no_charge
122801,7.0,2c,402.0,57,51,0.1418,no_charge
124401,5.0,2c,795.0,231,192,0.2906,no_charge
126500,4.0,2c,450.0,132,72,0.2933,no_charge
125202,1.0,2c,237.0,45,39,0.1899,no_charge
127400,1.0,2c,531.0,228,147,0.4294,no_charge
125201,2.0,2c,408.0,135,81,0.3309,no_charge
137202,6.0,2c,519.0,0,0,0.0,no_charge
139501,6.0,2c,363.0,0,0,0.0,no_charge
137201,7.0,2c,423.0,0,0,0.0,no_charge
138600,6.0,2c,396.0,0,0,0.0,no_charge
138901,4.0,2c,519.0,0,0,0.0,no_charge
166301,3.0,2c,462.0,33,33,0.0714,no_charge
154600,,2c,0.0,0,0,0.0,no_charge
152900,4.0,2c,498.0,129,129,0.259,no_charge
152201,4.0,2c,846.0,222,222,0.2624,no_charge
156000,7.0,2c,6.0,0,0,0.0,no_charge
158602,2.0,2c,546.0,111,111,0.2033,no_charge
118300,5.0,2c,579.0,81,81,0.1399,no_charge
118700,3.0,2c,582.0,99,99,0.1701,no_charge
118200,4.0,2c,921.0,114,114,0.1238,no_charge
166200,4.0,2c,273.0,9,9,0.033,no_charge
148300,5.0,2c,333.0,108,108,0.3243,no_charge
149701,5.0,2c,567.0,162,162,0.2857,no_charge
146400,3.0,2c,564.0,192,192,0.3404,no_charge
149702,6.0,2c,312.0,102,102,0.3269,no_charge
158800,10.0,2c,684.0,138,138,0.2018,no_charge
152500,4.0,2c,294.0,96,96,0.3265,no_charge
122200,1.0,2c,537.0,132,132,0.2458,no_charge
165600,2.0,2c,387.0,30,30,0.0775,no_charge
110400,5.0,2c,690.0,21,21,0.0304,no_charge
123701,1.0,2c,441.0,129,120,0.2925,no_charge
123702,2.0,2c,327.0,81,60,0.2477,no_charge
157500,8.0,2c,747.0,168,168,0.2249,no_charge
126300,2.0,2c,579.0,189,174,0.3264,no_charge
134000,1.0,2c,171.0,36,36,0.2105,no_charge
159401,3.0,2c,315.0,33,33,0.1048,no_charge
159700,10.0,2c,276.0,36,36,0.1304,no_charge
158700,10.0,2c,552.0,108,108,0.1957,no_charge
159500,10.0,2c,570.0,123,123,0.2158,no_charge
162901,2.0,2c,282.0,45,45,0.1596,no_charge
157702,10.0,2c,459.0,84,84,0.183,no_charge
157701,10.0,2c,450.0,96,96,0.2133,no_charge
157901,9.0,2c,609.0,132,132,0.2167,no_charge
165901,4.0,2c,660.0,27,27,0.0409,no_charge
115501,1.0,2c,342.0,42,42,0.1228,no_charge
153400,1.0,2c,1104.0,324,324,0.2935,no_charge
131802,1.0,2c,0.0,0,0,0.0,no_charge
161900,9.0,2c,375.0,72,72,0.192,no_charge
161800,2.0,2c,891.0,183,183,0.2054,no_charge
113402,7.0,2c,261.0,0,0,0.0,no_charge
115601,3.0,2c,255.0,15,15,0.0588,no_charge
113500,3.0,2c,234.0,12,12,0.0513,no_charge
154701,2.0,2c,309.0,63,63,0.2039,no_charge
155301,2.0,2c,342.0,81,81,0.2368,no_charge
133000,1.0,2c,333.0,84,78,0.2523,no_charge
154101,8.0,2c,603.0,132,132,0.2189,no_charge
110900,3.0,2c,291.0,6,6,0.0206,no_charge
158002,2.0,2c,507.0,105,105,0.2071,no_charge
158001,8.0,2c,522.0,96,96,0.1839,no_charge
164302,9.0,2c,111.0,15,15,0.1351,no_charge
164602,2.0,2c,96.0,6,6,0.0625,no_charge
164301,5.0,2c,99.0,12,12,0.1212,no_charge
152300,8.0,2c,21.0,0,0,0.0,no_charge
148000,3.0,2c,342.0,90,90,0.2632,no_charge
136200,3.0,2c,192.0,0,0,0.0,no_charge
136001,4.0,2c,516.0,0,0,0.0,no_charge
136900,5.0,2c,264.0,0,0,0.0,no_charge
143301,3.0,2c,594.0,0,0,0.0,no_charge
144400,2.0,2c,675.0,0,0,0.0,no_charge
144800,3.0,2c,516.0,0,0,0.0,no_charge
144201,6.0,2c,0.0,0,0,0.0,no_charge
140200,5.0,2c,570.0,0,0,0.0,no_charge
140800,4.0,2c,726.0,0,0,0.0,no_charge
141500,5.0,2c,528.0,0,0,0.0,no_charge
138700,6.0,2c,456.0,0,0,0.0,no_charge
141700,3.0,2c,408.0,0,0,0.0,no_charge
116900,4.0,2c,729.0,102,102,0.1399,no_charge
148401,2.0,2c,447.0,174,168,0.3893,no_charge
149400,9.0,2c,804.0,240,240,0.2985,no_charge
148200,10.0,2c,525.0,138,132,0.2629,no_charge
148600,10.0,2c,648.0,192,192,0.2963,no_charge
155801,10.0,2c,438.0,111,111,0.2534,no_charge
123600,4.0,2c,759.0,162,123,0.2134,no_charge
122600,4.0,2c,465.0,69,69,0.1484,no_charge
123400,5.0,2c,771.0,141,96,0.1829,no_charge
131801,6.0,2c,381.0,0,0,0.0,no_charge
132900,8.0,2c,471.0,180,159,0.3822,no_charge
117500,4.0,2c,678.0,96,96,0.1416,no_charge
131500,7.0,2c,591.0,216,192,0.3655,no_charge
130902,4.0,2c,492.0,126,126,0.2561,no_charge
130801,9.0,2c,399.0,141,141,0.3534,no_charge
130100,7.0,2c,645.0,192,192,0.2977,no_charge
129600,8.0,2c,738.0,219,219,0.2967,no_charge
130901,7.0,2c,570.0,183,183,0.3211,no_charge
145800,9.0,2c,933.0,0,0,0.0,no_charge
144700,9.0,2c,720.0,0,0,0.0,no_charge
137100,9.0,2c,435.0,177,138,0.4069,no_charge
162400,4.0,2c,627.0,48,48,0.0766,no_charge
128902,8.0,2c,348.0,96,96,0.2759,no_charge
128901,7.0,2c,384.0,117,117,0.3047,no_charge
129501,8.0,2c,564.0,165,165,0.2926,no_charge
144001,1.0,2c,681.0,0,0,0.0,no_charge
145102,4.0,2c,234.0,0,0,0.0,no_charge
145101,2.0,2c,612.0,0,0,0.0,no_charge
124000,6.0,2c,939.0,159,123,0.1693,no_charge
124600,6.0,2c,435.0,54,45,0.1241,no_charge
122700,6.0,2c,786.0,126,120,0.1603,no_charge
123300,4.0,2c,894.0,177,168,0.198,no_charge
123100,6.0,2c,636.0,96,75,0.1509,no_charge
153100,3.0,2c,516.0,141,141,0.2733,no_charge
158502,6.0,2c,564.0,144,144,0.2553,no_charge
158501,8.0,2c,300.0,75,75,0.25,no_charge
136100,6.0,2c,84.0,0,0,0.0,no_charge
136002,4.0,2c,126.0,0,0,0.0,no_charge
153000,10.0,2c,369.0,108,81,0.2927,no_charge
137300,6.0,2c,174.0,63,54,0.3621,no_charge
138000,4.0,2c,459.0,171,156,0.3725,no_charge
119100,1.0,2c,705.0,105,105,0.1489,no_charge
119400,1.0,2c,390.0,66,66,0.1692,no_charge
118900,1.0,2c,804.0,162,150,0.2015,no_charge
142202,3.0,2c,375.0,0,0,0.0,no_charge
142201,4.0,2c,315.0,0,0,0.0,no_charge
143800,5.0,2c,666.0,0,0,0.0,no_charge
132800,3.0,2c,639.0,0,0,0.0,no_charge
133500,4.0,2c,195.0,0,0,0.0,no_charge
131600,3.0,2c,486.0,0,0,0.0,no_charge
132100,7.0,2c,447.0,0,0,0.0,no_charge
115700,1.0,2c,579.0,30,30,0.0518,no_charge
116200,3.0,2c,465.0,27,27,0.0581,no_charge
148800,5.0,2c,348.0,102,102,0.2931,no_charge
149300,7.0,2c,645.0,210,180,0.3256,no_charge
147800,2.0,2c,606.0,189,189,0.3119,no_charge
164500,7.0,2c,555.0,15,15,0.027,no_charge
150000,10.0,2c,672.0,168,156,0.25,no_charge
151200,10.0,2c,600.0,159,150,0.265,no_charge
163902,4.0,2c,117.0,18,18,0.1538,no_charge
112800,3.0,2c,288.0,0,0,0.0,no_charge
128800,3.0,2c,894.0,285,219,0.3188,no_charge
112401,6.0,2c,687.0,30,30,0.0437,no_charge
112301,4.0,2c,288.0,0,0,0.0,no_charge
127500,9.0,2c,111.0,33,33,0.2973,no_charge
128401,8.0,2c,924.0,267,267,0.289,no_charge
124301,9.0,2c,594.0,132,132,0.2222,no_charge
125100,6.0,2c,0.0,0,0,0.0,no_charge
125701,8.0,2c,570.0,138,138,0.2421,no_charge
124900,9.0,2c,597.0,144,144,0.2412,no_charge
126701,9.0,2c,219.0,36,36,0.1644,no_charge
127900,8.0,2c,354.0,87,87,0.2458,no_charge
124700,4.0,2c,195.0,18,18,0.0923,no_charge
127801,9.0,2c,426.0,99,99,0.2324,no_charge
126702,8.0,2c,471.0,108,108,0.2293,no_charge
129700,1.0,2c,471.0,0,0,0.0,no_charge
151301,6.0,2c,873.0,276,276,0.3162,no_charge
126200,4.0,2c,867.0,228,174,0.263,no_charge
125600,6.0,2c,684.0,141,105,0.2061,no_charge
125800,3.0,2c,747.0,222,147,0.2972,no_charge
159600,7.0,2c,552.0,108,108,0.1957,no_charge
160300,7.0,2c,615.0,114,114,0.1854,no_charge
142901,5.0,2c,456.0,0,0,0.0,no_charge
142002,5.0,2c,201.0,0,0,0.0,no_charge
143600,2.0,2c,639.0,0,0,0.0,no_charge
158300,6.0,2c,1083.0,0,0,0.0,no_charge
162500,3.0,2c,447.0,66,66,0.1477,no_charge
133400,9.0,2c,78.0,0,0,0.0,no_charge
132700,8.0,2c,27.0,0,0,0.0,no_charge
133800,8.0,2c,21.0,0,0,0.0,no_charge
119201,3.0,2c,285.0,42,42,0.1474,no_charge
120201,1.0,2c,735.0,222,222,0.302,no_charge
120202,1.0,2c,1272.0,372,372,0.2925,no_charge
120203,1.0,2c,612.0,195,195,0.3186,no_charge
159202,10.0,2c,546.0,126,126,0.2308,no_charge
159101,9.0,2c,588.0,87,87,0.148,no_charge
159201,10.0,2c,366.0,78,78,0.2131,no_charge
152000,4.0,2c,825.0,288,282,0.3491,no_charge
152400,4.0,2c,900.0,231,231,0.2567,no_charge
150400,5.0,2c,993.0,336,330,0.3384,no_charge
154500,6.0,2c,399.0,123,123,0.3083,no_charge
165200,2.0,2c,285.0,33,33,0.1158,no_charge
119301,,2c,0.0,0,0,0.0,no_charge
110800,6.0,2c,378.0,6,6,0.0159,no_charge
159801,2.0,2c,291.0,21,21,0.0722,no_charge
163400,1.0,2c,666.0,150,150,0.2252,no_charge
134302,7.0,2c,21.0,0,0,0.0,no_charge
134301,5.0,2c,42.0,0,0,0.0,no_charge
111601,1.0,2c,153.0,0,0,0.0,no_charge
111602,2.0,2c,252.0,6,6,0.0238,no_charge
134700,3.0,2c,540.0,225,225,0.4167,no_charge
162701,6.0,2c,384.0,24,24,0.0625,no_charge
130500,9.0,2c,489.0,198,198,0.4049,no_charge
131000,9.0,2c,495.0,150,150,0.303,no_charge
164900,2.0,2c,213.0,12,12,0.0563,no_charge
161400,5.0,2c,582.0,81,81,0.1392,no_charge
134400,5.0,2c,564.0,0,0,0.0,no_charge
113600,2.0,2c,501.0,18,18,0.0359,no_charge
141801,1.0,2c,366.0,0,0,0.0,no_charge
141802,1.0,2c,333.0,0,0,0.0,no_charge
132501,2.0,2c,324.0,105,105,0.3241,no_charge
116101,6.0,2c,315.0,27,27,0.0857,no_charge
114701,5.0,2c,264.0,21,21,0.0795,no_charge
115001,1.0,2c,1278.0,273,273,0.2136,no_charge
115002,1.0,2c,450.0,108,108,0.24,no_charge
137500,1.0,2c,375.0,141,141,0.376,no_charge
160601,10.0,2c,465.0,84,84,0.1806,no_charge
116500,1.0,2c,516.0,84,84,0.1628,no_charge
140901,5.0,2c,546.0,0,0,0.0,no_charge
140902,3.0,2c,276.0,0,0,0.0,no_charge
111901,4.0,2c,153.0,0,0,0.0,no_charge
120500,3.0,2c,531.0,72,57,0.1356,no_charge
120800,2.0,2c,552.0,90,78,0.163,no_charge
146800,7.0,2c,585.0,249,210,0.4256,no_charge
146100,6.0,2c,786.0,312,312,0.3969,no_charge
150200,10.0,2c,570.0,162,138,0.2842,no_charge
153301,8.0,2c,495.0,132,120,0.2667,no_charge
151600,10.0,2c,624.0,147,147,0.2356,no_charge
147500,8.0,2c,861.0,330,282,0.3833,no_charge
148501,10.0,2c,537.0,153,135,0.2849,no_charge
151000,10.0,2c,684.0,147,147,0.2149,no_charge
152800,8.0,2c,813.0,228,228,0.2804,no_charge
148901,10.0,2c,561.0,138,138,0.246,no_charge
115800,4.0,2c,678.0,51,51,0.0752,no_charge
115200,3.0,2c,444.0,15,15,0.0338,no_charge
155500,9.0,2c,153.0,21,21,0.1373,no_charge
160100,9.0,2c,705.0,147,147,0.2085,no_charge
160800,10.0,2c,501.0,96,96,0.1916,no_charge
160902,10.0,2c,357.0,75,75,0.2101,no_charge
160901,9.0,2c,441.0,72,72,0.1633,no_charge
157400,1.0,2c,564.0,93,93,0.1649,no_charge
120600,8.0,2c,594.0,180,180,0.303,no_charge
122501,8.0,2c,747.0,180,180,0.241,no_charge
117003,8.0,2c,15.0,6,6,0.4,no_charge
152101,9.0,2c,657.0,213,186,0.3242,no_charge
152600,9.0,2c,282.0,63,42,0.2234,no_charge
151800,10.0,2c,705.0,171,123,0.2426,no_charge
120900,8.0,2c,600.0,117,117,0.195,no_charge
122901,8.0,2c,744.0,192,192,0.2581,no_charge
121701,7.0,2c,597.0,141,141,0.2362,no_charge
139300,2.0,2c,471.0,0,0,0.0,no_charge
128301,9.0,2c,621.0,168,168,0.2705,no_charge
143200,2.0,2c,537.0,0,0,0.0,no_charge
141900,2.0,2c,444.0,0,0,0.0,no_charge
150600,1.0,2c,948.0,276,276,0.2911,no_charge
156101,3.0,2c,606.0,171,171,0.2822,no_charge
152700,,2c,12.0,0,0,0.0,no_charge
125900,1.0,2c,219.0,45,24,0.2055,no_charge
125400,4.0,2c,537.0,159,108,0.2961,no_charge
113401,1.0,2c,381.0,33,33,0.0866,no_charge
113101,1.0,2c,648.0,60,60,0.0926,no_charge
112902,1.0,2c,219.0,12,12,0.0548,no_charge
113300,1.0,2c,885.0,90,90,0.1017,no_charge
141101,2.0,2c,480.0,0,0,0.0,no_charge
141102,2.0,2c,273.0,0,0,0.0,no_charge
157800,3.0,2c,795.0,213,213,0.2679,no_charge
158200,4.0,2c,891.0,228,228,0.2559,no_charge
133600,5.0,2c,702.0,0,0,0.0,no_charge
134200,4.0,2c,639.0,0,0,0.0,no_charge
132200,7.0,2c,645.0,0,0,0.0,no_charge
135200,3.0,2c,390.0,0,0,0.0,no_charge
131900,7.0,2c,402.0,0,0,0.0,no_charge
139000,4.0,2c,444.0,0,0,0.0,no_charge
137800,6.0,2c,465.0,0,0,0.0,no_charge
137701,7.0,2c,123.0,0,0,0.0,no_charge
139900,3.0,2c,669.0,0,0,0.0,no_charge
138400,3.0,2c,672.0,0,0,0.0,no_charge
142101,5.0,2c,765.0,0,0,0.0,no_charge
140400,8.0,2c,522.0,0,0,0.0,no_charge
140700,10.0,2c,240.0,0,0,0.0,no_charge
139802,7.0,2c,327.0,0,0,0.0,no_charge
139700,7.0,2c,669.0,0,0,0.0,no_charge
140601,9.0,2c,237.0,0,0,0.0,no_charge
141300,4.0,2c,606.0,0,0,0.0,no_charge
142301,9.0,2c,459.0,0,0,0.0,no_charge
139601,6.0,2c,555.0,0,0,0.0,no_charge
139801,7.0,2c,342.0,0,0,0.0,no_charge
140300,6.0,2c,474.0,0,0,0.0,no_charge
147201,8.0,2c,522.0,0,0,0.0,no_charge
146501,7.0,2c,648.0,0,0,0.0,no_charge
146201,7.0,2c,687.0,0,0,0.0,no_charge
147202,8.0,2c,561.0,0,0,0.0,no_charge
147700,,2c,0.0,0,0,0.0,no_charge
146000,5.0,2c,396.0,0,0,0.0,no_charge
145300,6.0,2c,471.0,0,0,0.0,no_charge
149500,10.0,2c,519.0,0,0,0.0,no_charge
149100,8.0,2c,774.0,0,0,0.0,no_charge
146600,7.0,2c,732.0,0,0,0.0,no_charge
114500,2.0,2c,123.0,9,9,0.0732,no_charge
115300,2.0,2c,114.0,6,6,0.0526,no_charge
120000,2.0,2c,351.0,63,63,0.1795,no_charge
119500,2.0,2c,414.0,84,84,0.2029,no_charge
130700,2.0,2c,654.0,162,162,0.2477,no_charge
133900,8.0,2c,30.0,0,0,0.0,no_charge
135600,8.0,2c,420.0,162,156,0.3857,no_charge
132300,8.0,2c,495.0,189,189,0.3818,no_charge
132600,8.0,2c,450.0,162,162,0.36,no_charge
134900,8.0,2c,471.0,198,198,0.4204,no_charge
136501,7.0,2c,462.0,195,183,0.4221,no_charge
136502,6.0,2c,300.0,111,111,0.37,no_charge
138302,8.0,2c,393.0,0,0,0.0,no_charge
136601,7.0,2c,618.0,0,0,0.0,no_charge
138301,6.0,2c,264.0,0,0,0.0,no_charge
138501,7.0,2c,222.0,0,0,0.0,no_charge
138502,3.0,2c,63.0,0,0,0.0,no_charge
118600,7.0,2c,75.0,0,0,0.0,no_charge
127100,7.0,2c,456.0,132,75,0.2895,no_charge
128200,1.0,2c,603.0,264,114,0.4378,no_charge
127300,3.0,2c,465.0,180,102,0.3871,no_charge
128101,3.0,2c,399.0,129,84,0.3233,no_charge
117700,4.0,2c,720.0,78,78,0.1083,no_charge
153700,2.0,2c,597.0,171,171,0.2864,no_charge
153900,2.0,2c,390.0,84,84,0.2154,no_charge
110201,7.0,2c,255.0,0,0,0.0,no_charge
114801,2.0,2c,210.0,6,6,0.0286,no_charge
142802,5.0,2c,471.0,0,0,0.0,no_charge
142801,7.0,2c,375.0,0,0,0.0,no_charge
145000,7.0,2c,603.0,0,0,0.0,no_charge
144300,7.0,2c,828.0,0,0,0.0,no_charge
144101,5.0,2c,741.0,0,0,0.0,no_charge
145500,8.0,2c,150.0,0,0,0.0,no_charge
164001,7.0,2c,726.0,114,114,0.157,no_charge
140100,7.0,2c,486.0,0,0,0.0,no_charge
139201,4.0,2c,504.0,0,0,0.0,no_charge
145200,10.0,2c,420.0,0,0,0.0,no_charge
130000,1.0,2c,309.0,63,63,0.2039,no_charge
113000,6.0,2c,447.0,24,24,0.0537,no_charge
112701,1.0,2c,783.0,57,57,0.0728,no_charge
112901,5.0,2c,456.0,21,21,0.0461,no_charge
112702,1.0,2c,90.0,0,0,0.0,no_charge
158101,5.0,2c,1053.0,258,258,0.245,no_charge
158601,5.0,2c,780.0,183,183,0.2346,no_charge
157301,4.0,2c,447.0,108,108,0.2416,no_charge
158102,4.0,2c,1038.0,246,246,0.237,no_charge
158603,2.0,2c,174.0,36,36,0.2069,no_charge
150101,10.0,2c,141.0,51,6,0.3617,no_charge
150900,9.0,2c,420.0,189,189,0.45,no_charge
149600,,2c,0.0,0,0,0.0,no_charge
150302,10.0,2c,297.0,129,36,0.4343,no_charge
150301,10.0,2c,252.0,81,9,0.3214,no_charge
151900,9.0,2c,618.0,249,90,0.4029,no_charge
151400,10.0,2c,558.0,186,123,0.3333,no_charge
154400,10.0,2c,345.0,51,51,0.1478,no_charge
155100,10.0,2c,627.0,129,129,0.2057,no_charge
155702,10.0,2c,453.0,84,84,0.1854,no_charge
155701,10.0,2c,297.0,69,69,0.2323,no_charge
153500,10.0,2c,465.0,99,99,0.2129,no_charge
117600,4.0,2c,633.0,87,87,0.1374,no_charge
117800,4.0,2c,384.0,36,24,0.0938,no_charge
136801,7.0,2c,342.0,0,0,0.0,no_charge
135500,7.0,2c,531.0,0,0,0.0,no_charge
163100,6.0,2c,777.0,129,129,0.166,no_charge
149800,7.0,2c,801.0,354,309,0.4419,no_charge
150700,7.0,2c,690.0,225,198,0.3261,no_charge
150500,6.0,2c,543.0,186,165,0.3425,no_charge
151500,7.0,2c,771.0,330,291,0.428,no_charge
148102,6.0,2c,561.0,255,195,0.4545,no_charge
149001,8.0,2c,489.0,204,159,0.4172,no_charge
147100,8.0,2c,708.0,0,0,0.0,no_charge
145400,9.0,2c,0.0,0,0,0.0,no_charge
146700,9.0,2c,21.0,0,0,0.0,no_charge
163200,9.0,2c,639.0,102,102,0.1596,no_charge
163901,9.0,2c,540.0,93,93,0.1722,no_charge
163502,10.0,2c,483.0,75,75,0.1553,no_charge
164100,10.0,2c,6.0,0,0,0.0,no_charge
163501,10.0,2c,312.0,63,63,0.2019,no_charge
163600,10.0,2c,378.0,60,60,0.1587,no_charge
163001,9.0,2c,714.0,90,90,0.1261,no_charge
163301,9.0,2c,345.0,48,48,0.1391,no_charge
162800,8.0,2c,276.0,39,39,0.1413,no_charge
154902,8.0,2c,702.0,165,165,0.235,no_charge
154901,8.0,2c,738.0,165,147,0.2236,no_charge
155602,9.0,2c,693.0,156,156,0.2251,no_charge
154001,9.0,2c,783.0,213,189,0.272,no_charge
155601,9.0,2c,675.0,162,162,0.24,no_charge
154801,9.0,2c,582.0,147,147,0.2526,no_charge
156201,8.0,2c,768.0,162,150,0.2109,no_charge
155901,9.0,2c,654.0,132,120,0.2018,no_charge
154802,9.0,2c,807.0,210,189,0.2602,no_charge
112200,8.0,2c,141.0,0,0,0.0,no_charge
116601,5.0,2c,447.0,51,51,0.1141,no_charge
116300,2.0,2c,99.0,0,0,0.0,no_charge
137400,3.0,2c,459.0,0,0,0.0,no_charge
136400,5.0,2c,537.0,0,0,0.0,no_charge
163801,1.0,2c,294.0,12,12,0.0408,no_charge
163803,3.0,2c,249.0,6,6,0.0241,no_charge
145900,6.0,2c,54.0,0,0,0.0,no_charge
124100,4.0,2c,108.0,6,6,0.0556,no_charge
118501,4.0,2c,372.0,45,45,0.121,no_charge
118502,5.0,2c,423.0,54,54,0.1277,no_charge
129902,5.0,2c,546.0,0,0,0.0,no_charge
129901,1.0,2c,402.0,0,0,0.0,no_charge
129201,4.0,2c,411.0,0,0,0.0,no_charge
146301,10.0,2c,222.0,0,0,0.0,no_charge
146302,10.0,2c,267.0,0,0,0.0,no_charge
156301,2.0,2c,600.0,138,138,0.23,no_charge
131200,3.0,2c,465.0,0,0,0.0,no_charge
130400,4.0,2c,318.0,0,0,0.0,no_charge
157000,8.0,2c,543.0,135,126,0.2486,no_charge
156500,8.0,2c,918.0,213,201,0.232,no_charge
156700,8.0,2c,486.0,87,87,0.179,no_charge
111200,3.0,2c,900.0,60,60,0.0667,no_charge
166000,10.0,2c,15.0,0,0,0.0,no_charge
166100,6.0,2c,336.0,30,30,0.0893,no_charge
165301,7.0,2c,408.0,30,30,0.0735,no_charge
165302,10.0,2c,462.0,51,51,0.1104,no_charge
165502,5.0,2c,771.0,81,81,0.1051,no_charge
165501,9.0,2c,924.0,69,69,0.0747,no_charge
165001,6.0,2c,309.0,6,6,0.0194,no_charge
133301,8.0,2c,87.0,0,0,0.0,no_charge
133200,8.0,2c,12.0,0,0,0.0,no_charge
134100,8.0,2c,57.0,0,0,0.0,no_charge
165101,2.0,2c,681.0,108,108,0.1586,no_charge
161000,8.0,2c,468.0,96,96,0.2051,no_charge
161300,10.0,2c,597.0,144,144,0.2412,no_charge
123800,9.0,2c,555.0,126,126,0.227,no_charge
123000,9.0,2c,651.0,135,135,0.2074,no_charge
125000,8.0,2c,501.0,147,147,0.2934,no_charge
124200,7.0,2c,540.0,117,117,0.2167,no_charge
114000,3.0,2c,834.0,63,63,0.0755,no_charge
113900,2.0,2c,534.0,42,42,0.0787,no_charge
164201,10.0,2c,366.0,57,57,0.1557,no_charge
155200,4.0,2c,615.0,156,156,0.2537,no_charge
143100,3.0,2c,825.0,0,0,0.0,no_charge
142400,1.0,2c,534.0,0,0,0.0,no_charge
140500,1.0,2c,603.0,0,0,0.0,no_charge
141000,4.0,2c,687.0,0,0,0.0,no_charge
141600,1.0,2c,459.0,0,0,0.0,no_charge
143900,3.0,2c,456.0,0,0,0.0,no_charge
140000,2.0,2c,744.0,0,0,0.0,no_charge
139400,2.0,2c,366.0,0,0,0.0,no_charge
115901,1.0,2c,759.0,153,153,0.2016,no_charge
113700,,2c,0.0,0,0,0.0,no_charge
157200,10.0,2c,324.0,66,66,0.2037,no_charge
156800,10.0,2c,351.0,63,63,0.1795,no_charge
165800,6.0,2c,615.0,66,66,0.1073,no_charge
165700,7.0,2c,375.0,15,15,0.04,no_charge
128700,,2c,0.0,0,0,0.0,no_charge
163700,9.0,2c,846.0,156,156,0.1844,no_charge
119000,1.0,2c,537.0,108,108,0.2011,no_charge
160000,10.0,2c,765.0,123,123,0.1608,no_charge
159900,10.0,2c,561.0,111,111,0.1979,no_charge
121600,7.0,2c,909.0,228,228,0.2508,no_charge
122300,9.0,2c,654.0,168,168,0.2569,no_charge
143400,6.0,2c,486.0,0,0,0.0,no_charge
142600,5.0,2c,429.0,0,0,0.0,no_charge
164601,7.0,2c,60.0,0,0,0.0,no_charge
143000,1.0,2c,690.0,0,0,0.0,no_charge
143500,2.0,2c,870.0,0,0,0.0,no_charge
142700,1.0,2c,738.0,0,0,0.0,no_charge
144500,6.0,2c,612.0,0,0,0.0,no_charge
143700,2.0,2c,546.0,0,0,0.0,no_charge
130200,2.0,2c,267.0,0,0,0.0,no_charge
137000,8.0,2c,252.0,0,0,0.0,no_charge
138200,7.0,2c,570.0,0,0,0.0,no_charge
136300,5.0,2c,639.0,0,0,0.0,no_charge
137600,5.0,2c,420.0,0,0,0.0,no_charge
111400,1.0,2c,138.0,0,0,0.0,no_charge
156601,3.0,2c,657.0,156,156,0.2374,no_charge
118400,2.0,2c,909.0,156,156,0.1716,no_charge
154300,1.0,2c,795.0,207,207,0.2604,no_charge
133700,6.0,2c,36.0,0,0,0.0,no_charge
113800,6.0,2c,111.0,0,0,0.0,no_charge
114101,4.0,2c,183.0,12,12,0.0656,no_charge
111700,5.0,2c,807.0,6,6,0.0074,no_charge
153800,2.0,2c,1026.0,336,336,0.3275,no_charge
110700,6.0,2c,489.0,33,33,0.0675,no_charge
135800,7.0,2c,198.0,108,33,0.5455,no_charge
131400,1.0,2c,243.0,33,33,0.1358,no_charge
115100,5.0,2c,570.0,6,6,0.0105,no_charge
114600,3.0,2c,549.0,18,18,0.0328,no_charge
114102,1.0,2c,129.0,0,0,0.0,no_charge
145700,1.0,2c,351.0,0,0,0.0,no_charge
144900,1.0,2c,393.0,0,0,0.0,no_charge
126100,4.0,2c,486.0,96,96,0.1975,no_charge
126000,3.0,2c,627.0,141,141,0.2249,no_charge
155000,2.0,2c,759.0,99,99,0.1304,no_charge
149200,5.0,2c,705.0,273,243,0.3872,no_charge
148101,2.0,2c,390.0,147,141,0.3769,no_charge
121300,6.0,2c,573.0,75,51,0.1309,no_charge
121200,6.0,2c,501.0,87,72,0.1737,no_charge
129101,7.0,2c,678.0,207,207,0.3053,no_charge
129000,8.0,2c,420.0,132,132,0.3143,no_charge
150800,10.0,2c,663.0,195,141,0.2941,no_charge
122001,5.0,2c,777.0,213,213,0.2741,no_charge
121100,3.0,2c,471.0,99,99,0.2102,no_charge
147400,8.0,2c,0.0,0,0,0.0,no_charge
135900,9.0,2c,12.0,0,0,0.0,no_charge
135100,9.0,2c,21.0,0,0,0.0,no_charge
135300,9.0,2c,66.0,0,0,0.0,no_charge
162200,6.0,2c,117.0,18,18,0.1538,no_charge
162102,4.0,2c,885.0,189,189,0.2136,no_charge
161700,,2c,0.0,0,0,0.0,no_charge
162602,9.0,2c,417.0,99,99,0.2374,no_charge
161600,9.0,2c,396.0,66,66,0.1667,no_charge
162101,6.0,2c,987.0,228,228,0.231,no_charge
162601,5.0,2c,435.0,84,84,0.1931,no_charge
162000,10.0,2c,414.0,57,57,0.1377,no_charge
126801,4.0,2c,432.0,123,63,0.2847,no_charge
128601,3.0,2c,351.0,102,60,0.2906,no_charge
126601,6.0,2c,468.0,117,87,0.25,no_charge
164401,6.0,2c,588.0,9,9,0.0153,no_charge
147002,9.0,2c,189.0,0,0,0.0,no_charge
147001,10.0,2c,339.0,0,0,0.0,no_charge
116401,4.0,2c,288.0,42,42,0.1458,no_charge
111500,2.0,2c,297.0,0,0,0.0,no_charge
124500,7.0,2c,630.0,231,231,0.3667,no_charge
125300,5.0,2c,507.0,144,144,0.284,no_charge
123200,6.0,2c,747.0,321,321,0.4297,no_charge
124800,6.0,2c,921.0,366,366,0.3974,no_charge
127002,7.0,2c,609.0,240,240,0.3941,no_charge
126401,8.0,2c,567.0,195,195,0.3439,no_charge
127701,8.0,2c,363.0,99,99,0.2727,no_charge
128501,7.0,2c,630.0,159,159,0.2524,no_charge
127001,7.0,2c,702.0,255,246,0.3632,no_charge
145600,6.0,2c,726.0,0,0,0.0,no_charge
156400,1.0,2c,1164.0,225,225,0.1933,no_charge
159301,3.0,2c,984.0,234,234,0.2378,no_charge
135700,7.0,2c,18.0,0,0,0.0,no_charge
141201,3.0,2c,291.0,0,0,0.0,no_charge
142001,6.0,2c,441.0,0,0,0.0,no_charge
115400,2.0,2c,270.0,9,9,0.0333,no_charge
135401,2.0,2c,666.0,300,291,0.4505,no_charge
136700,1.0,2c,795.0,351,351,0.4415,no_charge
117202,2.0,2c,486.0,57,57,0.1173,no_charge
117201,4.0,2c,552.0,57,57,0.1033,no_charge
159000,6.0,2c,753.0,174,174,0.2311,no_charge
121500,5.0,2c,672.0,93,66,0.1384,no_charge
121901,6.0,2c,762.0,135,108,0.1772,no_charge
157101,2.0,2c,810.0,174,174,0.2148,no_charge
158900,1.0,2c,294.0,42,42,0.1429,no_charge
163302,3.0,2c,543.0,138,138,0.2541,no_charge
120400,5.0,2c,768.0,96,66,0.125,no_charge
119901,3.0,2c,528.0,42,27,0.0795,no_charge
132400,6.0,2c,234.0,0,0,0.0,no_charge
114400,3.0,2c,555.0,24,24,0.0432,no_charge
114902,2.0,2c,408.0,0,0,0.0,no_charge
117900,2.0,2c,786.0,114,114,0.145,no_charge
127601,3.0,2c,339.0,66,66,0.1947,no_charge
164603,5.0,2c,414.0,30,30,0.0725,no_charge
112600,1.0,2c,330.0,36,36,0.1091,no_charge
142501,3.0,2c,399.0,0,0,0.0,no_charge
134600,1.0,2c,462.0,201,201,0.4351,no_charge
114201,1.0,2c,177.0,9,9,0.0508,no_charge
112101,3.0,2c,282.0,0,0,0.0,no_charge
113201,5.0,2c,303.0,27,27,0.0891,no_charge
123500,6.0,2c,0.0,0,0,0.0,no_charge
118001,4.0,2c,303.0,24,24,0.0792,no_charge
117100,3.0,2c,135.0,12,12,0.0889,no_charge
128000,6.0,2c,93.0,18,18,0.1935,no_charge
112500,2.0,2c,318.0,18,18,0.0566,no_charge
164700,7.0,2c,249.0,9,9,0.0361,no_charge
164800,6.0,2c,369.0,0,0,0.0,no_charge
111300,5.0,2c,921.0,6,6,0.0065,no_charge
111100,4.0,2c,501.0,0,0,0.0,no_charge
131100,8.0,2c,726.0,0,0,0.0,no_charge
161500,5.0,2c,453.0,105,105,0.2318,no_charge
161201,10.0,2c,519.0,105,105,0.2023,no_charge
161100,4.0,2c,930.0,159,159,0.171,no_charge
110501,8.0,2c,369.0,0,0,0.0,no_charge
139100,10.0,2c,174.0,99,78,0.569,pays_without_alternative
138800,8.0,2c,0.0,0,0,0.0,no_charge
137901,10.0,2c,291.0,156,132,0.5361,no_charge
120301,3.0,2c,687.0,153,153,0.2227,no_charge
120701,3.0,2c,690.0,156,156,0.2261,no_charge
119800,9.0,2c,840.0,177,177,0.2107,no_charge
126901,4.0,2c,777.0,192,192,0.2471,no_charge
118800,,2c,0.0,0,0,0.0,no_charge
119600,6.0,2c,627.0,186,186,0.2967,no_charge
125500,5.0,2c,474.0,138,93,0.2911,no_charge
129800,2.0,2c,378.0,0,0,0.0,no_charge
130300,3.0,2c,546.0,0,0,0.0,no_charge
160202,9.0,2c,534.0,93,93,0.1742,no_charge
160501,10.0,2c,420.0,84,84,0.2,no_charge
160700,9.0,2c,708.0,123,123,0.1737,no_charge
160201,9.0,2c,366.0,57,57,0.1557,no_charge
114901,4.0,2c,528.0,15,15,0.0284,no_charge
117001,2.0,2c,1347.0,327,327,0.2428,no_charge
117002,5.0,2c,210.0,63,63,0.3,no_charge
119700,4.0,2c,186.0,15,15,0.0806,no_charge
158402,10.0,2c,324.0,96,96,0.2963,no_charge
158401,10.0,2c,396.0,102,102,0.2576,no_charge
157600,10.0,2c,36.0,6,6,0.1667,no_charge
131300,2.0,2c,63.0,0,0,0.0,no_charge
127200,8.0,3b,78.0,66,24,0.8462,pays_with_alternative
117300,7.0,3b,189.0,132,27,0.6984,pays_with_alternative
116701,3.0,3b,894.0,870,702,0.9732,pays_without_alternative
118100,5.0,3b,666.0,645,180,0.9685,pays_with_alternative
117400,4.0,3b,402.0,372,288,0.9254,pays_without_alternative
160401,6.0,3b,834.0,654,618,0.7842,pays_without_alternative
165400,1.0,3b,603.0,234,234,0.3881,no_charge
134500,7.0,3b,84.0,84,57,1.0,pays_without_alternative
153600,9.0,3b,396.0,396,333,1.0,pays_without_alternative
153200,9.0,3b,216.0,207,177,0.9583,pays_without_alternative
154202,9.0,3b,477.0,477,459,1.0,pays_without_alternative
154201,9.0,3b,582.0,567,498,0.9742,pays_without_alternative
112102,1.0,3b,0.0,0,0,0.0,no_charge
166400,2.0,3b,423.0,210,210,0.4965,no_charge
162300,5.0,3b,153.0,87,87,0.5686,pays_without_alternative
155401,6.0,3b,462.0,225,225,0.487,no_charge
116000,3.0,3b,204.0,48,48,0.2353,no_charge
147900,10.0,3b,60.0,24,24,0.4,no_charge
134800,8.0,3b,0.0,0,0,0.0,no_charge
133100,8.0,3b,396.0,384,225,0.9697,pays_without_alternative
132002,6.0,3b,387.0,381,249,0.9845,pays_without_alternative
132001,8.0,3b,480.0,474,321,0.9875,pays_without_alternative
130601,8.0,3b,726.0,720,531,0.9917,pays_without_alternative
135000,8.0,3b,834.0,795,558,0.9532,pays_without_alternative
131700,9.0,3b,708.0,699,462,0.9873,pays_without_alternative
116801,3.0,3b,762.0,642,522,0.8425,pays_without_alternative
149901,7.0,3b,636.0,126,126,0.1981,no_charge
138100,5.0,3b,537.0,324,186,0.6034,no_charge
156901,5.0,3b,1074.0,573,573,0.5335,pays_without_alternative
129400,4.0,3b,453.0,129,129,0.2848,no_charge
121001,5.0,3b,873.0,849,543,0.9725,pays_without_alternative
122101,4.0,3b,696.0,684,522,0.9828,pays_without_alternative
121401,4.0,3b,468.0,453,306,0.9679,pays_without_alternative
122400,8.0,3b,729.0,561,423,0.7695,pays_without_alternative
123900,1.0,3b,606.0,426,333,0.703,pays_without_alternative
121800,3.0,3b,681.0,495,369,0.7269,pays_without_alternative
129300,4.0,3b,501.0,180,165,0.3593,no_charge
120101,5.0,3b,84.0,84,84,1.0,pays_without_alternative
122802,5.0,3b,600.0,447,399,0.745,pays_without_alternative
122801,7.0,3b,402.0,318,225,0.791,pays_without_alternative
124401,5.0,3b,795.0,600,543,0.7547,pays_without_alternative
126500,4.0,3b,450.0,354,210,0.7867,pays_without_alternative
125202,1.0,3b,237.0,219,168,0.9241,pays_without_alternative
127400,1.0,3b,531.0,351,321,0.661,pays_without_alternative
125201,2.0,3b,408.0,309,243,0.7574,pays_without_alternative
137202,6.0,3b,519.0,432,387,0.8324,pays_without_alternative
139501,6.0,3b,363.0,285,273,0.7851,pays_without_alternative
137201,7.0,3b,423.0,339,324,0.8014,pays_without_alternative
138600,6.0,3b,396.0,306,306,0.7727,pays_without_alternative
138901,4.0,3b,519.0,414,387,0.7977,pays_without_alternative
166301,3.0,3b,462.0,255,255,0.5519,pays_without_alternative
154600,,3b,0.0,0,0,0.0,no_charge
152900,4.0,3b,498.0,243,243,0.488,no_charge
152201,4.0,3b,846.0,390,390,0.461,no_charge
156000,7.0,3b,6.0,0,0,0.0,no_charge
158602,2.0,3b,546.0,348,348,0.6374,pays_without_alternative
118300,5.0,3b,579.0,453,333,0.7824,pays_without_alternative
118700,3.0,3b,582.0,510,447,0.8763,pays_without_alternative
118200,4.0,3b,921.0,822,669,0.8925,pays_without_alternative
166200,4.0,3b,273.0,69,69,0.2527,no_charge
148300,5.0,3b,333.0,141,141,0.4234,no_charge
149701,5.0,3b,567.0,267,267,0.4709,no_charge
146400,3.0,3b,564.0,237,237,0.4202,no_charge
149702,6.0,3b,312.0,135,135,0.4327,no_charge
158800,10.0,3b,684.0,675,540,0.9868,pays_without_alternative
152500,4.0,3b,294.0,147,147,0.5,pays_without_alternative
122200,1.0,3b,537.0,372,360,0.6927,pays_without_alternative
165600,2.0,3b,387.0,183,183,0.4729,no_charge
110400,5.0,3b,690.0,39,39,0.0565,no_charge
123701,1.0,3b,441.0,276,216,0.6259,pays_without_alternative
123702,2.0,3b,327.0,204,141,0.6239,pays_without_alternative
157500,8.0,3b,747.0,453,453,0.6064,pays_without_alternative
126300,2.0,3b,579.0,399,372,0.6891,pays_without_alternative
134000,1.0,3b,171.0,36,36,0.2105,no_charge
159401,3.0,3b,315.0,192,192,0.6095,pays_without_alternative
159700,10.0,3b,276.0,258,219,0.9348,pays_without_alternative
158700,10.0,3b,552.0,546,429,0.9891,pays_without_alternative
159500,10.0,3b,570.0,546,426,0.9579,pays_without_alternative
162901,2.0,3b,282.0,132,132,0.4681,no_charge
157702,10.0,3b,459.0,321,321,0.6993,pays_without_alternative
157701,10.0,3b,450.0,309,246,0.6867,pays_without_alternative
157901,9.0,3b,609.0,456,450,0.7488,pays_without_alternative
165901,4.0,3b,660.0,153,153,0.2318,no_charge
115501,1.0,3b,342.0,300,300,0.8772,pays_without_alternative
153400,1.0,3b,1104.0,468,468,0.4239,no_charge
131802,1.0,3b,0.0,0,0,0.0,no_charge
161900,9.0,3b,375.0,366,309,0.976,pays_without_alternative
161800,2.0,3b,891.0,849,699,0.9529,pays_without_alternative
113402,7.0,3b,261.0,171,171,0.6552,pays_without_alternative
115601,3.0,3b,255.0,243,243,0.9529,pays_without_alternative
113500,3.0,3b,234.0,210,210,0.8974,pays_without_alternative
154701,2.0,3b,309.0,126,126,0.4078,no_charge
155301,2.0,3b,342.0,156,156,0.4561,no_charge
133000,1.0,3b,333.0,105,105,0.3153,no_charge
154101,8.0,3b,603.0,459,414,0.7612,pays_without_alternative
110900,3.0,3b,291.0,15,15,0.0515,no_charge
158002,2.0,3b,507.0,342,342,0.6746,pays_without_alternative
158001,8.0,3b,522.0,303,303,0.5805,pays_without_alternative
164302,9.0,3b,111.0,96,90,0.8649,pays_without_alternative
164602,2.0,3b,96.0,84,84,0.875,pays_without_alternative
164301,5.0,3b,99.0,93,93,0.9394,pays_without_alternative
152300,8.0,3b,21.0,6,6,0.2857,no_charge
148000,3.0,3b,342.0,147,147,0.4298,no_charge
136200,3.0,3b,192.0,105,75,0.5469,no_charge
136001,4.0,3b,516.0,315,222,0.6105,pays_without_alternative
136900,5.0,3b,264.0,159,84,0.6023,no_charge
143301,3.0,3b,594.0,573,453,0.9646,pays_without_alternative
144400,2.0,3b,675.0,666,519,0.9867,pays_without_alternative
144800,3.0,3b,516.0,510,258,0.9884,pays_without_alternative
144201,6.0,3b,0.0,0,0,0.0,no_charge
140200,5.0,3b,570.0,492,291,0.8632,pays_without_alternative
140800,4.0,3b,726.0,612,363,0.843,pays_without_alternative
141500,5.0,3b,528.0,444,276,0.8409,pays_without_alternative
138700,6.0,3b,456.0,354,201,0.7763,pays_without_alternative
141700,3.0,3b,408.0,360,240,0.8824,pays_without_alternative
116900,4.0,3b,729.0,714,567,0.9794,pays_without_alternative
148401,2.0,3b,447.0,201,201,0.4497,no_charge
149400,9.0,3b,804.0,789,693,0.9813,pays_without_alternative
148200,10.0,3b,525.0,507,432,0.9657,pays_without_alternative
148600,10.0,3b,648.0,639,543,0.9861,pays_without_alternative
155801,10.0,3b,438.0,285,270,0.6507,pays_without_alternative
123600,4.0,3b,759.0,747,399,0.9842,pays_without_alternative
122600,4.0,3b,465.0,456,237,0.9806,pays_without_alternative
123400,5.0,3b,771.0,744,405,0.965,pays_without_alternative
131801,6.0,3b,381.0,204,132,0.5354,no_charge
132900,8.0,3b,471.0,384,315,0.8153,pays_without_alternative
117500,4.0,3b,678.0,534,423,0.7876,pays_without_alternative
131500,7.0,3b,591.0,450,348,0.7614,pays_without_alternative
130902,4.0,3b,492.0,366,366,0.7439,pays_without_alternative
130801,9.0,3b,399.0,336,282,0.8421,pays_without_alternative
130100,7.0,3b,645.0,507,438,0.786,pays_without_alternative
129600,8.0,3b,738.0,609,504,0.8252,pays_without_alternative
130901,7.0,3b,570.0,444,393,0.7789,pays_without_alternative
145800,9.0,3b,933.0,552,534,0.5916,pays_without_alternative
144700,9.0,3b,720.0,390,336,0.5417,pays_without_alternative
137100,9.0,3b,435.0,405,324,0.931,pays_without_alternative
162400,4.0,3b,627.0,246,246,0.3923,no_charge
128902,8.0,3b,348.0,282,237,0.8103,pays_without_alternative
128901,7.0,3b,384.0,336,270,0.875,pays_without_alternative
129501,8.0,3b,564.0,444,444,0.7872,pays_without_alternative
144001,1.0,3b,681.0,378,378,0.5551,pays_without_alternative
145102,4.0,3b,234.0,102,102,0.4359,no_charge
145101,2.0,3b,612.0,330,306,0.5392,pays_without_alternative
124000,6.0,3b,939.0,885,474,0.9425,pays_without_alternative
124600,6.0,3b,435.0,435,222,1.0,pays_without_alternative
122700,6.0,3b,786.0,780,450,0.9924,pays_without_alternative
123300,4.0,3b,894.0,870,615,0.9732,pays_without_alternative
123100,6.0,3b,636.0,618,342,0.9717,pays_without_alternative
153100,3.0,3b,516.0,237,237,0.4593,no_charge
158502,6.0,3b,564.0,438,426,0.7766,pays_without_alternative
158501,8.0,3b,300.0,234,234,0.78,pays_without_alternative
136100,6.0,3b,84.0,72,51,0.8571,pays_without_alternative
136002,4.0,3b,126.0,126,45,1.0,pays_with_alternative
153000,10.0,3b,369.0,261,207,0.7073,pays_without_alternative
137300,6.0,3b,174.0,114,114,0.6552,pays_without_alternative
138000,4.0,3b,459.0,327,318,0.7124,pays_without_alternative
119100,1.0,3b,705.0,666,666,0.9447,pays_without_alternative
119400,1.0,3b,390.0,381,381,0.9769,pays_without_alternative
118900,1.0,3b,804.0,705,624,0.8769,pays_without_alternative
142202,3.0,3b,375.0,360,129,0.96,pays_with_alternative
142201,4.0,3b,315.0,306,135,0.9714,pays_with_alternative
143800,5.0,3b,666.0,654,492,0.982,pays_without_alternative
132800,3.0,3b,639.0,315,195,0.493,no_charge
133500,4.0,3b,195.0,108,69,0.5538,no_charge
131600,3.0,3b,486.0,252,183,0.5185,no_charge
132100,7.0,3b,447.0,231,111,0.5168,no_charge
115700,1.0,3b,579.0,186,186,0.3212,no_charge
116200,3.0,3b,465.0,120,120,0.2581,no_charge
148800,5.0,3b,348.0,159,159,0.4569,no_charge
149300,7.0,3b,645.0,303,291,0.4698,no_charge
147800,2.0,3b,606.0,267,267,0.4406,no_charge
164500,7.0,3b,555.0,141,141,0.2541,no_charge
150000,10.0,3b,672.0,666,558,0.9911,pays_without_alternative
151200,10.0,3b,600.0,573,501,0.955,pays_without_alternative
163902,4.0,3b,117.0,102,102,0.8718,pays_without_alternative
112800,3.0,3b,288.0,93,93,0.3229,no_charge
128800,3.0,3b,894.0,360,348,0.4027,no_charge
112401,6.0,3b,687.0,300,300,0.4367,no_charge
112301,4.0,3b,288.0,138,138,0.4792,no_charge
127500,9.0,3b,111.0,75,57,0.6757,pays_without_alternative
128401,8.0,3b,924.0,903,522,0.9773,pays_without_alternative
124301,9.0,3b,594.0,579,336,0.9747,pays_without_alternative
125100,6.0,3b,0.0,0,0,0.0,no_charge
125701,8.0,3b,570.0,510,294,0.8947,pays_without_alternative
124900,9.0,3b,597.0,582,336,0.9749,pays_without_alternative
126701,9.0,3b,219.0,219,126,1.0,pays_without_alternative
127900,8.0,3b,354.0,348,192,0.9831,pays_without_alternative
124700,4.0,3b,195.0,165,165,0.8462,pays_without_alternative
127801,9.0,3b,426.0,402,267,0.9437,pays_without_alternative
126702,8.0,3b,471.0,456,348,0.9682,pays_without_alternative
129700,1.0,3b,471.0,189,141,0.4013,no_charge
151301,6.0,3b,873.0,402,402,0.4605,no_charge
126200,4.0,3b,867.0,852,528,0.9827,pays_without_alternative
125600,6.0,3b,684.0,669,327,0.9781,pays_with_alternative
125800,3.0,3b,747.0,720,468,0.9639,pays_without_alternative
159600,7.0,3b,552.0,534,492,0.9674,pays_without_alternative
160300,7.0,3b,615.0,504,450,0.8195,pays_without_alternative
142901,5.0,3b,456.0,426,369,0.9342,pays_without_alternative
142002,5.0,3b,201.0,201,120,1.0,pays_without_alternative
143600,2.0,3b,639.0,582,522,0.9108,pays_without_alternative
158300,6.0,3b,1083.0,720,720,0.6648,pays_without_alternative
162500,3.0,3b,447.0,411,411,0.9195,pays_without_alternative
133400,9.0,3b,78.0,63,57,0.8077,pays_without_alternative
132700,8.0,3b,27.0,15,9,0.5556,no_charge
133800,8.0,3b,21.0,21,21,1.0,pays_without_alternative
119201,3.0,3b,285.0,249,210,0.8737,pays_without_alternative
120201,1.0,3b,735.0,723,672,0.9837,pays_without_alternative
120202,1.0,3b,1272.0,1248,1098,0.9811,pays_without_alternative
120203,1.0,3b,612.0,597,597,0.9755,pays_without_alternative
159202,10.0,3b,546.0,540,513,0.989,pays_without_alternative
159101,9.0,3b,588.0,579,549,0.9847,pays_without_alternative
159201,10.0,3b,366.0,366,273,1.0,pays_without_alternative
152000,4.0,3b,825.0,402,402,0.4873,no_charge
152400,4.0,3b,900.0,360,360,0.4,no_charge
150400,5.0,3b,993.0,495,495,0.4985,no_charge
154500,6.0,3b,399.0,201,201,0.5038,pays_without_alternative
165200,2.0,3b,285.0,180,180,0.6316,pays_without_alternative
119301,,3b,0.0,0,0,0.0,no_charge
110800,6.0,3b,378.0,102,102,0.2698,no_charge
159801,2.0,3b,291.0,141,141,0.4845,no_charge
163400,1.0,3b,666.0,630,561,0.9459,pays_without_alternative
134302,7.0,3b,21.0,15,15,0.7143,pays_without_alternative
134301,5.0,3b,42.0,27,15,0.6429,pays_without_alternative
111601,1.0,3b,153.0,81,81,0.5294,pays_without_alternative
111602,2.0,3b,252.0,123,123,0.4881,no_charge
134700,3.0,3b,540.0,414,414,0.7667,pays_without_alternative
162701,6.0,3b,384.0,165,165,0.4297,no_charge
130500,9.0,3b,489.0,414,414,0.8466,pays_without_alternative
131000,9.0,3b,495.0,387,315,0.7818,pays_without_alternative
164900,2.0,3b,213.0,45,45,0.2113,no_charge
161400,5.0,3b,582.0,396,396,0.6804,pays_without_alternative
134400,5.0,3b,564.0,327,195,0.5798,no_charge
113600,2.0,3b,501.0,210,210,0.4192,no_charge
141801,1.0,3b,366.0,237,219,0.6475,pays_without_alternative
141802,1.0,3b,333.0,243,180,0.7297,pays_without_alternative
132501,2.0,3b,324.0,255,255,0.787,pays_without_alternative
116101,6.0,3b,315.0,204,204,0.6476,pays_without_alternative
114701,5.0,3b,264.0,156,156,0.5909,pays_without_alternative
115001,1.0,3b,1278.0,936,936,0.7324,pays_without_alternative
115002,1.0,3b,450.0,336,336,0.7467,pays_without_alternative
137500,1.0,3b,375.0,261,261,0.696,pays_without_alternative
160601,10.0,3b,465.0,456,360,0.9806,pays_without_alternative
116500,1.0,3b,516.0,405,393,0.7849,pays_without_alternative
140901,5.0,3b,546.0,498,453,0.9121,pays_without_alternative
140902,3.0,3b,276.0,243,228,0.8804,pays_without_alternative
111901,4.0,3b,153.0,0,0,0.0,no_charge
120500,3.0,3b,531.0,429,81,0.8079,pays_with_alternative
120800,2.0,3b,552.0,459,324,0.8315,pays_without_alternative
146800,7.0,3b,585.0,543,483,0.9282,pays_without_alternative
146100,6.0,3b,786.0,759,759,0.9656,pays_without_alternative
150200,10.0,3b,570.0,540,474,0.9474,pays_without_alternative
153301,8.0,3b,495.0,480,417,0.9697,pays_without_alternative
151600,10.0,3b,624.0,618,525,0.9904,pays_without_alternative
147500,8.0,3b,861.0,837,738,0.9721,pays_without_alternative
148501,10.0,3b,537.0,537,498,1.0,pays_without_alternative
151000,10.0,3b,684.0,675,609,0.9868,pays_without_alternative
152800,8.0,3b,813.0,795,795,0.9779,pays_without_alternative
148901,10.0,3b,561.0,555,495,0.9893,pays_without_alternative
115800,4.0,3b,678.0,201,201,0.2965,no_charge
115200,3.0,3b,444.0,150,150,0.3378,no_charge
155500,9.0,3b,153.0,114,114,0.7451,pays_without_alternative
160100,9.0,3b,705.0,672,519,0.9532,pays_without_alternative
160800,10.0,3b,501.0,486,456,0.9701,pays_without_alternative
160902,10.0,3b,357.0,351,300,0.9832,pays_without_alternative
160901,9.0,3b,441.0,429,318,0.9728,pays_without_alternative
157400,1.0,3b,564.0,210,210,0.3723,no_charge
120600,8.0,3b,594.0,588,480,0.9899,pays_without_alternative
122501,8.0,3b,747.0,735,582,0.9839,pays_without_alternative
117003,8.0,3b,15.0,15,15,1.0,pays_without_alternative
152101,9.0,3b,657.0,642,531,0.9772,pays_without_alternative
152600,9.0,3b,282.0,276,228,0.9787,pays_without_alternative
151800,10.0,3b,705.0,693,552,0.983,pays_without_alternative
120900,8.0,3b,600.0,594,456,0.99,pays_without_alternative
122901,8.0,3b,744.0,723,648,0.9718,pays_without_alternative
121701,7.0,3b,597.0,570,483,0.9548,pays_without_alternative
139300,2.0,3b,471.0,366,213,0.7771,pays_without_alternative
128301,9.0,3b,621.0,579,420,0.9324,pays_without_alternative
143200,2.0,3b,537.0,363,282,0.676,pays_without_alternative
141900,2.0,3b,444.0,327,192,0.7365,pays_without_alternative
150600,1.0,3b,948.0,411,411,0.4335,no_charge
156101,3.0,3b,606.0,294,294,0.4851,no_charge
152700,,3b,12.0,0,0,0.0,no_charge
125900,1.0,3b,219.0,99,66,0.4521,no_charge
125400,4.0,3b,537.0,321,228,0.5978,pays_without_alternative
113401,1.0,3b,381.0,249,249,0.6535,pays_without_alternative
113101,1.0,3b,648.0,372,372,0.5741,pays_without_alternative
112902,1.0,3b,219.0,144,144,0.6575,pays_without_alternative
113300,1.0,3b,885.0,492,492,0.5559,pays_without_alternative
141101,2.0,3b,480.0,321,270,0.6688,pays_without_alternative
141102,2.0,3b,273.0,213,186,0.7802,pays_without_alternative
157800,3.0,3b,795.0,444,444,0.5585,pays_without_alternative
158200,4.0,3b,891.0,504,504,0.5657,pays_without_alternative
133600,5.0,3b,702.0,681,306,0.9701,pays_with_alternative
134200,4.0,3b,639.0,567,336,0.8873,pays_without_alternative
132200,7.0,3b,645.0,540,345,0.8372,pays_without_alternative
135200,3.0,3b,390.0,339,261,0.8692,pays_without_alternative
131900,7.0,3b,402.0,321,219,0.7985,pays_without_alternative
139000,4.0,3b,444.0,423,171,0.9527,pays_with_alternative
137800,6.0,3b,465.0,321,162,0.6903,pays_without_alternative
137701,7.0,3b,123.0,114,57,0.9268,pays_without_alternative
139900,3.0,3b,669.0,663,375,0.991,pays_without_alternative
138400,3.0,3b,672.0,489,288,0.7277,pays_without_alternative
142101,5.0,3b,765.0,663,588,0.8667,pays_without_alternative
140400,8.0,3b,522.0,429,306,0.8218,pays_without_alternative
140700,10.0,3b,240.0,222,150,0.925,pays_without_alternative
139802,7.0,3b,327.0,246,219,0.7523,pays_without_alternative
139700,7.0,3b,669.0,603,384,0.9013,pays_without_alternative
140601,9.0,3b,237.0,225,165,0.9494,pays_without_alternative
141300,4.0,3b,606.0,597,480,0.9851,pays_without_alternative
142301,9.0,3b,459.0,447,384,0.9739,pays_without_alternative
139601,6.0,3b,555.0,414,375,0.7459,pays_without_alternative
139801,7.0,3b,342.0,336,291,0.9825,pays_without_alternative
140300,6.0,3b,474.0,369,183,0.7785,pays_with_alternative
147201,8.0,3b,522.0,450,267,0.8621,pays_without_alternative
146501,7.0,3b,648.0,561,309,0.8657,pays_without_alternative
146201,7.0,3b,687.0,600,513,0.8734,pays_without_alternative
147202,8.0,3b,561.0,474,228,0.8449,pays_with_alternative
147700,,3b,0.0,0,0,0.0,no_charge
146000,5.0,3b,396.0,303,228,0.7652,pays_without_alternative
145300,6.0,3b,471.0,417,336,0.8854,pays_without_alternative
149500,10.0,3b,519.0,510,378,0.9827,pays_without_alternative
149100,8.0,3b,774.0,756,471,0.9767,pays_without_alternative
146600,7.0,3b,732.0,666,333,0.9098,pays_without_alternative
114500,2.0,3b,123.0,39,39,0.3171,no_charge
115300,2.0,3b,114.0,66,66,0.5789,pays_without_alternative
120000,2.0,3b,351.0,291,228,0.8291,pays_without_alternative
119500,2.0,3b,414.0,333,324,0.8043,pays_without_alternative
130700,2.0,3b,654.0,204,195,0.3119,no_charge
133900,8.0,3b,30.0,21,0,0.7,pays_with_alternative
135600,8.0,3b,420.0,351,294,0.8357,pays_without_alternative
132300,8.0,3b,495.0,414,381,0.8364,pays_without_alternative
132600,8.0,3b,450.0,372,309,0.8267,pays_without_alternative
134900,8.0,3b,471.0,360,354,0.7643,pays_without_alternative
136501,7.0,3b,462.0,363,357,0.7857,pays_without_alternative
136502,6.0,3b,300.0,243,243,0.81,pays_without_alternative
138302,8.0,3b,393.0,345,315,0.8779,pays_without_alternative
136601,7.0,3b,618.0,552,531,0.8932,pays_without_alternative
138301,6.0,3b,264.0,225,189,0.8523,pays_without_alternative
138501,7.0,3b,222.0,207,69,0.9324,pays_with_alternative
138502,3.0,3b,63.0,63,21,1.0,pays_with_alternative
118600,7.0,3b,75.0,21,6,0.28,no_charge
127100,7.0,3b,456.0,444,240,0.9737,pays_without_alternative
128200,1.0,3b,603.0,579,318,0.9602,pays_without_alternative
127300,3.0,3b,465.0,447,273,0.9613,pays_without_alternative
128101,3.0,3b,399.0,393,258,0.985,pays_without_alternative
117700,4.0,3b,720.0,702,444,0.975,pays_without_alternative
153700,2.0,3b,597.0,285,285,0.4774,no_charge
153900,2.0,3b,390.0,168,168,0.4308,no_charge
110201,7.0,3b,255.0,0,0,0.0,no_charge
114801,2.0,3b,210.0,159,159,0.7571,pays_without_alternative
142802,5.0,3b,471.0,402,312,0.8535,pays_without_alternative
142801,7.0,3b,375.0,375,270,1.0,pays_without_alternative
145000,7.0,3b,603.0,573,333,0.9502,pays_without_alternative
144300,7.0,3b,828.0,738,474,0.8913,pays_without_alternative
144101,5.0,3b,741.0,720,453,0.9717,pays_without_alternative
145500,8.0,3b,150.0,129,81,0.86,pays_without_alternative
164001,7.0,3b,726.0,720,606,0.9917,pays_without_alternative
140100,7.0,3b,486.0,258,231,0.5309,pays_without_alternative
139201,4.0,3b,504.0,396,168,0.7857,pays_with_alternative
145200,10.0,3b,420.0,408,225,0.9714,pays_without_alternative
130000,1.0,3b,309.0,201,201,0.6505,pays_without_alternative
113000,6.0,3b,447.0,165,165,0.3691,no_charge
112701,1.0,3b,783.0,333,333,0.4253,no_charge
112901,5.0,3b,456.0,150,150,0.3289,no_charge
112702,1.0,3b,90.0,51,51,0.5667,pays_without_alternative
158101,5.0,3b,1053.0,624,618,0.5926,pays_without_alternative
158601,5.0,3b,780.0,429,429,0.55,pays_without_alternative
157301,4.0,3b,447.0,234,234,0.5235,pays_without_alternative
158102,4.0,3b,1038.0,606,606,0.5838,pays_without_alternative
158603,2.0,3b,174.0,114,114,0.6552,pays_without_alternative
150101,10.0,3b,141.0,126,48,0.8936,pays_with_alternative
150900,9.0,3b,420.0,420,360,1.0,pays_without_alternative
149600,,3b,0.0,0,0,0.0,no_charge
150302,10.0,3b,297.0,291,162,0.9798,pays_without_alternative
150301,10.0,3b,252.0,243,144,0.9643,pays_without_alternative
151900,9.0,3b,618.0,609,312,0.9854,pays_without_alternative
151400,10.0,3b,558.0,525,363,0.9409,pays_without_alternative
154400,10.0,3b,345.0,210,192,0.6087,pays_without_alternative
155100,10.0,3b,627.0,369,348,0.5885,pays_without_alternative
155702,10.0,3b,453.0,294,219,0.649,pays_without_alternative
155701,10.0,3b,297.0,189,183,0.6364,pays_without_alternative
153500,10.0,3b,465.0,282,261,0.6065,pays_without_alternative
117600,4.0,3b,633.0,618,423,0.9763,pays_without_alternative
117800,4.0,3b,384.0,372,78,0.9688,pays_with_alternative
136801,7.0,3b,342.0,303,243,0.886,pays_without_alternative
135500,7.0,3b,531.0,480,420,0.904,pays_without_alternative
163100,6.0,3b,777.0,753,621,0.9691,pays_without_alternative
149800,7.0,3b,801.0,447,432,0.5581,pays_without_alternative
150700,7.0,3b,690.0,333,321,0.4826,no_charge
150500,6.0,3b,543.0,261,249,0.4807,no_charge
151500,7.0,3b,771.0,426,405,0.5525,pays_without_alternative
148102,6.0,3b,561.0,324,288,0.5775,pays_without_alternative
149001,8.0,3b,489.0,282,255,0.5767,pays_without_alternative
147100,8.0,3b,708.0,492,324,0.6949,pays_without_alternative
145400,9.0,3b,0.0,0,0,0.0,no_charge
146700,9.0,3b,21.0,15,0,0.7143,pays_with_alternative
163200,9.0,3b,639.0,564,453,0.8826,pays_without_alternative
163901,9.0,3b,540.0,531,531,0.9833,pays_without_alternative
163502,10.0,3b,483.0,471,399,0.9752,pays_without_alternative
164100,10.0,3b,6.0,6,6,1.0,pays_without_alternative
163501,10.0,3b,312.0,312,273,1.0,pays_without_alternative
163600,10.0,3b,378.0,369,282,0.9762,pays_without_alternative
163001,9.0,3b,714.0,705,576,0.9874,pays_without_alternative
163301,9.0,3b,345.0,345,285,1.0,pays_without_alternative
162800,8.0,3b,276.0,270,222,0.9783,pays_without_alternative
154902,8.0,3b,702.0,657,552,0.9359,pays_without_alternative
154901,8.0,3b,738.0,705,531,0.9553,pays_without_alternative
155602,9.0,3b,693.0,663,600,0.9567,pays_without_alternative
154001,9.0,3b,783.0,771,621,0.9847,pays_without_alternative
155601,9.0,3b,675.0,669,567,0.9911,pays_without_alternative
154801,9.0,3b,582.0,576,480,0.9897,pays_without_alternative
156201,8.0,3b,768.0,753,615,0.9805,pays_without_alternative
155901,9.0,3b,654.0,645,468,0.9862,pays_without_alternative
154802,9.0,3b,807.0,792,699,0.9814,pays_without_alternative
112200,8.0,3b,141.0,48,48,0.3404,no_charge
116601,5.0,3b,447.0,378,378,0.8456,pays_without_alternative
116300,2.0,3b,99.0,87,87,0.8788,pays_without_alternative
137400,3.0,3b,459.0,447,108,0.9739,pays_with_alternative
136400,5.0,3b,537.0,474,192,0.8827,pays_with_alternative
163801,1.0,3b,294.0,99,99,0.3367,no_charge
163803,3.0,3b,249.0,75,75,0.3012,no_charge
145900,6.0,3b,54.0,36,21,0.6667,pays_without_alternative
124100,4.0,3b,108.0,57,57,0.5278,pays_without_alternative
118501,4.0,3b,372.0,351,252,0.9435,pays_without_alternative
118502,5.0,3b,423.0,405,276,0.9574,pays_without_alternative
129902,5.0,3b,546.0,255,186,0.467,no_charge
129901,1.0,3b,402.0,162,162,0.403,no_charge
129201,4.0,3b,411.0,213,198,0.5182,pays_without_alternative
146301,10.0,3b,222.0,117,111,0.527,pays_without_alternative
146302,10.0,3b,267.0,174,132,0.6517,pays_without_alternative
156301,2.0,3b,600.0,285,285,0.475,no_charge
131200,3.0,3b,465.0,210,138,0.4516,no_charge
130400,4.0,3b,318.0,135,96,0.4245,no_charge
157000,8.0,3b,543.0,531,324,0.9779,pays_without_alternative
156500,8.0,3b,918.0,906,654,0.9869,pays_without_alternative
156700,8.0,3b,486.0,477,354,0.9815,pays_without_alternative
111200,3.0,3b,900.0,228,228,0.2533,no_charge
166000,10.0,3b,15.0,0,0,0.0,no_charge
166100,6.0,3b,336.0,87,87,0.2589,no_charge
165301,7.0,3b,408.0,144,144,0.3529,no_charge
165302,10.0,3b,462.0,183,183,0.3961,no_charge
165502,5.0,3b,771.0,357,357,0.463,no_charge
165501,9.0,3b,924.0,354,354,0.3831,no_charge
165001,6.0,3b,309.0,51,51,0.165,no_charge
133301,8.0,3b,87.0,63,36,0.7241,pays_without_alternative
133200,8.0,3b,12.0,12,12,1.0,pays_without_alternative
134100,8.0,3b,57.0,45,30,0.7895,pays_without_alternative
165101,2.0,3b,681.0,456,456,0.6696,pays_without_alternative
161000,8.0,3b,468.0,339,294,0.7244,pays_without_alternative
161300,10.0,3b,597.0,471,435,0.7889,pays_without_alternative
123800,9.0,3b,555.0,507,264,0.9135,pays_without_alternative
123000,9.0,3b,651.0,615,408,0.9447,pays_without_alternative
125000,8.0,3b,501.0,465,279,0.9281,pays_without_alternative
124200,7.0,3b,540.0,501,501,0.9278,pays_without_alternative
114000,3.0,3b,834.0,324,324,0.3885,no_charge
113900,2.0,3b,534.0,246,246,0.4607,no_charge
164201,10.0,3b,366.0,348,348,0.9508,pays_without_alternative
155200,4.0,3b,615.0,303,303,0.4927,no_charge
143100,3.0,3b,825.0,669,495,0.8109,pays_without_alternative
142400,1.0,3b,534.0,381,234,0.7135,pays_without_alternative
140500,1.0,3b,603.0,489,327,0.8109,pays_without_alternative
141000,4.0,3b,687.0,585,309,0.8515,pays_without_alternative
141600,1.0,3b,459.0,387,210,0.8431,pays_without_alternative
143900,3.0,3b,456.0,348,339,0.7632,pays_without_alternative
140000,2.0,3b,744.0,642,408,0.8629,pays_without_alternative
139400,2.0,3b,366.0,315,237,0.8607,pays_without_alternative
115901,1.0,3b,759.0,588,588,0.7747,pays_without_alternative
113700,,3b,0.0,0,0,0.0,no_charge
157200,10.0,3b,324.0,195,195,0.6019,pays_without_alternative
156800,10.0,3b,351.0,234,192,0.6667,pays_without_alternative
165800,6.0,3b,615.0,240,240,0.3902,no_charge
165700,7.0,3b,375.0,99,99,0.264,no_charge
128700,,3b,0.0,0,0,0.0,no_charge
163700,9.0,3b,846.0,819,669,0.9681,pays_without_alternative
119000,1.0,3b,537.0,420,420,0.7821,pays_without_alternative
160000,10.0,3b,765.0,759,588,0.9922,pays_without_alternative
159900,10.0,3b,561.0,534,435,0.9519,pays_without_alternative
121600,7.0,3b,909.0,885,786,0.9736,pays_without_alternative
122300,9.0,3b,654.0,645,558,0.9862,pays_without_alternative
143400,6.0,3b,486.0,468,228,0.963,pays_with_alternative
142600,5.0,3b,429.0,429,240,1.0,pays_without_alternative
164601,7.0,3b,60.0,45,45,0.75,pays_without_alternative
143000,1.0,3b,690.0,420,390,0.6087,pays_without_alternative
143500,2.0,3b,870.0,561,405,0.6448,pays_without_alternative
142700,1.0,3b,738.0,447,426,0.6057,pays_without_alternative
144500,6.0,3b,612.0,387,309,0.6324,pays_without_alternative
143700,2.0,3b,546.0,357,279,0.6538,pays_without_alternative
130200,2.0,3b,267.0,126,81,0.4719,no_charge
137000,8.0,3b,252.0,174,117,0.6905,pays_without_alternative
138200,7.0,3b,570.0,375,282,0.6579,pays_without_alternative
136300,5.0,3b,639.0,384,195,0.6009,no_charge
137600,5.0,3b,420.0,315,291,0.75,pays_without_alternative
111400,1.0,3b,138.0,6,6,0.0435,no_charge
156601,3.0,3b,657.0,333,333,0.5068,pays_without_alternative
118400,2.0,3b,909.0,882,864,0.9703,pays_without_alternative
154300,1.0,3b,795.0,345,345,0.434,no_charge
133700,6.0,3b,36.0,27,15,0.75,pays_without_alternative
113800,6.0,3b,111.0,42,42,0.3784,no_charge
114101,4.0,3b,183.0,90,90,0.4918,no_charge
111700,5.0,3b,807.0,51,51,0.0632,no_charge
153800,2.0,3b,1026.0,501,501,0.4883,no_charge
110700,6.0,3b,489.0,159,159,0.3252,no_charge
135800,7.0,3b,198.0,189,114,0.9545,pays_without_alternative
131400,1.0,3b,243.0,15,15,0.0617,no_charge
115100,5.0,3b,570.0,192,192,0.3368,no_charge
114600,3.0,3b,549.0,174,174,0.3169,no_charge
114102,1.0,3b,129.0,75,75,0.5814,pays_without_alternative
145700,1.0,3b,351.0,252,237,0.7179,pays_without_alternative
144900,1.0,3b,393.0,252,246,0.6412,pays_without_alternative
126100,4.0,3b,486.0,453,267,0.9321,pays_without_alternative
126000,3.0,3b,627.0,588,450,0.9378,pays_without_alternative
155000,2.0,3b,759.0,288,288,0.3794,no_charge
149200,5.0,3b,705.0,366,348,0.5191,pays_without_alternative
148101,2.0,3b,390.0,186,186,0.4769,no_charge
121300,6.0,3b,573.0,555,117,0.9686,pays_with_alternative
121200,6.0,3b,501.0,495,138,0.988,pays_with_alternative
129101,7.0,3b,678.0,594,453,0.8761,pays_without_alternative
129000,8.0,3b,420.0,357,267,0.85,pays_without_alternative
150800,10.0,3b,663.0,645,516,0.9729,pays_without_alternative
122001,5.0,3b,777.0,726,726,0.9344,pays_without_alternative
121100,3.0,3b,471.0,381,381,0.8089,pays_without_alternative
147400,8.0,3b,0.0,0,0,0.0,no_charge
135900,9.0,3b,12.0,12,12,1.0,pays_without_alternative
135100,9.0,3b,21.0,21,9,1.0,pays_with_alternative
135300,9.0,3b,66.0,60,48,0.9091,pays_without_alternative
162200,6.0,3b,117.0,93,84,0.7949,pays_without_alternative
162102,4.0,3b,885.0,873,750,0.9864,pays_without_alternative
161700,,3b,0.0,0,0,0.0,no_charge
162602,9.0,3b,417.0,417,375,1.0,pays_without_alternative
161600,9.0,3b,396.0,384,384,0.9697,pays_without_alternative
162101,6.0,3b,987.0,978,837,0.9909,pays_without_alternative
162601,5.0,3b,435.0,423,390,0.9724,pays_without_alternative
162000,10.0,3b,414.0,390,300,0.942,pays_without_alternative
126801,4.0,3b,432.0,192,144,0.4444,no_charge
128601,3.0,3b,351.0,144,114,0.4103,no_charge
126601,6.0,3b,468.0,327,186,0.6987,pays_without_alternative
164401,6.0,3b,588.0,135,135,0.2296,no_charge
147002,9.0,3b,189.0,108,99,0.5714,pays_without_alternative
147001,10.0,3b,339.0,207,165,0.6106,pays_without_alternative
116401,4.0,3b,288.0,195,195,0.6771,pays_without_alternative
111500,2.0,3b,297.0,9,9,0.0303,no_charge
124500,7.0,3b,630.0,573,543,0.9095,pays_without_alternative
125300,5.0,3b,507.0,477,315,0.9408,pays_without_alternative
123200,6.0,3b,747.0,726,660,0.9719,pays_without_alternative
124800,6.0,3b,921.0,894,810,0.9707,pays_without_alternative
127002,7.0,3b,609.0,591,387,0.9704,pays_without_alternative
126401,8.0,3b,567.0,558,339,0.9841,pays_without_alternative
127701,8.0,3b,363.0,351,282,0.9669,pays_without_alternative
128501,7.0,3b,630.0,609,354,0.9667,pays_without_alternative
127001,7.0,3b,702.0,669,384,0.953,pays_without_alternative
145600,6.0,3b,726.0,633,396,0.8719,pays_without_alternative
156400,1.0,3b,1164.0,489,489,0.4201,no_charge
159301,3.0,3b,984.0,771,747,0.7835,pays_without_alternative
135700,7.0,3b,18.0,18,0,1.0,pays_with_alternative
141201,3.0,3b,291.0,273,159,0.9381,pays_without_alternative
142001,6.0,3b,441.0,378,255,0.8571,pays_without_alternative
115400,2.0,3b,270.0,69,69,0.2556,no_charge
135401,2.0,3b,666.0,531,519,0.7973,pays_without_alternative
136700,1.0,3b,795.0,567,567,0.7132,pays_without_alternative
117202,2.0,3b,486.0,357,282,0.7346,pays_without_alternative
117201,4.0,3b,552.0,408,393,0.7391,pays_without_alternative
159000,6.0,3b,753.0,576,576,0.7649,pays_without_alternative
121500,5.0,3b,672.0,660,165,0.9821,pays_with_alternative
121901,6.0,3b,762.0,750,405,0.9843,pays_without_alternative
157101,2.0,3b,810.0,327,327,0.4037,no_charge
158900,1.0,3b,294.0,177,177,0.602,pays_without_alternative
163302,3.0,3b,543.0,435,414,0.8011,pays_without_alternative
120400,5.0,3b,768.0,747,207,0.9727,pays_with_alternative
119901,3.0,3b,528.0,516,279,0.9773,pays_without_alternative
132400,6.0,3b,234.0,174,105,0.7436,pays_without_alternative
114400,3.0,3b,555.0,213,213,0.3838,no_charge
114902,2.0,3b,408.0,114,114,0.2794,no_charge
117900,2.0,3b,786.0,558,459,0.7099,pays_without_alternative
127601,3.0,3b,339.0,282,282,0.8319,pays_without_alternative
164603,5.0,3b,414.0,363,363,0.8768,pays_without_alternative
112600,1.0,3b,330.0,174,174,0.5273,pays_without_alternative
142501,3.0,3b,399.0,390,372,0.9774,pays_without_alternative
134600,1.0,3b,462.0,345,345,0.7468,pays_without_alternative
114201,1.0,3b,177.0,108,108,0.6102,pays_without_alternative
112101,3.0,3b,282.0,117,117,0.4149,no_charge
113201,5.0,3b,303.0,141,141,0.4653,no_charge
123500,6.0,3b,0.0,0,0,0.0,no_charge
118001,4.0,3b,303.0,219,219,0.7228,pays_without_alternative
117100,3.0,3b,135.0,90,90,0.6667,pays_without_alternative
128000,6.0,3b,93.0,66,66,0.7097,pays_without_alternative
112500,2.0,3b,318.0,249,249,0.783,pays_without_alternative
164700,7.0,3b,249.0,66,66,0.2651,no_charge
164800,6.0,3b,369.0,78,78,0.2114,no_charge
111300,5.0,3b,921.0,123,123,0.1336,no_charge
111100,4.0,3b,501.0,33,33,0.0659,no_charge
131100,8.0,3b,726.0,711,507,0.9793,pays_without_alternative
161500,5.0,3b,453.0,426,399,0.9404,pays_without_alternative
161201,10.0,3b,519.0,513,369,0.9884,pays_without_alternative
161100,4.0,3b,930.0,867,825,0.9323,pays_without_alternative
110501,8.0,3b,369.0,15,15,0.0407,no_charge
139100,10.0,3b,174.0,138,123,0.7931,pays_without_alternative
138800,8.0,3b,0.0,0,0,0.0,no_charge
137901,10.0,3b,291.0,240,216,0.8247,pays_without_alternative
120301,3.0,3b,687.0,576,444,0.8384,pays_without_alternative
120701,3.0,3b,690.0,594,465,0.8609,pays_without_alternative
119800,9.0,3b,840.0,756,588,0.9,pays_without_alternative
126901,4.0,3b,777.0,741,537,0.9537,pays_without_alternative
118800,,3b,0.0,0,0,0.0,no_charge
119600,6.0,3b,627.0,606,414,0.9665,pays_without_alternative
125500,5.0,3b,474.0,330,195,0.6962,pays_without_alternative
129800,2.0,3b,378.0,147,111,0.3889,no_charge
130300,3.0,3b,546.0,219,147,0.4011,no_charge
160202,9.0,3b,534.0,498,384,0.9326,pays_without_alternative
160501,10.0,3b,420.0,414,330,0.9857,pays_without_alternative
160700,9.0,3b,708.0,669,525,0.9449,pays_without_alternative
160201,9.0,3b,366.0,354,291,0.9672,pays_without_alternative
114901,4.0,3b,528.0,207,207,0.392,no_charge
117001,2.0,3b,1347.0,1134,1134,0.8419,pays_without_alternative
117002,5.0,3b,210.0,210,171,1.0,pays_without_alternative
119700,4.0,3b,186.0,177,150,0.9516,pays_without_alternative
158402,10.0,3b,324.0,315,309,0.9722,pays_without_alternative
158401,10.0,3b,396.0,387,387,0.9773,pays_without_alternative
157600,10.0,3b,36.0,27,27,0.75,pays_without_alternative
131300,2.0,3b,63.0,42,30,0.6667,pays_without_alternative
127200,8.0,3c,78.0,66,24,0.8462,pays_with_alternative
117300,7.0,3c,189.0,132,27,0.6984,pays_with_alternative
116701,3.0,3c,894.0,870,702,0.9732,pays_without_alternative
118100,5.0,3c,666.0,645,180,0.9685,pays_with_alternative
117400,4.0,3c,402.0,372,288,0.9254,pays_without_alternative
160401,6.0,3c,834.0,654,618,0.7842,pays_without_alternative
165400,1.0,3c,603.0,234,234,0.3881,no_charge
134500,7.0,3c,84.0,84,57,1.0,pays_without_alternative
153600,9.0,3c,396.0,396,333,1.0,pays_without_alternative
153200,9.0,3c,216.0,207,177,0.9583,pays_without_alternative
154202,9.0,3c,477.0,477,459,1.0,pays_without_alternative
154201,9.0,3c,582.0,567,498,0.9742,pays_without_alternative
112102,1.0,3c,0.0,0,0,0.0,no_charge
166400,2.0,3c,423.0,210,210,0.4965,no_charge
162300,5.0,3c,153.0,87,87,0.5686,pays_without_alternative
155401,6.0,3c,462.0,225,225,0.487,no_charge
116000,3.0,3c,204.0,48,48,0.2353,no_charge
147900,10.0,3c,60.0,24,24,0.4,no_charge
134800,8.0,3c,0.0,0,0,0.0,no_charge
133100,8.0,3c,396.0,384,225,0.9697,pays_without_alternative
132002,6.0,3c,387.0,381,249,0.9845,pays_without_alternative
132001,8.0,3c,480.0,474,321,0.9875,pays_without_alternative
130601,8.0,3c,726.0,720,531,0.9917,pays_without_alternative
135000,8.0,3c,834.0,795,558,0.9532,pays_without_alternative
131700,9.0,3c,708.0,699,462,0.9873,pays_without_alternative
116801,3.0,3c,762.0,642,522,0.8425,pays_without_alternative
149901,7.0,3c,636.0,126,126,0.1981,no_charge
138100,5.0,3c,537.0,405,204,0.7542,pays_without_alternative
156901,5.0,3c,1074.0,573,573,0.5335,pays_without_alternative
129400,4.0,3c,453.0,198,186,0.4371,no_charge
121001,5.0,3c,873.0,849,543,0.9725,pays_without_alternative
122101,4.0,3c,696.0,684,522,0.9828,pays_without_alternative
121401,4.0,3c,468.0,453,306,0.9679,pays_without_alternative
122400,8.0,3c,729.0,606,468,0.8313,pays_without_alternative
123900,1.0,3c,606.0,486,378,0.802,pays_without_alternative
121800,3.0,3c,681.0,543,402,0.7974,pays_without_alternative
129300,4.0,3c,501.0,231,180,0.4611,no_charge
120101,5.0,3c,84.0,84,84,1.0,pays_without_alternative
122802,5.0,3c,600.0,483,405,0.805,pays_without_alternative
122801,7.0,3c,402.0,324,225,0.806,pays_without_alternative
124401,5.0,3c,795.0,654,558,0.8226,pays_without_alternative
126500,4.0,3c,450.0,387,210,0.86,pays_without_alternative
125202,1.0,3c,237.0,225,168,0.9494,pays_without_alternative
127400,1.0,3c,531.0,432,321,0.8136,pays_without_alternative
125201,2.0,3c,408.0,372,252,0.9118,pays_without_alternative
137202,6.0,3c,519.0,447,402,0.8613,pays_without_alternative
139501,6.0,3c,363.0,297,285,0.8182,pays_without_alternative
137201,7.0,3c,423.0,339,324,0.8014,pays_without_alternative
138600,6.0,3c,396.0,306,306,0.7727,pays_without_alternative
138901,4.0,3c,519.0,429,402,0.8266,pays_without_alternative
166301,3.0,3c,462.0,255,255,0.5519,pays_without_alternative
154600,,3c,0.0,0,0,0.0,no_charge
152900,4.0,3c,498.0,243,243,0.488,no_charge
152201,4.0,3c,846.0,390,390,0.461,no_charge
156000,7.0,3c,6.0,0,0,0.0,no_charge
158602,2.0,3c,546.0,348,348,0.6374,pays_without_alternative
118300,5.0,3c,579.0,453,333,0.7824,pays_without_alternative
118700,3.0,3c,582.0,510,447,0.8763,pays_without_alternative
118200,4.0,3c,921.0,822,669,0.8925,pays_without_alternative
166200,4.0,3c,273.0,69,69,0.2527,no_charge
148300,5.0,3c,333.0,141,141,0.4234,no_charge
149701,5.0,3c,567.0,267,267,0.4709,no_charge
146400,3.0,3c,564.0,246,246,0.4362,no_charge
149702,6.0,3c,312.0,135,135,0.4327,no_charge
158800,10.0,3c,684.0,675,540,0.9868,pays_without_alternative
152500,4.0,3c,294.0,147,147,0.5,pays_without_alternative
122200,1.0,3c,537.0,387,375,0.7207,pays_without_alternative
165600,2.0,3c,387.0,183,183,0.4729,no_charge
110400,5.0,3c,690.0,39,39,0.0565,no_charge
123701,1.0,3c,441.0,306,246,0.6939,pays_without_alternative
123702,2.0,3c,327.0,216,153,0.6606,pays_without_alternative
157500,8.0,3c,747.0,453,453,0.6064,pays_without_alternative
126300,2.0,3c,579.0,474,432,0.8187,pays_without_alternative
134000,1.0,3c,171.0,60,60,0.3509,no_charge
159401,3.0,3c,315.0,192,192,0.6095,pays_without_alternative
159700,10.0,3c,276.0,258,219,0.9348,pays_without_alternative
158700,10.0,3c,552.0,546,429,0.9891,pays_without_alternative
159500,10.0,3c,570.0,546,426,0.9579,pays_without_alternative
162901,2.0,3c,282.0,132,132,0.4681,no_charge
157702,10.0,3c,459.0,321,321,0.6993,pays_without_alternative
157701,10.0,3c,450.0,309,246,0.6867,pays_without_alternative
157901,9.0,3c,609.0,456,450,0.7488,pays_without_alternative
165901,4.0,3c,660.0,153,153,0.2318,no_charge
115501,1.0,3c,342.0,300,300,0.8772,pays_without_alternative
153400,1.0,3c,1104.0,468,468,0.4239,no_charge
131802,1.0,3c,0.0,0,0,0.0,no_charge
161900,9.0,3c,375.0,366,309,0.976,pays_without_alternative
161800,2.0,3c,891.0,849,699,0.9529,pays_without_alternative
113402,7.0,3c,261.0,171,171,0.6552,pays_without_alternative
115601,3.0,3c,255.0,243,243,0.9529,pays_without_alternative
113500,3.0,3c,234.0,210,210,0.8974,pays_without_alternative
154701,2.0,3c,309.0,126,126,0.4078,no_charge
155301,2.0,3c,342.0,156,156,0.4561,no_charge
133000,1.0,3c,333.0,135,129,0.4054,no_charge
154101,8.0,3c,603.0,459,414,0.7612,pays_without_alternative
110900,3.0,3c,291.0,15,15,0.0515,no_charge
158002,2.0,3c,507.0,342,342,0.6746,pays_without_alternative
158001,8.0,3c,522.0,303,303,0.5805,pays_without_alternative
164302,9.0,3c,111.0,96,90,0.8649,pays_without_alternative
164602,2.0,3c,96.0,84,84,0.875,pays_without_alternative
164301,5.0,3c,99.0,93,93,0.9394,pays_without_alternative
152300,8.0,3c,21.0,6,6,0.2857,no_charge
148000,3.0,3c,342.0,147,147,0.4298,no_charge
136200,3.0,3c,192.0,162,75,0.8438,pays_with_alternative
136001,4.0,3c,516.0,396,228,0.7674,pays_without_alternative
136900,5.0,3c,264.0,216,84,0.8182,pays_with_alternative
143301,3.0,3c,594.0,573,453,0.9646,pays_without_alternative
144400,2.0,3c,675.0,666,519,0.9867,pays_without_alternative
144800,3.0,3c,516.0,510,258,0.9884,pays_without_alternative
144201,6.0,3c,0.0,0,0,0.0,no_charge
140200,5.0,3c,570.0,492,291,0.8632,pays_without_alternative
140800,4.0,3c,726.0,612,363,0.843,pays_without_alternative
141500,5.0,3c,528.0,444,276,0.8409,pays_without_alternative
138700,6.0,3c,456.0,354,201,0.7763,pays_without_alternative
141700,3.0,3c,408.0,360,240,0.8824,pays_without_alternative
116900,4.0,3c,729.0,714,567,0.9794,pays_without_alternative
148401,2.0,3c,447.0,201,201,0.4497,no_charge
149400,9.0,3c,804.0,789,693,0.9813,pays_without_alternative
148200,10.0,3c,525.0,507,432,0.9657,pays_without_alternative
148600,10.0,3c,648.0,639,543,0.9861,pays_without_alternative
155801,10.0,3c,438.0,285,270,0.6507,pays_without_alternative
123600,4.0,3c,759.0,747,399,0.9842,pays_without_alternative
122600,4.0,3c,465.0,456,237,0.9806,pays_without_alternative
123400,5.0,3c,771.0,744,405,0.965,pays_without_alternative
131801,6.0,3c,381.0,291,138,0.7638,pays_with_alternative
132900,8.0,3c,471.0,384,315,0.8153,pays_without_alternative
117500,4.0,3c,678.0,534,423,0.7876,pays_without_alternative
131500,7.0,3c,591.0,450,348,0.7614,pays_without_alternative
130902,4.0,3c,492.0,366,366,0.7439,pays_without_alternative
130801,9.0,3c,399.0,336,282,0.8421,pays_without_alternative
130100,7.0,3c,645.0,507,438,0.786,pays_without_alternative
129600,8.0,3c,738.0,609,504,0.8252,pays_without_alternative
130901,7.0,3c,570.0,444,393,0.7789,pays_without_alternative
145800,9.0,3c,933.0,552,534,0.5916,pays_without_alternative
144700,9.0,3c,720.0,390,336,0.5417,pays_without_alternative
137100,9.0,3c,435.0,405,324,0.931,pays_without_alternative
162400,4.0,3c,627.0,246,246,0.3923,no_charge
128902,8.0,3c,348.0,282,237,0.8103,pays_without_alternative
128901,7.0,3c,384.0,336,270,0.875,pays_without_alternative
129501,8.0,3c,564.0,444,444,0.7872,pays_without_alternative
144001,1.0,3c,681.0,441,441,0.6476,pays_without_alternative
145102,4.0,3c,234.0,114,114,0.4872,no_charge
145101,2.0,3c,612.0,348,324,0.5686,pays_without_alternative
124000,6.0,3c,939.0,885,474,0.9425,pays_without_alternative
124600,6.0,3c,435.0,435,222,1.0,pays_without_alternative
122700,6.0,3c,786.0,780,450,0.9924,pays_without_alternative
123300,4.0,3c,894.0,870,615,0.9732,pays_without_alternative
123100,6.0,3c,636.0,618,342,0.9717,pays_without_alternative
153100,3.0,3c,516.0,237,237,0.4593,no_charge
158502,6.0,3c,564.0,438,426,0.7766,pays_without_alternative
158501,8.0,3c,300.0,234,234,0.78,pays_without_alternative
136100,6.0,3c,84.0,72,51,0.8571,pays_without_alternative
136002,4.0,3c,126.0,126,45,1.0,pays_with_alternative
153000,10.0,3c,369.0,261,207,0.7073,pays_without_alternative
137300,6.0,3c,174.0,114,114,0.6552,pays_without_alternative
138000,4.0,3c,459.0,327,318,0.7124,pays_without_alternative
119100,1.0,3c,705.0,666,666,0.9447,pays_without_alternative
119400,1.0,3c,390.0,381,381,0.9769,pays_without_alternative
118900,1.0,3c,804.0,753,660,0.9366,pays_without_alternative
142202,3.0,3c,375.0,360,129,0.96,pays_with_alternative
142201,4.0,3c,315.0,306,135,0.9714,pays_with_alternative
143800,5.0,3c,666.0,654,492,0.982,pays_without_alternative
132800,3.0,3c,639.0,435,195,0.6808,pays_with_alternative
133500,4.0,3c,195.0,144,69,0.7385,pays_with_alternative
131600,3.0,3c,486.0,360,207,0.7407,pays_without_alternative
132100,7.0,3c,447.0,336,111,0.7517,pays_with_alternative
115700,1.0,3c,579.0,195,195,0.3368,no_charge
116200,3.0,3c,465.0,132,132,0.2839,no_charge
148800,5.0,3c,348.0,159,159,0.4569,no_charge
149300,7.0,3c,645.0,303,291,0.4698,no_charge
147800,2.0,3c,606.0,267,267,0.4406,no_charge
164500,7.0,3c,555.0,141,141,0.2541,no_charge
150000,10.0,3c,672.0,666,558,0.9911,pays_without_alternative
151200,10.0,3c,600.0,573,501,0.955,pays_without_alternative
163902,4.0,3c,117.0,102,102,0.8718,pays_without_alternative
112800,3.0,3c,288.0,93,93,0.3229,no_charge
128800,3.0,3c,894.0,492,414,0.5503,pays_without_alternative
112401,6.0,3c,687.0,300,300,0.4367,no_charge
112301,4.0,3c,288.0,138,138,0.4792,no_charge
127500,9.0,3c,111.0,75,57,0.6757,pays_without_alternative
128401,8.0,3c,924.0,903,522,0.9773,pays_without_alternative
124301,9.0,3c,594.0,579,336,0.9747,pays_without_alternative
125100,6.0,3c,0.0,0,0,0.0,no_charge
125701,8.0,3c,570.0,510,294,0.8947,pays_without_alternative
124900,9.0,3c,597.0,582,336,0.9749,pays_without_alternative
126701,9.0,3c,219.0,219,126,1.0,pays_without_alternative
127900,8.0,3c,354.0,348,192,0.9831,pays_without_alternative
124700,4.0,3c,195.0,165,165,0.8462,pays_without_alternative
127801,9.0,3c,426.0,402,267,0.9437,pays_without_alternative
126702,8.0,3c,471.0,456,348,0.9682,pays_without_alternative
129700,1.0,3c,471.0,369,174,0.7834,pays_with_alternative
151301,6.0,3c,873.0,402,402,0.4605,no_charge
126200,4.0,3c,867.0,852,528,0.9827,pays_without_alternative
125600,6.0,3c,684.0,669,327,0.9781,pays_with_alternative
125800,3.0,3c,747.0,720,468,0.9639,pays_without_alternative
159600,7.0,3c,552.0,534,492,0.9674,pays_without_alternative
160300,7.0,3c,615.0,504,450,0.8195,pays_without_alternative
142901,5.0,3c,456.0,426,369,0.9342,pays_without_alternative
142002,5.0,3c,201.0,201,120,1.0,pays_without_alternative
143600,2.0,3c,639.0,582,522,0.9108,pays_without_alternative
158300,6.0,3c,1083.0,720,720,0.6648,pays_without_alternative
162500,3.0,3c,447.0,411,411,0.9195,pays_without_alternative
133400,9.0,3c,78.0,78,57,1.0,pays_without_alternative
132700,8.0,3c,27.0,21,9,0.7778,pays_with_alternative
133800,8.0,3c,21.0,21,21,1.0,pays_without_alternative
119201,3.0,3c,285.0,249,210,0.8737,pays_without_alternative
120201,1.0,3c,735.0,723,672,0.9837,pays_without_alternative
120202,1.0,3c,1272.0,1248,1098,0.9811,pays_without_alternative
120203,1.0,3c,612.0,597,597,0.9755,pays_without_alternative
159202,10.0,3c,546.0,540,513,0.989,pays_without_alternative
159101,9.0,3c,588.0,579,549,0.9847,pays_without_alternative
159201,10.0,3c,366.0,366,273,1.0,pays_without_alternative
152000,4.0,3c,825.0,402,402,0.4873,no_charge
152400,4.0,3c,900.0,360,360,0.4,no_charge
150400,5.0,3c,993.0,495,495,0.4985,no_charge
154500,6.0,3c,399.0,201,201,0.5038,pays_without_alternative
165200,2.0,3c,285.0,180,180,0.6316,pays_without_alternative
119301,,3c,0.0,0,0,0.0,no_charge
110800,6.0,3c,378.0,102,102,0.2698,no_charge
159801,2.0,3c,291.0,141,141,0.4845,no_charge
163400,1.0,3c,666.0,630,561,0.9459,pays_without_alternative
134302,7.0,3c,21.0,21,15,1.0,pays_without_alternative
134301,5.0,3c,42.0,33,15,0.7857,pays_with_alternative
111601,1.0,3c,153.0,81,81,0.5294,pays_without_alternative
111602,2.0,3c,252.0,123,123,0.4881,no_charge
134700,3.0,3c,540.0,414,414,0.7667,pays_without_alternative
162701,6.0,3c,384.0,165,165,0.4297,no_charge
130500,9.0,3c,489.0,414,414,0.8466,pays_without_alternative
131000,9.0,3c,495.0,387,315,0.7818,pays_without_alternative
164900,2.0,3c,213.0,45,45,0.2113,no_charge
161400,5.0,3c,582.0,396,396,0.6804,pays_without_alternative
134400,5.0,3c,564.0,432,201,0.766,pays_with_alternative
113600,2.0,3c,501.0,210,210,0.4192,no_charge
141801,1.0,3c,366.0,267,231,0.7295,pays_without_alternative
141802,1.0,3c,333.0,243,180,0.7297,pays_without_alternative
132501,2.0,3c,324.0,255,255,0.787,pays_without_alternative
116101,6.0,3c,315.0,204,204,0.6476,pays_without_alternative
114701,5.0,3c,264.0,156,156,0.5909,pays_without_alternative
115001,1.0,3c,1278.0,936,936,0.7324,pays_without_alternative
115002,1.0,3c,450.0,336,336,0.7467,pays_without_alternative
137500,1.0,3c,375.0,261,261,0.696,pays_without_alternative
160601,10.0,3c,465.0,456,360,0.9806,pays_without_alternative
116500,1.0,3c,516.0,405,393,0.7849,pays_without_alternative
140901,5.0,3c,546.0,498,453,0.9121,pays_without_alternative
140902,3.0,3c,276.0,243,228,0.8804,pays_without_alternative
111901,4.0,3c,153.0,0,0,0.0,no_charge
120500,3.0,3c,531.0,429,81,0.8079,pays_with_alternative
120800,2.0,3c,552.0,459,324,0.8315,pays_without_alternative
146800,7.0,3c,585.0,543,483,0.9282,pays_without_alternative
146100,6.0,3c,786.0,759,759,0.9656,pays_without_alternative
150200,10.0,3c,570.0,540,474,0.9474,pays_without_alternative
153301,8.0,3c,495.0,480,417,0.9697,pays_without_alternative
151600,10.0,3c,624.0,618,525,0.9904,pays_without_alternative
147500,8.0,3c,861.0,837,738,0.9721,pays_without_alternative
148501,10.0,3c,537.0,537,498,1.0,pays_without_alternative
151000,10.0,3c,684.0,675,609,0.9868,pays_without_alternative
152800,8.0,3c,813.0,795,795,0.9779,pays_without_alternative
148901,10.0,3c,561.0,555,495,0.9893,pays_without_alternative
115800,4.0,3c,678.0,210,210,0.3097,no_charge
115200,3.0,3c,444.0,150,150,0.3378,no_charge
155500,9.0,3c,153.0,114,114,0.7451,pays_without_alternative
160100,9.0,3c,705.0,672,519,0.9532,pays_without_alternative
160800,10.0,3c,501.0,486,456,0.9701,pays_without_alternative
160902,10.0,3c,357.0,351,300,0.9832,pays_without_alternative
160901,9.0,3c,441.0,429,318,0.9728,pays_without_alternative
157400,1.0,3c,564.0,210,210,0.3723,no_charge
120600,8.0,3c,594.0,588,480,0.9899,pays_without_alternative
122501,8.0,3c,747.0,735,582,0.9839,pays_without_alternative
117003,8.0,3c,15.0,15,15,1.0,pays_without_alternative
152101,9.0,3c,657.0,642,531,0.9772,pays_without_alternative
152600,9.0,3c,282.0,276,228,0.9787,pays_without_alternative
151800,10.0,3c,705.0,693,552,0.983,pays_without_alternative
120900,8.0,3c,600.0,594,456,0.99,pays_without_alternative
122901,8.0,3c,744.0,723,648,0.9718,pays_without_alternative
121701,7.0,3c,597.0,570,483,0.9548,pays_without_alternative
139300,2.0,3c,471.0,399,222,0.8471,pays_without_alternative
128301,9.0,3c,621.0,579,420,0.9324,pays_without_alternative
143200,2.0,3c,537.0,363,282,0.676,pays_without_alternative
141900,2.0,3c,444.0,327,192,0.7365,pays_without_alternative
150600,1.0,3c,948.0,411,411,0.4335,no_charge
156101,3.0,3c,606.0,294,294,0.4851,no_charge
152700,,3c,12.0,0,0,0.0,no_charge
125900,1.0,3c,219.0,126,72,0.5753,no_charge
125400,4.0,3c,537.0,348,246,0.648,pays_without_alternative
113401,1.0,3c,381.0,249,249,0.6535,pays_without_alternative
113101,1.0,3c,648.0,372,372,0.5741,pays_without_alternative
112902,1.0,3c,219.0,144,144,0.6575,pays_without_alternative
113300,1.0,3c,885.0,492,492,0.5559,pays_without_alternative
141101,2.0,3c,480.0,363,285,0.7562,pays_without_alternative
141102,2.0,3c,273.0,213,186,0.7802,pays_without_alternative
157800,3.0,3c,795.0,444,444,0.5585,pays_without_alternative
158200,4.0,3c,891.0,504,504,0.5657,pays_without_alternative
133600,5.0,3c,702.0,681,306,0.9701,pays_with_alternative
134200,4.0,3c,639.0,567,336,0.8873,pays_without_alternative
132200,7.0,3c,645.0,552,357,0.8558,pays_without_alternative
135200,3.0,3c,390.0,339,261,0.8692,pays_without_alternative
131900,7.0,3c,402.0,339,237,0.8433,pays_without_alternative
139000,4.0,3c,444.0,423,171,0.9527,pays_with_alternative
137800,6.0,3c,465.0,357,162,0.7677,pays_with_alternative
137701,7.0,3c,123.0,114,57,0.9268,pays_without_alternative
139900,3.0,3c,669.0,663,375,0.991,pays_without_alternative
138400,3.0,3c,672.0,576,321,0.8571,pays_without_alternative
142101,5.0,3c,765.0,663,588,0.8667,pays_without_alternative
140400,8.0,3c,522.0,429,306,0.8218,pays_without_alternative
140700,10.0,3c,240.0,222,150,0.925,pays_without_alternative
139802,7.0,3c,327.0,273,246,0.8349,pays_without_alternative
139700,7.0,3c,669.0,603,384,0.9013,pays_without_alternative
140601,9.0,3c,237.0,225,165,0.9494,pays_without_alternative
141300,4.0,3c,606.0,597,480,0.9851,pays_without_alternative
142301,9.0,3c,459.0,447,384,0.9739,pays_without_alternative
139601,6.0,3c,555.0,444,405,0.8,pays_without_alternative
139801,7.0,3c,342.0,336,291,0.9825,pays_without_alternative
140300,6.0,3c,474.0,369,183,0.7785,pays_with_alternative
147201,8.0,3c,522.0,450,267,0.8621,pays_without_alternative
146501,7.0,3c,648.0,561,309,0.8657,pays_without_alternative
146201,7.0,3c,687.0,600,513,0.8734,pays_without_alternative
147202,8.0,3c,561.0,474,228,0.8449,pays_with_alternative
147700,,3c,0.0,0,0,0.0,no_charge
146000,5.0,3c,396.0,303,228,0.7652,pays_without_alternative
145300,6.0,3c,471.0,417,336,0.8854,pays_without_alternative
149500,10.0,3c,519.0,510,378,0.9827,pays_without_alternative
149100,8.0,3c,774.0,756,471,0.9767,pays_without_alternative
146600,7.0,3c,732.0,666,333,0.9098,pays_without_alternative
114500,2.0,3c,123.0,39,39,0.3171,no_charge
115300,2.0,3c,114.0,66,66,0.5789,pays_without_alternative
120000,2.0,3c,351.0,300,237,0.8547,pays_without_alternative
119500,2.0,3c,414.0,333,324,0.8043,pays_without_alternative
130700,2.0,3c,654.0,276,267,0.422,no_charge
133900,8.0,3c,30.0,21,0,0.7,pays_with_alternative
135600,8.0,3c,420.0,351,294,0.8357,pays_without_alternative
132300,8.0,3c,495.0,414,381,0.8364,pays_without_alternative
132600,8.0,3c,450.0,372,309,0.8267,pays_without_alternative
134900,8.0,3c,471.0,360,354,0.7643,pays_without_alternative
136501,7.0,3c,462.0,363,357,0.7857,pays_without_alternative
136502,6.0,3c,300.0,243,243,0.81,pays_without_alternative
138302,8.0,3c,393.0,360,330,0.916,pays_without_alternative
136601,7.0,3c,618.0,552,531,0.8932,pays_without_alternative
138301,6.0,3c,264.0,240,204,0.9091,pays_without_alternative
138501,7.0,3c,222.0,207,69,0.9324,pays_with_alternative
138502,3.0,3c,63.0,63,21,1.0,pays_with_alternative
118600,7.0,3c,75.0,21,6,0.28,no_charge
127100,7.0,3c,456.0,444,240,0.9737,pays_without_alternative
128200,1.0,3c,603.0,579,318,0.9602,pays_without_alternative
127300,3.0,3c,465.0,447,273,0.9613,pays_without_alternative
128101,3.0,3c,399.0,393,258,0.985,pays_without_alternative
117700,4.0,3c,720.0,702,444,0.975,pays_without_alternative
153700,2.0,3c,597.0,285,285,0.4774,no_charge
153900,2.0,3c,390.0,168,168,0.4308,no_charge
110201,7.0,3c,255.0,0,0,0.0,no_charge
114801,2.0,3c,210.0,159,159,0.7571,pays_without_alternative
142802,5.0,3c,471.0,402,312,0.8535,pays_without_alternative
142801,7.0,3c,375.0,375,270,1.0,pays_without_alternative
145000,7.0,3c,603.0,573,333,0.9502,pays_without_alternative
144300,7.0,3c,828.0,738,474,0.8913,pays_without_alternative
144101,5.0,3c,741.0,720,453,0.9717,pays_without_alternative
145500,8.0,3c,150.0,129,81,0.86,pays_without_alternative
164001,7.0,3c,726.0,720,606,0.9917,pays_without_alternative
140100,7.0,3c,486.0,306,231,0.6296,pays_without_alternative
139201,4.0,3c,504.0,396,168,0.7857,pays_with_alternative
145200,10.0,3c,420.0,408,225,0.9714,pays_without_alternative
130000,1.0,3c,309.0,201,201,0.6505,pays_without_alternative
113000,6.0,3c,447.0,165,165,0.3691,no_charge
112701,1.0,3c,783.0,333,333,0.4253,no_charge
112901,5.0,3c,456.0,150,150,0.3289,no_charge
112702,1.0,3c,90.0,51,51,0.5667,pays_without_alternative
158101,5.0,3c,1053.0,624,618,0.5926,pays_without_alternative
158601,5.0,3c,780.0,429,429,0.55,pays_without_alternative
157301,4.0,3c,447.0,234,234,0.5235,pays_without_alternative
158102,4.0,3c,1038.0,606,606,0.5838,pays_without_alternative
158603,2.0,3c,174.0,114,114,0.6552,pays_without_alternative
150101,10.0,3c,141.0,126,48,0.8936,pays_with_alternative
150900,9.0,3c,420.0,420,360,1.0,pays_without_alternative
149600,,3c,0.0,0,0,0.0,no_charge
150302,10.0,3c,297.0,291,162,0.9798,pays_without_alternative
150301,10.0,3c,252.0,243,144,0.9643,pays_without_alternative
151900,9.0,3c,618.0,609,312,0.9854,pays_without_alternative
151400,10.0,3c,558.0,525,363,0.9409,pays_without_alternative
154400,10.0,3c,345.0,210,192,0.6087,pays_without_alternative
155100,10.0,3c,627.0,369,348,0.5885,pays_without_alternative
155702,10.0,3c,453.0,294,219,0.649,pays_without_alternative
155701,10.0,3c,297.0,189,183,0.6364,pays_without_alternative
153500,10.0,3c,465.0,282,261,0.6065,pays_without_alternative
117600,4.0,3c,633.0,618,423,0.9763,pays_without_alternative
117800,4.0,3c,384.0,372,78,0.9688,pays_with_alternative
136801,7.0,3c,342.0,303,243,0.886,pays_without_alternative
135500,7.0,3c,531.0,480,420,0.904,pays_without_alternative
163100,6.0,3c,777.0,753,621,0.9691,pays_without_alternative
149800,7.0,3c,801.0,447,432,0.5581,pays_without_alternative
150700,7.0,3c,690.0,333,321,0.4826,no_charge
150500,6.0,3c,543.0,261,249,0.4807,no_charge
151500,7.0,3c,771.0,426,405,0.5525,pays_without_alternative
148102,6.0,3c,561.0,324,288,0.5775,pays_without_alternative
149001,8.0,3c,489.0,282,255,0.5767,pays_without_alternative
147100,8.0,3c,708.0,492,324,0.6949,pays_without_alternative
145400,9.0,3c,0.0,0,0,0.0,no_charge
146700,9.0,3c,21.0,15,0,0.7143,pays_with_alternative
163200,9.0,3c,639.0,564,453,0.8826,pays_without_alternative
163901,9.0,3c,540.0,531,531,0.9833,pays_without_alternative
163502,10.0,3c,483.0,471,399,0.9752,pays_without_alternative
164100,10.0,3c,6.0,6,6,1.0,pays_without_alternative
163501,10.0,3c,312.0,312,273,1.0,pays_without_alternative
163600,10.0,3c,378.0,369,282,0.9762,pays_without_alternative
163001,9.0,3c,714.0,705,576,0.9874,pays_without_alternative
163301,9.0,3c,345.0,345,285,1.0,pays_without_alternative
162800,8.0,3c,276.0,270,222,0.9783,pays_without_alternative
154902,8.0,3c,702.0,657,552,0.9359,pays_without_alternative
154901,8.0,3c,738.0,705,531,0.9553,pays_without_alternative
155602,9.0,3c,693.0,663,600,0.9567,pays_without_alternative
154001,9.0,3c,783.0,771,621,0.9847,pays_without_alternative
155601,9.0,3c,675.0,669,567,0.9911,pays_without_alternative
154801,9.0,3c,582.0,576,480,0.9897,pays_without_alternative
156201,8.0,3c,768.0,753,615,0.9805,pays_without_alternative
155901,9.0,3c,654.0,645,468,0.9862,pays_without_alternative
154802,9.0,3c,807.0,792,699,0.9814,pays_without_alternative
112200,8.0,3c,141.0,48,48,0.3404,no_charge
116601,5.0,3c,447.0,387,387,0.8658,pays_without_alternative
116300,2.0,3c,99.0,87,87,0.8788,pays_without_alternative
137400,3.0,3c,459.0,447,108,0.9739,pays_with_alternative
136400,5.0,3c,537.0,474,192,0.8827,pays_with_alternative
163801,1.0,3c,294.0,99,99,0.3367,no_charge
163803,3.0,3c,249.0,75,75,0.3012,no_charge
145900,6.0,3c,54.0,36,21,0.6667,pays_without_alternative
124100,4.0,3c,108.0,57,57,0.5278,pays_without_alternative
118501,4.0,3c,372.0,351,252,0.9435,pays_without_alternative
118502,5.0,3c,423.0,405,276,0.9574,pays_without_alternative
129902,5.0,3c,546.0,387,246,0.7088,pays_without_alternative
129901,1.0,3c,402.0,285,228,0.709,pays_without_alternative
129201,4.0,3c,411.0,300,264,0.7299,pays_without_alternative
146301,10.0,3c,222.0,117,111,0.527,pays_without_alternative
146302,10.0,3c,267.0,174,132,0.6517,pays_without_alternative
156301,2.0,3c,600.0,285,285,0.475,no_charge
131200,3.0,3c,465.0,339,138,0.729,pays_with_alternative
130400,4.0,3c,318.0,228,117,0.717,pays_without_alternative
157000,8.0,3c,543.0,531,324,0.9779,pays_without_alternative
156500,8.0,3c,918.0,906,654,0.9869,pays_without_alternative
156700,8.0,3c,486.0,477,354,0.9815,pays_without_alternative
111200,3.0,3c,900.0,228,228,0.2533,no_charge
166000,10.0,3c,15.0,0,0,0.0,no_charge
166100,6.0,3c,336.0,87,87,0.2589,no_charge
165301,7.0,3c,408.0,144,144,0.3529,no_charge
165302,10.0,3c,462.0,183,183,0.3961,no_charge
165502,5.0,3c,771.0,357,357,0.463,no_charge
165501,9.0,3c,924.0,354,354,0.3831,no_charge
165001,6.0,3c,309.0,51,51,0.165,no_charge
133301,8.0,3c,87.0,81,36,0.931,pays_with_alternative
133200,8.0,3c,12.0,12,12,1.0,pays_without_alternative
134100,8.0,3c,57.0,51,30,0.8947,pays_without_alternative
165101,2.0,3c,681.0,456,456,0.6696,pays_without_alternative
161000,8.0,3c,468.0,339,294,0.7244,pays_without_alternative
161300,10.0,3c,597.0,471,435,0.7889,pays_without_alternative
123800,9.0,3c,555.0,507,264,0.9135,pays_without_alternative
123000,9.0,3c,651.0,615,408,0.9447,pays_without_alternative
125000,8.0,3c,501.0,465,279,0.9281,pays_without_alternative
124200,7.0,3c,540.0,501,501,0.9278,pays_without_alternative
114000,3.0,3c,834.0,324,324,0.3885,no_charge
113900,2.0,3c,534.0,246,246,0.4607,no_charge
164201,10.0,3c,366.0,348,348,0.9508,pays_without_alternative
155200,4.0,3c,615.0,303,303,0.4927,no_charge
143100,3.0,3c,825.0,669,495,0.8109,pays_without_alternative
142400,1.0,3c,534.0,381,234,0.7135,pays_without_alternative
140500,1.0,3c,603.0,489,327,0.8109,pays_without_alternative
141000,4.0,3c,687.0,585,309,0.8515,pays_without_alternative
141600,1.0,3c,459.0,387,210,0.8431,pays_without_alternative
143900,3.0,3c,456.0,348,339,0.7632,pays_without_alternative
140000,2.0,3c,744.0,642,408,0.8629,pays_without_alternative
139400,2.0,3c,366.0,315,237,0.8607,pays_without_alternative
115901,1.0,3c,759.0,588,588,0.7747,pays_without_alternative
113700,,3c,0.0,0,0,0.0,no_charge
157200,10.0,3c,324.0,195,195,0.6019,pays_without_alternative
156800,10.0,3c,351.0,234,192,0.6667,pays_without_alternative
165800,6.0,3c,615.0,240,240,0.3902,no_charge
165700,7.0,3c,375.0,99,99,0.264,no_charge
128700,,3c,0.0,0,0,0.0,no_charge
163700,9.0,3c,846.0,819,669,0.9681,pays_without_alternative
119000,1.0,3c,537.0,426,426,0.7933,pays_without_alternative
160000,10.0,3c,765.0,759,588,0.9922,pays_without_alternative
159900,10.0,3c,561.0,534,435,0.9519,pays_without_alternative
121600,7.0,3c,909.0,885,786,0.9736,pays_without_alternative
122300,9.0,3c,654.0,645,558,0.9862,pays_without_alternative
143400,6.0,3c,486.0,468,228,0.963,pays_with_alternative
142600,5.0,3c,429.0,429,240,1.0,pays_without_alternative
164601,7.0,3c,60.0,45,45,0.75,pays_without_alternative
143000,1.0,3c,690.0,465,405,0.6739,pays_without_alternative
143500,2.0,3c,870.0,561,405,0.6448,pays_without_alternative
142700,1.0,3c,738.0,501,480,0.6789,pays_without_alternative
144500,6.0,3c,612.0,387,309,0.6324,pays_without_alternative
143700,2.0,3c,546.0,357,279,0.6538,pays_without_alternative
130200,2.0,3c,267.0,225,81,0.8427,pays_with_alternative
137000,8.0,3c,252.0,201,123,0.7976,pays_without_alternative
138200,7.0,3c,570.0,444,303,0.7789,pays_without_alternative
136300,5.0,3c,639.0,504,213,0.7887,pays_with_alternative
137600,5.0,3c,420.0,363,339,0.8643,pays_without_alternative
111400,1.0,3c,138.0,6,6,0.0435,no_charge
156601,3.0,3c,657.0,333,333,0.5068,pays_without_alternative
118400,2.0,3c,909.0,882,864,0.9703,pays_without_alternative
154300,1.0,3c,795.0,345,345,0.434,no_charge
133700,6.0,3c,36.0,36,15,1.0,pays_with_alternative
113800,6.0,3c,111.0,42,42,0.3784,no_charge
114101,4.0,3c,183.0,90,90,0.4918,no_charge
111700,5.0,3c,807.0,57,57,0.0706,no_charge
153800,2.0,3c,1026.0,501,501,0.4883,no_charge
110700,6.0,3c,489.0,159,159,0.3252,no_charge
135800,7.0,3c,198.0,189,114,0.9545,pays_without_alternative
131400,1.0,3c,243.0,48,48,0.1975,no_charge
115100,5.0,3c,570.0,192,192,0.3368,no_charge
114600,3.0,3c,549.0,174,174,0.3169,no_charge
114102,1.0,3c,129.0,75,75,0.5814,pays_without_alternative
145700,1.0,3c,351.0,252,237,0.7179,pays_without_alternative
144900,1.0,3c,393.0,252,246,0.6412,pays_without_alternative
126100,4.0,3c,486.0,453,267,0.9321,pays_without_alternative
126000,3.0,3c,627.0,588,450,0.9378,pays_without_alternative
155000,2.0,3c,759.0,288,288,0.3794,no_charge
149200,5.0,3c,705.0,366,348,0.5191,pays_without_alternative
148101,2.0,3c,390.0,186,186,0.4769,no_charge
121300,6.0,3c,573.0,555,117,0.9686,pays_with_alternative
121200,6.0,3c,501.0,495,138,0.988,pays_with_alternative
129101,7.0,3c,678.0,594,453,0.8761,pays_without_alternative
129000,8.0,3c,420.0,357,267,0.85,pays_without_alternative
150800,10.0,3c,663.0,645,516,0.9729,pays_without_alternative
122001,5.0,3c,777.0,726,726,0.9344,pays_without_alternative
121100,3.0,3c,471.0,381,381,0.8089,pays_without_alternative
147400,8.0,3c,0.0,0,0,0.0,no_charge
135900,9.0,3c,12.0,12,12,1.0,pays_without_alternative
135100,9.0,3c,21.0,21,9,1.0,pays_with_alternative
135300,9.0,3c,66.0,66,48,1.0,pays_without_alternative
162200,6.0,3c,117.0,93,84,0.7949,pays_without_alternative
162102,4.0,3c,885.0,873,750,0.9864,pays_without_alternative
161700,,3c,0.0,0,0,0.0,no_charge
162602,9.0,3c,417.0,417,375,1.0,pays_without_alternative
161600,9.0,3c,396.0,384,384,0.9697,pays_without_alternative
162101,6.0,3c,987.0,978,837,0.9909,pays_without_alternative
162601,5.0,3c,435.0,423,390,0.9724,pays_without_alternative
162000,10.0,3c,414.0,390,300,0.942,pays_without_alternative
126801,4.0,3c,432.0,273,165,0.6319,pays_without_alternative
128601,3.0,3c,351.0,198,132,0.5641,no_charge
126601,6.0,3c,468.0,327,186,0.6987,pays_without_alternative
164401,6.0,3c,588.0,135,135,0.2296,no_charge
147002,9.0,3c,189.0,108,99,0.5714,pays_without_alternative
147001,10.0,3c,339.0,207,165,0.6106,pays_without_alternative
116401,4.0,3c,288.0,195,195,0.6771,pays_without_alternative
111500,2.0,3c,297.0,9,9,0.0303,no_charge
124500,7.0,3c,630.0,573,543,0.9095,pays_without_alternative
125300,5.0,3c,507.0,477,315,0.9408,pays_without_alternative
123200,6.0,3c,747.0,726,660,0.9719,pays_without_alternative
124800,6.0,3c,921.0,894,810,0.9707,pays_without_alternative
127002,7.0,3c,609.0,591,387,0.9704,pays_without_alternative
126401,8.0,3c,567.0,558,339,0.9841,pays_without_alternative
127701,8.0,3c,363.0,351,282,0.9669,pays_without_alternative
128501,7.0,3c,630.0,609,354,0.9667,pays_without_alternative
127001,7.0,3c,702.0,669,384,0.953,pays_without_alternative
145600,6.0,3c,726.0,633,396,0.8719,pays_without_alternative
156400,1.0,3c,1164.0,495,495,0.4253,no_charge
159301,3.0,3c,984.0,771,747,0.7835,pays_without_alternative
135700,7.0,3c,18.0,18,0,1.0,pays_with_alternative
141201,3.0,3c,291.0,273,159,0.9381,pays_without_alternative
142001,6.0,3c,441.0,378,255,0.8571,pays_without_alternative
115400,2.0,3c,270.0,69,69,0.2556,no_charge
135401,2.0,3c,666.0,531,519,0.7973,pays_without_alternative
136700,1.0,3c,795.0,567,567,0.7132,pays_without_alternative
117202,2.0,3c,486.0,366,291,0.7531,pays_without_alternative
117201,4.0,3c,552.0,417,402,0.7554,pays_without_alternative
159000,6.0,3c,753.0,576,576,0.7649,pays_without_alternative
121500,5.0,3c,672.0,660,165,0.9821,pays_with_alternative
121901,6.0,3c,762.0,750,405,0.9843,pays_without_alternative
157101,2.0,3c,810.0,327,327,0.4037,no_charge
158900,1.0,3c,294.0,177,177,0.602,pays_without_alternative
163302,3.0,3c,543.0,435,414,0.8011,pays_without_alternative
120400,5.0,3c,768.0,747,207,0.9727,pays_with_alternative
119901,3.0,3c,528.0,516,279,0.9773,pays_without_alternative
132400,6.0,3c,234.0,225,105,0.9615,pays_with_alternative
114400,3.0,3c,555.0,213,213,0.3838,no_charge
114902,2.0,3c,408.0,114,114,0.2794,no_charge
117900,2.0,3c,786.0,567,468,0.7214,pays_without_alternative
127601,3.0,3c,339.0,282,282,0.8319,pays_without_alternative
164603,5.0,3c,414.0,363,363,0.8768,pays_without_alternative
112600,1.0,3c,330.0,174,174,0.5273,pays_without_alternative
142501,3.0,3c,399.0,390,372,0.9774,pays_without_alternative
134600,1.0,3c,462.0,345,345,0.7468,pays_without_alternative
114201,1.0,3c,177.0,108,108,0.6102,pays_without_alternative
112101,3.0,3c,282.0,117,117,0.4149,no_charge
113201,5.0,3c,303.0,141,141,0.4653,no_charge
123500,6.0,3c,0.0,0,0,0.0,no_charge
118001,4.0,3c,303.0,219,219,0.7228,pays_without_alternative
117100,3.0,3c,135.0,90,90,0.6667,pays_without_alternative
128000,6.0,3c,93.0,66,66,0.7097,pays_without_alternative
112500,2.0,3c,318.0,249,249,0.783,pays_without_alternative
164700,7.0,3c,249.0,66,66,0.2651,no_charge
164800,6.0,3c,369.0,78,78,0.2114,no_charge
111300,5.0,3c,921.0,123,123,0.1336,no_charge
111100,4.0,3c,501.0,33,33,0.0659,no_charge
131100,8.0,3c,726.0,711,507,0.9793,pays_without_alternative
161500,5.0,3c,453.0,426,399,0.9404,pays_without_alternative
161201,10.0,3c,519.0,513,369,0.9884,pays_without_alternative
161100,4.0,3c,930.0,867,825,0.9323,pays_without_alternative
110501,8.0,3c,369.0,15,15,0.0407,no_charge
139100,10.0,3c,174.0,150,135,0.8621,pays_without_alternative
138800,8.0,3c,0.0,0,0,0.0,no_charge
137901,10.0,3c,291.0,255,231,0.8763,pays_without_alternative
120301,3.0,3c,687.0,624,492,0.9083,pays_without_alternative
120701,3.0,3c,690.0,642,513,0.9304,pays_without_alternative
119800,9.0,3c,840.0,801,633,0.9536,pays_without_alternative
126901,4.0,3c,777.0,741,537,0.9537,pays_without_alternative
118800,,3c,0.0,0,0,0.0,no_charge
119600,6.0,3c,627.0,606,414,0.9665,pays_without_alternative
125500,5.0,3c,474.0,330,195,0.6962,pays_without_alternative
129800,2.0,3c,378.0,246,138,0.6508,pays_without_alternative
130300,3.0,3c,546.0,351,192,0.6429,no_charge
160202,9.0,3c,534.0,498,384,0.9326,pays_without_alternative
160501,10.0,3c,420.0,414,330,0.9857,pays_without_alternative
160700,9.0,3c,708.0,669,525,0.9449,pays_without_alternative
160201,9.0,3c,366.0,354,291,0.9672,pays_without_alternative
114901,4.0,3c,528.0,207,207,0.392,no_charge
117001,2.0,3c,1347.0,1134,1134,0.8419,pays_without_alternative
117002,5.0,3c,210.0,210,171,1.0,pays_without_alternative
119700,4.0,3c,186.0,177,150,0.9516,pays_without_alternative
158402,10.0,3c,324.0,315,309,0.9722,pays_without_alternative
158401,10.0,3c,396.0,387,387,0.9773,pays_without_alternative
157600,10.0,3c,36.0,27,27,0.75,pays_without_alternative
131300,2.0,3c,63.0,54,30,0.8571,pays_without_alternative
127200,8.0,3e,78.0,18,12,0.2308,no_charge
117300,7.0,3e,189.0,132,27,0.6984,pays_with_alternative
116701,3.0,3e,894.0,624,624,0.698,pays_without_alternative
118100,5.0,3e,666.0,645,180,0.9685,pays_with_alternative
117400,4.0,3e,402.0,339,255,0.8433,pays_without_alternative
160401,6.0,3e,834.0,54,54,0.0647,no_charge
165400,1.0,3e,603.0,57,57,0.0945,no_charge
134500,7.0,3e,84.0,9,9,0.1071,no_charge
153600,9.0,3e,396.0,0,0,0.0,no_charge
153200,9.0,3e,216.0,0,0,0.0,no_charge
154202,9.0,3e,477.0,12,12,0.0252,no_charge
154201,9.0,3e,582.0,6,6,0.0103,no_charge
112102,1.0,3e,0.0,0,0,0.0,no_charge
166400,2.0,3e,423.0,165,165,0.3901,no_charge
162300,5.0,3e,153.0,33,33,0.2157,no_charge
155401,6.0,3e,462.0,6,6,0.013,no_charge
116000,3.0,3e,204.0,48,48,0.2353,no_charge
147900,10.0,3e,60.0,0,0,0.0,no_charge
134800,8.0,3e,0.0,0,0,0.0,no_charge
133100,8.0,3e,396.0,204,102,0.5152,no_charge
132002,6.0,3e,387.0,219,141,0.5659,no_charge
132001,8.0,3e,480.0,357,258,0.7438,pays_without_alternative
130601,8.0,3e,726.0,531,408,0.7314,pays_without_alternative
135000,8.0,3e,834.0,387,276,0.464,no_charge
131700,9.0,3e,708.0,402,252,0.5678,no_charge
116801,3.0,3e,762.0,489,375,0.6417,pays_without_alternative
149901,7.0,3e,636.0,6,6,0.0094,no_charge
138100,5.0,3e,537.0,69,60,0.1285,no_charge
156901,5.0,3e,1074.0,27,27,0.0251,no_charge
129400,4.0,3e,453.0,45,45,0.0993,no_charge
121001,5.0,3e,873.0,258,258,0.2955,no_charge
122101,4.0,3e,696.0,201,201,0.2888,no_charge
121401,4.0,3e,468.0,141,141,0.3013,no_charge
122400,8.0,3e,729.0,189,189,0.2593,no_charge
123900,1.0,3e,606.0,126,126,0.2079,no_charge
121800,3.0,3e,681.0,141,141,0.207,no_charge
129300,4.0,3e,501.0,69,69,0.1377,no_charge
120101,5.0,3e,84.0,9,9,0.1071,no_charge
122802,5.0,3e,600.0,129,129,0.215,no_charge
122801,7.0,3e,402.0,105,105,0.2612,no_charge
124401,5.0,3e,795.0,204,204,0.2566,no_charge
126500,4.0,3e,450.0,102,102,0.2267,no_charge
125202,1.0,3e,237.0,57,57,0.2405,no_charge
127400,1.0,3e,531.0,84,84,0.1582,no_charge
125201,2.0,3e,408.0,93,93,0.2279,no_charge
137202,6.0,3e,519.0,132,117,0.2543,no_charge
139501,6.0,3e,363.0,51,51,0.1405,no_charge
137201,7.0,3e,423.0,120,105,0.2837,no_charge
138600,6.0,3e,396.0,75,75,0.1894,no_charge
138901,4.0,3e,519.0,78,72,0.1503,no_charge
166301,3.0,3e,462.0,225,225,0.487,no_charge
154600,,3e,0.0,0,0,0.0,no_charge
152900,4.0,3e,498.0,0,0,0.0,no_charge
152201,4.0,3e,846.0,6,6,0.0071,no_charge
156000,7.0,3e,6.0,0,0,0.0,no_charge
158602,2.0,3e,546.0,6,6,0.011,no_charge
118300,5.0,3e,579.0,300,240,0.5181,no_charge
118700,3.0,3e,582.0,399,336,0.6856,pays_without_alternative
118200,4.0,3e,921.0,789,657,0.8567,pays_without_alternative
166200,4.0,3e,273.0,21,21,0.0769,no_charge
148300,5.0,3e,333.0,0,0,0.0,no_charge
149701,5.0,3e,567.0,6,6,0.0106,no_charge
146400,3.0,3e,564.0,0,0,0.0,no_charge
149702,6.0,3e,312.0,0,0,0.0,no_charge
158800,10.0,3e,684.0,18,18,0.0263,no_charge
152500,4.0,3e,294.0,0,0,0.0,no_charge
122200,1.0,3e,537.0,63,63,0.1173,no_charge
165600,2.0,3e,387.0,69,69,0.1783,no_charge
110400,5.0,3e,690.0,18,18,0.0261,no_charge
123701,1.0,3e,441.0,24,24,0.0544,no_charge
123702,2.0,3e,327.0,24,24,0.0734,no_charge
157500,8.0,3e,747.0,0,0,0.0,no_charge
126300,2.0,3e,579.0,111,111,0.1917,no_charge
134000,1.0,3e,171.0,18,18,0.1053,no_charge
159401,3.0,3e,315.0,18,18,0.0571,no_charge
159700,10.0,3e,276.0,0,0,0.0,no_charge
158700,10.0,3e,552.0,15,15,0.0272,no_charge
159500,10.0,3e,570.0,21,21,0.0368,no_charge
162901,2.0,3e,282.0,33,33,0.117,no_charge
157702,10.0,3e,459.0,6,6,0.0131,no_charge
157701,10.0,3e,450.0,0,0,0.0,no_charge
157901,9.0,3e,609.0,12,12,0.0197,no_charge
165901,4.0,3e,660.0,21,21,0.0318,no_charge
115501,1.0,3e,342.0,156,156,0.4561,no_charge
153400,1.0,3e,1104.0,0,0,0.0,no_charge
131802,1.0,3e,0.0,0,0,0.0,no_charge
161900,9.0,3e,375.0,165,165,0.44,no_charge
161800,2.0,3e,891.0,117,105,0.1313,no_charge
113402,7.0,3e,261.0,129,129,0.4943,no_charge
115601,3.0,3e,255.0,168,168,0.6588,pays_without_alternative
113500,3.0,3e,234.0,117,117,0.5,pays_without_alternative
154701,2.0,3e,309.0,0,0,0.0,no_charge
155301,2.0,3e,342.0,6,6,0.0175,no_charge
133000,1.0,3e,333.0,18,18,0.0541,no_charge
154101,8.0,3e,603.0,18,18,0.0299,no_charge
110900,3.0,3e,291.0,15,15,0.0515,no_charge
158002,2.0,3e,507.0,15,15,0.0296,no_charge
158001,8.0,3e,522.0,12,12,0.023,no_charge
164302,9.0,3e,111.0,96,90,0.8649,pays_without_alternative
164602,2.0,3e,96.0,84,84,0.875,pays_without_alternative
164301,5.0,3e,99.0,93,93,0.9394,pays_without_alternative
152300,8.0,3e,21.0,0,0,0.0,no_charge
148000,3.0,3e,342.0,6,6,0.0175,no_charge
136200,3.0,3e,192.0,6,6,0.0312,no_charge
136001,4.0,3e,516.0,36,36,0.0698,no_charge
136900,5.0,3e,264.0,0,0,0.0,no_charge
143301,3.0,3e,594.0,12,12,0.0202,no_charge
144400,2.0,3e,675.0,12,12,0.0178,no_charge
144800,3.0,3e,516.0,9,9,0.0174,no_charge
144201,6.0,3e,0.0,0,0,0.0,no_charge
140200,5.0,3e,570.0,36,36,0.0632,no_charge
140800,4.0,3e,726.0,27,27,0.0372,no_charge
141500,5.0,3e,528.0,12,12,0.0227,no_charge
138700,6.0,3e,456.0,21,21,0.0461,no_charge
141700,3.0,3e,408.0,9,9,0.0221,no_charge
116900,4.0,3e,729.0,561,519,0.7695,pays_without_alternative
148401,2.0,3e,447.0,0,0,0.0,no_charge
149400,9.0,3e,804.0,0,0,0.0,no_charge
148200,10.0,3e,525.0,6,6,0.0114,no_charge
148600,10.0,3e,648.0,6,6,0.0093,no_charge
155801,10.0,3e,438.0,0,0,0.0,no_charge
123600,4.0,3e,759.0,201,201,0.2648,no_charge
122600,4.0,3e,465.0,54,18,0.1161,no_charge
123400,5.0,3e,771.0,222,222,0.2879,no_charge
131801,6.0,3e,381.0,24,24,0.063,no_charge
132900,8.0,3e,471.0,144,144,0.3057,no_charge
117500,4.0,3e,678.0,348,255,0.5133,no_charge
131500,7.0,3e,591.0,171,147,0.2893,no_charge
130902,4.0,3e,492.0,132,132,0.2683,no_charge
130801,9.0,3e,399.0,159,159,0.3985,no_charge
130100,7.0,3e,645.0,186,186,0.2884,no_charge
129600,8.0,3e,738.0,240,240,0.3252,no_charge
130901,7.0,3e,570.0,207,207,0.3632,no_charge
145800,9.0,3e,933.0,33,33,0.0354,no_charge
144700,9.0,3e,720.0,15,15,0.0208,no_charge
137100,9.0,3e,435.0,141,117,0.3241,no_charge
162400,4.0,3e,627.0,36,36,0.0574,no_charge
128902,8.0,3e,348.0,147,147,0.4224,no_charge
128901,7.0,3e,384.0,144,144,0.375,no_charge
129501,8.0,3e,564.0,192,192,0.3404,no_charge
144001,1.0,3e,681.0,9,9,0.0132,no_charge
145102,4.0,3e,234.0,0,0,0.0,no_charge
145101,2.0,3e,612.0,0,0,0.0,no_charge
124000,6.0,3e,939.0,192,192,0.2045,no_charge
124600,6.0,3e,435.0,117,117,0.269,no_charge
122700,6.0,3e,786.0,216,216,0.2748,no_charge
123300,4.0,3e,894.0,219,219,0.245,no_charge
123100,6.0,3e,636.0,186,186,0.2925,no_charge
153100,3.0,3e,516.0,0,0,0.0,no_charge
158502,6.0,3e,564.0,0,0,0.0,no_charge
158501,8.0,3e,300.0,6,6,0.02,no_charge
136100,6.0,3e,84.0,6,6,0.0714,no_charge
136002,4.0,3e,126.0,6,6,0.0476,no_charge
153000,10.0,3e,369.0,0,0,0.0,no_charge
137300,6.0,3e,174.0,33,33,0.1897,no_charge
138000,4.0,3e,459.0,102,102,0.2222,no_charge
119100,1.0,3e,705.0,108,108,0.1532,no_charge
119400,1.0,3e,390.0,183,183,0.4692,no_charge
118900,1.0,3e,804.0,99,99,0.1231,no_charge
142202,3.0,3e,375.0,6,6,0.016,no_charge
142201,4.0,3e,315.0,15,15,0.0476,no_charge
143800,5.0,3e,666.0,6,6,0.009,no_charge
132800,3.0,3e,639.0,45,45,0.0704,no_charge
133500,4.0,3e,195.0,27,27,0.1385,no_charge
131600,3.0,3e,486.0,48,48,0.0988,no_charge
132100,7.0,3e,447.0,42,42,0.094,no_charge
115700,1.0,3e,579.0,102,102,0.1762,no_charge
116200,3.0,3e,465.0,90,90,0.1935,no_charge
148800,5.0,3e,348.0,0,0,0.0,no_charge
149300,7.0,3e,645.0,0,0,0.0,no_charge
147800,2.0,3e,606.0,0,0,0.0,no_charge
164500,7.0,3e,555.0,9,9,0.0162,no_charge
150000,10.0,3e,672.0,0,0,0.0,no_charge
151200,10.0,3e,600.0,9,9,0.015,no_charge
163902,4.0,3e,117.0,66,66,0.5641,pays_without_alternative
112800,3.0,3e,288.0,66,66,0.2292,no_charge
128800,3.0,3e,894.0,93,93,0.104,no_charge
112401,6.0,3e,687.0,93,93,0.1354,no_charge
112301,4.0,3e,288.0,42,42,0.1458,no_charge
127500,9.0,3e,111.0,48,48,0.4324,no_charge
128401,8.0,3e,924.0,372,372,0.4026,no_charge
124301,9.0,3e,594.0,198,198,0.3333,no_charge
125100,6.0,3e,0.0,0,0,0.0,no_charge
125701,8.0,3e,570.0,186,186,0.3263,no_charge
124900,9.0,3e,597.0,189,189,0.3166,no_charge
126701,9.0,3e,219.0,69,69,0.3151,no_charge
127900,8.0,3e,354.0,150,150,0.4237,no_charge
124700,4.0,3e,195.0,30,30,0.1538,no_charge
127801,9.0,3e,426.0,108,108,0.2535,no_charge
126702,8.0,3e,471.0,171,171,0.3631,no_charge
129700,1.0,3e,471.0,57,57,0.121,no_charge
151301,6.0,3e,873.0,0,0,0.0,no_charge
126200,4.0,3e,867.0,180,180,0.2076,no_charge
125600,6.0,3e,684.0,141,141,0.2061,no_charge
125800,3.0,3e,747.0,144,144,0.1928,no_charge
159600,7.0,3e,552.0,21,15,0.038,no_charge
160300,7.0,3e,615.0,42,21,0.0683,no_charge
142901,5.0,3e,456.0,27,27,0.0592,no_charge
142002,5.0,3e,201.0,0,0,0.0,no_charge
143600,2.0,3e,639.0,42,42,0.0657,no_charge
158300,6.0,3e,1083.0,21,21,0.0194,no_charge
162500,3.0,3e,447.0,411,411,0.9195,pays_without_alternative
133400,9.0,3e,78.0,15,15,0.1923,no_charge
132700,8.0,3e,27.0,0,0,0.0,no_charge
133800,8.0,3e,21.0,0,0,0.0,no_charge
119201,3.0,3e,285.0,33,33,0.1158,no_charge
120201,1.0,3e,735.0,96,96,0.1306,no_charge
120202,1.0,3e,1272.0,153,153,0.1203,no_charge
120203,1.0,3e,612.0,135,135,0.2206,no_charge
159202,10.0,3e,546.0,9,9,0.0165,no_charge
159101,9.0,3e,588.0,33,24,0.0561,no_charge
159201,10.0,3e,366.0,9,9,0.0246,no_charge
152000,4.0,3e,825.0,0,0,0.0,no_charge
152400,4.0,3e,900.0,6,6,0.0067,no_charge
150400,5.0,3e,993.0,0,0,0.0,no_charge
154500,6.0,3e,399.0,0,0,0.0,no_charge
165200,2.0,3e,285.0,141,141,0.4947,no_charge
119301,,3e,0.0,0,0,0.0,no_charge
110800,6.0,3e,378.0,75,75,0.1984,no_charge
159801,2.0,3e,291.0,27,27,0.0928,no_charge
163400,1.0,3e,666.0,561,561,0.8423,pays_without_alternative
134302,7.0,3e,21.0,0,0,0.0,no_charge
134301,5.0,3e,42.0,6,6,0.1429,no_charge
111601,1.0,3e,153.0,69,69,0.451,no_charge
111602,2.0,3e,252.0,96,96,0.381,no_charge
134700,3.0,3e,540.0,171,171,0.3167,no_charge
162701,6.0,3e,384.0,42,42,0.1094,no_charge
130500,9.0,3e,489.0,189,189,0.3865,no_charge
131000,9.0,3e,495.0,162,162,0.3273,no_charge
164900,2.0,3e,213.0,0,0,0.0,no_charge
161400,5.0,3e,582.0,117,117,0.201,no_charge
134400,5.0,3e,564.0,60,51,0.1064,no_charge
113600,2.0,3e,501.0,171,171,0.3413,no_charge
141801,1.0,3e,366.0,12,12,0.0328,no_charge
141802,1.0,3e,333.0,9,9,0.027,no_charge
132501,2.0,3e,324.0,75,75,0.2315,no_charge
116101,6.0,3e,315.0,36,36,0.1143,no_charge
114701,5.0,3e,264.0,9,9,0.0341,no_charge
115001,1.0,3e,1278.0,102,102,0.0798,no_charge
115002,1.0,3e,450.0,42,42,0.0933,no_charge
137500,1.0,3e,375.0,96,96,0.256,no_charge
160601,10.0,3e,465.0,18,18,0.0387,no_charge
116500,1.0,3e,516.0,195,189,0.3779,no_charge
140901,5.0,3e,546.0,132,114,0.2418,no_charge
140902,3.0,3e,276.0,72,72,0.2609,no_charge
111901,4.0,3e,153.0,0,0,0.0,no_charge
120500,3.0,3e,531.0,228,0,0.4294,no_charge
120800,2.0,3e,552.0,240,240,0.4348,no_charge
146800,7.0,3e,585.0,18,18,0.0308,no_charge
146100,6.0,3e,786.0,33,33,0.042,no_charge
150200,10.0,3e,570.0,15,15,0.0263,no_charge
153301,8.0,3e,495.0,18,18,0.0364,no_charge
151600,10.0,3e,624.0,18,18,0.0288,no_charge
147500,8.0,3e,861.0,48,48,0.0557,no_charge
148501,10.0,3e,537.0,6,6,0.0112,no_charge
151000,10.0,3e,684.0,27,27,0.0395,no_charge
152800,8.0,3e,813.0,6,6,0.0074,no_charge
148901,10.0,3e,561.0,15,15,0.0267,no_charge
115800,4.0,3e,678.0,108,108,0.1593,no_charge
115200,3.0,3e,444.0,75,75,0.1689,no_charge
155500,9.0,3e,153.0,0,0,0.0,no_charge
160100,9.0,3e,705.0,27,27,0.0383,no_charge
160800,10.0,3e,501.0,24,18,0.0479,no_charge
160902,10.0,3e,357.0,15,15,0.042,no_charge
160901,9.0,3e,441.0,18,18,0.0408,no_charge
157400,1.0,3e,564.0,6,6,0.0106,no_charge
120600,8.0,3e,594.0,123,123,0.2071,no_charge
122501,8.0,3e,747.0,195,195,0.261,no_charge
117003,8.0,3e,15.0,0,0,0.0,no_charge
152101,9.0,3e,657.0,6,6,0.0091,no_charge
152600,9.0,3e,282.0,0,0,0.0,no_charge
151800,10.0,3e,705.0,9,9,0.0128,no_charge
120900,8.0,3e,600.0,75,75,0.125,no_charge
122901,8.0,3e,744.0,210,210,0.2823,no_charge
121701,7.0,3e,597.0,123,123,0.206,no_charge
139300,2.0,3e,471.0,27,27,0.0573,no_charge
128301,9.0,3e,621.0,222,222,0.3575,no_charge
143200,2.0,3e,537.0,0,0,0.0,no_charge
141900,2.0,3e,444.0,0,0,0.0,no_charge
150600,1.0,3e,948.0,0,0,0.0,no_charge
156101,3.0,3e,606.0,0,0,0.0,no_charge
152700,,3e,12.0,0,0,0.0,no_charge
125900,1.0,3e,219.0,48,48,0.2192,no_charge
125400,4.0,3e,537.0,111,111,0.2067,no_charge
113401,1.0,3e,381.0,222,222,0.5827,pays_without_alternative
113101,1.0,3e,648.0,285,285,0.4398,no_charge
112902,1.0,3e,219.0,111,111,0.5068,pays_without_alternative
113300,1.0,3e,885.0,399,399,0.4508,no_charge
141101,2.0,3e,480.0,15,15,0.0312,no_charge
141102,2.0,3e,273.0,6,6,0.022,no_charge
157800,3.0,3e,795.0,6,6,0.0075,no_charge
158200,4.0,3e,891.0,9,9,0.0101,no_charge
133600,5.0,3e,702.0,126,126,0.1795,no_charge
134200,4.0,3e,639.0,120,96,0.1878,no_charge
132200,7.0,3e,645.0,177,153,0.2744,no_charge
135200,3.0,3e,390.0,381,261,0.9769,pays_without_alternative
131900,7.0,3e,402.0,180,174,0.4478,no_charge
139000,4.0,3e,444.0,24,24,0.0541,no_charge
137800,6.0,3e,465.0,39,39,0.0839,no_charge
137701,7.0,3e,123.0,0,0,0.0,no_charge
139900,3.0,3e,669.0,36,36,0.0538,no_charge
138400,3.0,3e,672.0,42,42,0.0625,no_charge
142101,5.0,3e,765.0,102,96,0.1333,no_charge
140400,8.0,3e,522.0,225,129,0.431,no_charge
140700,10.0,3e,240.0,51,24,0.2125,no_charge
139802,7.0,3e,327.0,48,48,0.1468,no_charge
139700,7.0,3e,669.0,645,384,0.9641,pays_without_alternative
140601,9.0,3e,237.0,39,39,0.1646,no_charge
141300,4.0,3e,606.0,189,168,0.3119,no_charge
142301,9.0,3e,459.0,120,108,0.2614,no_charge
139601,6.0,3e,555.0,84,84,0.1514,no_charge
139801,7.0,3e,342.0,84,84,0.2456,no_charge
140300,6.0,3e,474.0,36,36,0.0759,no_charge
147201,8.0,3e,522.0,0,0,0.0,no_charge
146501,7.0,3e,648.0,9,9,0.0139,no_charge
146201,7.0,3e,687.0,18,18,0.0262,no_charge
147202,8.0,3e,561.0,0,0,0.0,no_charge
147700,,3e,0.0,0,0,0.0,no_charge
146000,5.0,3e,396.0,0,0,0.0,no_charge
145300,6.0,3e,471.0,15,15,0.0318,no_charge
149500,10.0,3e,519.0,9,9,0.0173,no_charge
149100,8.0,3e,774.0,18,18,0.0233,no_charge
146600,7.0,3e,732.0,12,12,0.0164,no_charge
114500,2.0,3e,123.0,0,0,0.0,no_charge
115300,2.0,3e,114.0,9,9,0.0789,no_charge
120000,2.0,3e,351.0,159,126,0.453,no_charge
119500,2.0,3e,414.0,213,204,0.5145,pays_without_alternative
130700,2.0,3e,654.0,66,66,0.1009,no_charge
133900,8.0,3e,30.0,9,0,0.3,no_charge
135600,8.0,3e,420.0,138,114,0.3286,no_charge
132300,8.0,3e,495.0,165,165,0.3333,no_charge
132600,8.0,3e,450.0,126,126,0.28,no_charge
134900,8.0,3e,471.0,117,117,0.2484,no_charge
136501,7.0,3e,462.0,150,150,0.3247,no_charge
136502,6.0,3e,300.0,69,69,0.23,no_charge
138302,8.0,3e,393.0,60,60,0.1527,no_charge
136601,7.0,3e,618.0,213,213,0.3447,no_charge
138301,6.0,3e,264.0,39,33,0.1477,no_charge
138501,7.0,3e,222.0,6,6,0.027,no_charge
138502,3.0,3e,63.0,0,0,0.0,no_charge
118600,7.0,3e,75.0,21,6,0.28,no_charge
127100,7.0,3e,456.0,108,108,0.2368,no_charge
128200,1.0,3e,603.0,72,72,0.1194,no_charge
127300,3.0,3e,465.0,69,69,0.1484,no_charge
128101,3.0,3e,399.0,66,66,0.1654,no_charge
117700,4.0,3e,720.0,510,324,0.7083,pays_without_alternative
153700,2.0,3e,597.0,9,9,0.0151,no_charge
153900,2.0,3e,390.0,0,0,0.0,no_charge
110201,7.0,3e,255.0,0,0,0.0,no_charge
114801,2.0,3e,210.0,120,120,0.5714,pays_without_alternative
142802,5.0,3e,471.0,0,0,0.0,no_charge
142801,7.0,3e,375.0,6,6,0.016,no_charge
145000,7.0,3e,603.0,12,12,0.0199,no_charge
144300,7.0,3e,828.0,24,24,0.029,no_charge
144101,5.0,3e,741.0,30,30,0.0405,no_charge
145500,8.0,3e,150.0,0,0,0.0,no_charge
164001,7.0,3e,726.0,720,606,0.9917,pays_without_alternative
140100,7.0,3e,486.0,9,9,0.0185,no_charge
139201,4.0,3e,504.0,21,21,0.0417,no_charge
145200,10.0,3e,420.0,18,18,0.0429,no_charge
130000,1.0,3e,309.0,54,54,0.1748,no_charge
113000,6.0,3e,447.0,108,108,0.2416,no_charge
112701,1.0,3e,783.0,261,261,0.3333,no_charge
112901,5.0,3e,456.0,129,129,0.2829,no_charge
112702,1.0,3e,90.0,36,36,0.4,no_charge
158101,5.0,3e,1053.0,24,24,0.0228,no_charge
158601,5.0,3e,780.0,24,24,0.0308,no_charge
157301,4.0,3e,447.0,9,9,0.0201,no_charge
158102,4.0,3e,1038.0,42,42,0.0405,no_charge
158603,2.0,3e,174.0,6,6,0.0345,no_charge
150101,10.0,3e,141.0,0,0,0.0,no_charge
150900,9.0,3e,420.0,0,0,0.0,no_charge
149600,,3e,0.0,0,0,0.0,no_charge
150302,10.0,3e,297.0,0,0,0.0,no_charge
150301,10.0,3e,252.0,0,0,0.0,no_charge
151900,9.0,3e,618.0,21,21,0.034,no_charge
151400,10.0,3e,558.0,18,18,0.0323,no_charge
154400,10.0,3e,345.0,0,0,0.0,no_charge
155100,10.0,3e,627.0,0,0,0.0,no_charge
155702,10.0,3e,453.0,0,0,0.0,no_charge
155701,10.0,3e,297.0,0,0,0.0,no_charge
153500,10.0,3e,465.0,6,6,0.0129,no_charge
117600,4.0,3e,633.0,618,423,0.9763,pays_without_alternative
117800,4.0,3e,384.0,372,78,0.9688,pays_with_alternative
136801,7.0,3e,342.0,120,96,0.3509,no_charge
135500,7.0,3e,531.0,411,345,0.774,pays_without_alternative
163100,6.0,3e,777.0,501,501,0.6448,pays_without_alternative
149800,7.0,3e,801.0,15,15,0.0187,no_charge
150700,7.0,3e,690.0,6,6,0.0087,no_charge
150500,6.0,3e,543.0,0,0,0.0,no_charge
151500,7.0,3e,771.0,6,6,0.0078,no_charge
148102,6.0,3e,561.0,9,9,0.016,no_charge
149001,8.0,3e,489.0,6,6,0.0123,no_charge
147100,8.0,3e,708.0,15,15,0.0212,no_charge
145400,9.0,3e,0.0,0,0,0.0,no_charge
146700,9.0,3e,21.0,0,0,0.0,no_charge
163200,9.0,3e,639.0,321,297,0.5023,no_charge
163901,9.0,3e,540.0,387,387,0.7167,pays_without_alternative
163502,10.0,3e,483.0,390,318,0.8075,pays_without_alternative
164100,10.0,3e,6.0,6,6,1.0,pays_without_alternative
163501,10.0,3e,312.0,312,273,1.0,pays_without_alternative
163600,10.0,3e,378.0,249,243,0.6587,pays_without_alternative
163001,9.0,3e,714.0,384,372,0.5378,pays_without_alternative
163301,9.0,3e,345.0,285,285,0.8261,pays_without_alternative
162800,8.0,3e,276.0,144,144,0.5217,pays_without_alternative
154902,8.0,3e,702.0,9,9,0.0128,no_charge
154901,8.0,3e,738.0,0,0,0.0,no_charge
155602,9.0,3e,693.0,18,18,0.026,no_charge
154001,9.0,3e,783.0,9,9,0.0115,no_charge
155601,9.0,3e,675.0,6,6,0.0089,no_charge
154801,9.0,3e,582.0,15,15,0.0258,no_charge
156201,8.0,3e,768.0,15,15,0.0195,no_charge
155901,9.0,3e,654.0,12,12,0.0183,no_charge
154802,9.0,3e,807.0,27,27,0.0335,no_charge
112200,8.0,3e,141.0,27,27,0.1915,no_charge
116601,5.0,3e,447.0,87,87,0.1946,no_charge
116300,2.0,3e,99.0,0,0,0.0,no_charge
137400,3.0,3e,459.0,9,9,0.0196,no_charge
136400,5.0,3e,537.0,27,27,0.0503,no_charge
163801,1.0,3e,294.0,21,21,0.0714,no_charge
163803,3.0,3e,249.0,0,0,0.0,no_charge
145900,6.0,3e,54.0,0,0,0.0,no_charge
124100,4.0,3e,108.0,12,12,0.1111,no_charge
118501,4.0,3e,372.0,351,252,0.9435,pays_without_alternative
118502,5.0,3e,423.0,405,276,0.9574,pays_without_alternative
129902,5.0,3e,546.0,525,252,0.9615,pays_with_alternative
129901,1.0,3e,402.0,99,75,0.2463,no_charge
129201,4.0,3e,411.0,375,285,0.9124,pays_without_alternative
146301,10.0,3e,222.0,0,0,0.0,no_charge
146302,10.0,3e,267.0,6,6,0.0225,no_charge
156301,2.0,3e,600.0,0,0,0.0,no_charge
131200,3.0,3e,465.0,27,27,0.0581,no_charge
130400,4.0,3e,318.0,30,30,0.0943,no_charge
157000,8.0,3e,543.0,6,6,0.011,no_charge
156500,8.0,3e,918.0,12,12,0.0131,no_charge
156700,8.0,3e,486.0,6,6,0.0123,no_charge
111200,3.0,3e,900.0,186,186,0.2067,no_charge
166000,10.0,3e,15.0,0,0,0.0,no_charge
166100,6.0,3e,336.0,9,9,0.0268,no_charge
165301,7.0,3e,408.0,36,36,0.0882,no_charge
165302,10.0,3e,462.0,42,42,0.0909,no_charge
165502,5.0,3e,771.0,51,51,0.0661,no_charge
165501,9.0,3e,924.0,96,96,0.1039,no_charge
165001,6.0,3e,309.0,6,6,0.0194,no_charge
133301,8.0,3e,87.0,6,6,0.069,no_charge
133200,8.0,3e,12.0,6,6,0.5,pays_without_alternative
134100,8.0,3e,57.0,6,6,0.1053,no_charge
165101,2.0,3e,681.0,234,234,0.3436,no_charge
161000,8.0,3e,468.0,60,30,0.1282,no_charge
161300,10.0,3e,597.0,60,36,0.1005,no_charge
123800,9.0,3e,555.0,180,180,0.3243,no_charge
123000,9.0,3e,651.0,195,195,0.2995,no_charge
125000,8.0,3e,501.0,210,210,0.4192,no_charge
124200,7.0,3e,540.0,171,171,0.3167,no_charge
114000,3.0,3e,834.0,207,207,0.2482,no_charge
113900,2.0,3e,534.0,216,216,0.4045,no_charge
164201,10.0,3e,366.0,270,270,0.7377,pays_without_alternative
155200,4.0,3e,615.0,0,0,0.0,no_charge
143100,3.0,3e,825.0,24,24,0.0291,no_charge
142400,1.0,3e,534.0,0,0,0.0,no_charge
140500,1.0,3e,603.0,21,21,0.0348,no_charge
141000,4.0,3e,687.0,15,15,0.0218,no_charge
141600,1.0,3e,459.0,6,6,0.0131,no_charge
143900,3.0,3e,456.0,9,9,0.0197,no_charge
140000,2.0,3e,744.0,18,18,0.0242,no_charge
139400,2.0,3e,366.0,18,18,0.0492,no_charge
115901,1.0,3e,759.0,57,57,0.0751,no_charge
113700,,3e,0.0,0,0,0.0,no_charge
157200,10.0,3e,324.0,0,0,0.0,no_charge
156800,10.0,3e,351.0,0,0,0.0,no_charge
165800,6.0,3e,615.0,75,75,0.122,no_charge
165700,7.0,3e,375.0,9,9,0.024,no_charge
128700,,3e,0.0,0,0,0.0,no_charge
163700,9.0,3e,846.0,672,657,0.7943,pays_without_alternative
119000,1.0,3e,537.0,225,225,0.419,no_charge
160000,10.0,3e,765.0,30,30,0.0392,no_charge
159900,10.0,3e,561.0,24,24,0.0428,no_charge
121600,7.0,3e,909.0,234,234,0.2574,no_charge
122300,9.0,3e,654.0,225,225,0.344,no_charge
143400,6.0,3e,486.0,18,18,0.037,no_charge
142600,5.0,3e,429.0,18,18,0.042,no_charge
164601,7.0,3e,60.0,33,33,0.55,pays_without_alternative
143000,1.0,3e,690.0,18,18,0.0261,no_charge
143500,2.0,3e,870.0,15,15,0.0172,no_charge
142700,1.0,3e,738.0,9,9,0.0122,no_charge
144500,6.0,3e,612.0,15,15,0.0245,no_charge
143700,2.0,3e,546.0,9,9,0.0165,no_charge
130200,2.0,3e,267.0,9,9,0.0337,no_charge
137000,8.0,3e,252.0,48,33,0.1905,no_charge
138200,7.0,3e,570.0,159,135,0.2789,no_charge
136300,5.0,3e,639.0,60,54,0.0939,no_charge
137600,5.0,3e,420.0,102,102,0.2429,no_charge
111400,1.0,3e,138.0,6,6,0.0435,no_charge
156601,3.0,3e,657.0,0,0,0.0,no_charge
118400,2.0,3e,909.0,162,162,0.1782,no_charge
154300,1.0,3e,795.0,21,21,0.0264,no_charge
133700,6.0,3e,36.0,0,0,0.0,no_charge
113800,6.0,3e,111.0,30,30,0.2703,no_charge
114101,4.0,3e,183.0,81,81,0.4426,no_charge
111700,5.0,3e,807.0,42,42,0.052,no_charge
153800,2.0,3e,1026.0,9,9,0.0088,no_charge
110700,6.0,3e,489.0,54,54,0.1104,no_charge
135800,7.0,3e,198.0,54,54,0.2727,no_charge
131400,1.0,3e,243.0,15,15,0.0617,no_charge
115100,5.0,3e,570.0,111,111,0.1947,no_charge
114600,3.0,3e,549.0,102,102,0.1858,no_charge
114102,1.0,3e,129.0,63,63,0.4884,no_charge
145700,1.0,3e,351.0,0,0,0.0,no_charge
144900,1.0,3e,393.0,0,0,0.0,no_charge
126100,4.0,3e,486.0,153,153,0.3148,no_charge
126000,3.0,3e,627.0,192,192,0.3062,no_charge
155000,2.0,3e,759.0,6,6,0.0079,no_charge
149200,5.0,3e,705.0,6,6,0.0085,no_charge
148101,2.0,3e,390.0,0,0,0.0,no_charge
121300,6.0,3e,573.0,108,36,0.1885,no_charge
121200,6.0,3e,501.0,189,27,0.3772,no_charge
129101,7.0,3e,678.0,201,201,0.2965,no_charge
129000,8.0,3e,420.0,126,126,0.3,no_charge
150800,10.0,3e,663.0,9,9,0.0136,no_charge
122001,5.0,3e,777.0,222,222,0.2857,no_charge
121100,3.0,3e,471.0,102,102,0.2166,no_charge
147400,8.0,3e,0.0,0,0,0.0,no_charge
135900,9.0,3e,12.0,0,0,0.0,no_charge
135100,9.0,3e,21.0,0,0,0.0,no_charge
135300,9.0,3e,66.0,12,12,0.1818,no_charge
162200,6.0,3e,117.0,36,36,0.3077,no_charge
162102,4.0,3e,885.0,405,327,0.4576,no_charge
161700,,3e,0.0,0,0,0.0,no_charge
162602,9.0,3e,417.0,375,375,0.8993,pays_without_alternative
161600,9.0,3e,396.0,75,75,0.1894,no_charge
162101,6.0,3e,987.0,978,837,0.9909,pays_without_alternative
162601,5.0,3e,435.0,423,390,0.9724,pays_without_alternative
162000,10.0,3e,414.0,342,300,0.8261,pays_without_alternative
126801,4.0,3e,432.0,81,81,0.1875,no_charge
128601,3.0,3e,351.0,60,60,0.1709,no_charge
126601,6.0,3e,468.0,108,87,0.2308,no_charge
164401,6.0,3e,588.0,27,27,0.0459,no_charge
147002,9.0,3e,189.0,0,0,0.0,no_charge
147001,10.0,3e,339.0,0,0,0.0,no_charge
116401,4.0,3e,288.0,24,24,0.0833,no_charge
111500,2.0,3e,297.0,9,9,0.0303,no_charge
124500,7.0,3e,630.0,192,192,0.3048,no_charge
125300,5.0,3e,507.0,135,99,0.2663,no_charge
123200,6.0,3e,747.0,243,243,0.3253,no_charge
124800,6.0,3e,921.0,243,243,0.2638,no_charge
127002,7.0,3e,609.0,318,318,0.5222,pays_without_alternative
126401,8.0,3e,567.0,291,261,0.5132,no_charge
127701,8.0,3e,363.0,168,168,0.4628,no_charge
128501,7.0,3e,630.0,249,249,0.3952,no_charge
127001,7.0,3e,702.0,393,342,0.5598,pays_without_alternative
145600,6.0,3e,726.0,18,18,0.0248,no_charge
156400,1.0,3e,1164.0,12,12,0.0103,no_charge
159301,3.0,3e,984.0,84,84,0.0854,no_charge
135700,7.0,3e,18.0,0,0,0.0,no_charge
141201,3.0,3e,291.0,6,6,0.0206,no_charge
142001,6.0,3e,441.0,48,36,0.1088,no_charge
115400,2.0,3e,270.0,39,39,0.1444,no_charge
135401,2.0,3e,666.0,186,186,0.2793,no_charge
136700,1.0,3e,795.0,216,216,0.2717,no_charge
117202,2.0,3e,486.0,243,174,0.5,no_charge
117201,4.0,3e,552.0,288,282,0.5217,pays_without_alternative
159000,6.0,3e,753.0,36,36,0.0478,no_charge
121500,5.0,3e,672.0,219,24,0.3259,no_charge
121901,6.0,3e,762.0,228,186,0.2992,no_charge
157101,2.0,3e,810.0,6,6,0.0074,no_charge
158900,1.0,3e,294.0,6,6,0.0204,no_charge
163302,3.0,3e,543.0,279,258,0.5138,no_charge
120400,5.0,3e,768.0,747,207,0.9727,pays_with_alternative
119901,3.0,3e,528.0,516,279,0.9773,pays_without_alternative
132400,6.0,3e,234.0,21,21,0.0897,no_charge
114400,3.0,3e,555.0,147,147,0.2649,no_charge
114902,2.0,3e,408.0,72,72,0.1765,no_charge
117900,2.0,3e,786.0,306,219,0.3893,no_charge
127601,3.0,3e,339.0,90,90,0.2655,no_charge
164603,5.0,3e,414.0,363,363,0.8768,pays_without_alternative
112600,1.0,3e,330.0,48,48,0.1455,no_charge
142501,3.0,3e,399.0,75,75,0.188,no_charge
134600,1.0,3e,462.0,156,156,0.3377,no_charge
114201,1.0,3e,177.0,9,9,0.0508,no_charge
112101,3.0,3e,282.0,87,87,0.3085,no_charge
113201,5.0,3e,303.0,30,30,0.099,no_charge
123500,6.0,3e,0.0,0,0,0.0,no_charge
118001,4.0,3e,303.0,39,39,0.1287,no_charge
117100,3.0,3e,135.0,24,24,0.1778,no_charge
128000,6.0,3e,93.0,24,24,0.2581,no_charge
112500,2.0,3e,318.0,126,126,0.3962,no_charge
164700,7.0,3e,249.0,6,6,0.0241,no_charge
164800,6.0,3e,369.0,6,6,0.0163,no_charge
111300,5.0,3e,921.0,84,84,0.0912,no_charge
111100,4.0,3e,501.0,27,27,0.0539,no_charge
131100,8.0,3e,726.0,711,507,0.9793,pays_without_alternative
161500,5.0,3e,453.0,9,9,0.0199,no_charge
161201,10.0,3e,519.0,24,24,0.0462,no_charge
161100,4.0,3e,930.0,69,69,0.0742,no_charge
110501,8.0,3e,369.0,9,9,0.0244,no_charge
139100,10.0,3e,174.0,105,99,0.6034,pays_without_alternative
138800,8.0,3e,0.0,0,0,0.0,no_charge
137901,10.0,3e,291.0,105,96,0.3608,no_charge
120301,3.0,3e,687.0,81,81,0.1179,no_charge
120701,3.0,3e,690.0,93,93,0.1348,no_charge
119800,9.0,3e,840.0,159,159,0.1893,no_charge
126901,4.0,3e,777.0,243,243,0.3127,no_charge
118800,,3e,0.0,0,0,0.0,no_charge
119600,6.0,3e,627.0,108,108,0.1722,no_charge
125500,5.0,3e,474.0,102,84,0.2152,no_charge
129800,2.0,3e,378.0,33,33,0.0873,no_charge
130300,3.0,3e,546.0,72,66,0.1319,no_charge
160202,9.0,3e,534.0,6,6,0.0112,no_charge
160501,10.0,3e,420.0,12,12,0.0286,no_charge
160700,9.0,3e,708.0,9,9,0.0127,no_charge
160201,9.0,3e,366.0,6,6,0.0164,no_charge
114901,4.0,3e,528.0,117,117,0.2216,no_charge
117001,2.0,3e,1347.0,141,141,0.1047,no_charge
117002,5.0,3e,210.0,27,27,0.1286,no_charge
119700,4.0,3e,186.0,177,150,0.9516,pays_without_alternative
158402,10.0,3e,324.0,6,0,0.0185,no_charge
158401,10.0,3e,396.0,12,12,0.0303,no_charge
157600,10.0,3e,36.0,0,0,0.0,no_charge
131300,2.0,3e,63.0,9,9,0.1429,no_charge
